
-- ----------------------------
-- Sequence structure for account_account_id_seq
-- ----------------------------
DROP SEQUENCE IF EXISTS "public"."account_account_id_seq";
CREATE SEQUENCE "public"."account_account_id_seq"
 INCREMENT 1
 MINVALUE 1
 MAXVALUE 9223372036854775807
 START 1
 CACHE 1;

-- ----------------------------
-- Sequence structure for action_action_id_seq
-- ----------------------------
DROP SEQUENCE IF EXISTS "public"."action_action_id_seq";
CREATE SEQUENCE "public"."action_action_id_seq"
 INCREMENT 1
 MINVALUE 1
 MAXVALUE 9223372036854775807
 START 1
 CACHE 1;

-- ----------------------------
-- Sequence structure for apartment_type_apartment_type_id_seq
-- ----------------------------
DROP SEQUENCE IF EXISTS "public"."apartment_type_apartment_type_id_seq";
CREATE SEQUENCE "public"."apartment_type_apartment_type_id_seq"
 INCREMENT 1
 MINVALUE 1
 MAXVALUE 9223372036854775807
 START 1
 CACHE 1;

-- ----------------------------
-- Sequence structure for building_building_id_seq
-- ----------------------------
DROP SEQUENCE IF EXISTS "public"."building_building_id_seq";
CREATE SEQUENCE "public"."building_building_id_seq"
 INCREMENT 1
 MINVALUE 1
 MAXVALUE 9223372036854775807
 START 1
 CACHE 1;

-- ----------------------------
-- Sequence structure for document_document_id_seq
-- ----------------------------
DROP SEQUENCE IF EXISTS "public"."document_document_id_seq";
CREATE SEQUENCE "public"."document_document_id_seq"
 INCREMENT 1
 MINVALUE 1
 MAXVALUE 9223372036854775807
 START 1
 CACHE 1;

-- ----------------------------
-- Sequence structure for document_type_document_type_id_seq
-- ----------------------------
DROP SEQUENCE IF EXISTS "public"."document_type_document_type_id_seq";
CREATE SEQUENCE "public"."document_type_document_type_id_seq"
 INCREMENT 1
 MINVALUE 1
 MAXVALUE 9223372036854775807
 START 1
 CACHE 1;

-- ----------------------------
-- Sequence structure for employee_employee_id_seq
-- ----------------------------
DROP SEQUENCE IF EXISTS "public"."employee_employee_id_seq";
CREATE SEQUENCE "public"."employee_employee_id_seq"
 INCREMENT 1
 MINVALUE 1
 MAXVALUE 9223372036854775807
 START 1
 CACHE 1;

-- ----------------------------
-- Sequence structure for employee_role_employee_role_id_seq
-- ----------------------------
DROP SEQUENCE IF EXISTS "public"."employee_role_employee_role_id_seq";
CREATE SEQUENCE "public"."employee_role_employee_role_id_seq"
 INCREMENT 1
 MINVALUE 1
 MAXVALUE 9223372036854775807
 START 1
 CACHE 1;

-- ----------------------------
-- Sequence structure for entry_check_machine_ecm_id_seq
-- ----------------------------
DROP SEQUENCE IF EXISTS "public"."entry_check_machine_ecm_id_seq";
CREATE SEQUENCE "public"."entry_check_machine_ecm_id_seq"
 INCREMENT 1
 MINVALUE 1
 MAXVALUE 9223372036854775807
 START 1
 CACHE 1;

-- ----------------------------
-- Sequence structure for entry_permission_entry_permission_id_seq
-- ----------------------------
DROP SEQUENCE IF EXISTS "public"."entry_permission_entry_permission_id_seq";
CREATE SEQUENCE "public"."entry_permission_entry_permission_id_seq"
 INCREMENT 1
 MINVALUE 1
 MAXVALUE 9223372036854775807
 START 1
 CACHE 1;

-- ----------------------------
-- Sequence structure for entry_permission_set_ep_set_id_seq
-- ----------------------------
DROP SEQUENCE IF EXISTS "public"."entry_permission_set_ep_set_id_seq";
CREATE SEQUENCE "public"."entry_permission_set_ep_set_id_seq"
 INCREMENT 1
 MINVALUE 1
 MAXVALUE 9223372036854775807
 START 1
 CACHE 1;

-- ----------------------------
-- Sequence structure for guest_guest_id_seq
-- ----------------------------
DROP SEQUENCE IF EXISTS "public"."guest_guest_id_seq";
CREATE SEQUENCE "public"."guest_guest_id_seq"
 INCREMENT 1
 MINVALUE 1
 MAXVALUE 9223372036854775807
 START 1
 CACHE 1;

-- ----------------------------
-- Sequence structure for operations_log_id_seq
-- ----------------------------
DROP SEQUENCE IF EXISTS "public"."operations_log_id_seq";
CREATE SEQUENCE "public"."operations_log_id_seq"
 INCREMENT 1
 MINVALUE 1
 MAXVALUE 9223372036854775807
 START 1
 CACHE 1;

-- ----------------------------
-- Sequence structure for permission_set_permission_set_id_seq
-- ----------------------------
DROP SEQUENCE IF EXISTS "public"."permission_set_permission_set_id_seq";
CREATE SEQUENCE "public"."permission_set_permission_set_id_seq"
 INCREMENT 1
 MINVALUE 1
 MAXVALUE 9223372036854775807
 START 1
 CACHE 1;

-- ----------------------------
-- Sequence structure for person_person_id_seq
-- ----------------------------
DROP SEQUENCE IF EXISTS "public"."person_person_id_seq";
CREATE SEQUENCE "public"."person_person_id_seq"
 INCREMENT 1
 MINVALUE 1
 MAXVALUE 9223372036854775807
 START 1
 CACHE 1;

-- ----------------------------
-- Sequence structure for student_student_id_seq
-- ----------------------------
DROP SEQUENCE IF EXISTS "public"."student_student_id_seq";
CREATE SEQUENCE "public"."student_student_id_seq"
 INCREMENT 1
 MINVALUE 1
 MAXVALUE 9223372036854775807
 START 1
 CACHE 1;

-- ----------------------------
-- Sequence structure for transaction_transaction_id_seq
-- ----------------------------
DROP SEQUENCE IF EXISTS "public"."transaction_transaction_id_seq";
CREATE SEQUENCE "public"."transaction_transaction_id_seq"
 INCREMENT 1
 MINVALUE 1
 MAXVALUE 9223372036854775807
 START 1
 CACHE 1;

-- ----------------------------
-- Sequence structure for transaction_type_transaction_type_id_seq
-- ----------------------------
DROP SEQUENCE IF EXISTS "public"."transaction_type_transaction_type_id_seq";
CREATE SEQUENCE "public"."transaction_type_transaction_type_id_seq"
 INCREMENT 1
 MINVALUE 1
 MAXVALUE 9223372036854775807
 START 1
 CACHE 1;

-- ----------------------------
-- Sequence structure for users_users_id_seq
-- ----------------------------
DROP SEQUENCE IF EXISTS "public"."users_users_id_seq";
CREATE SEQUENCE "public"."users_users_id_seq"
 INCREMENT 1
 MINVALUE 1
 MAXVALUE 9223372036854775807
 START 1
 CACHE 1;

-- ----------------------------
-- Table structure for account
-- ----------------------------
DROP TABLE IF EXISTS "public"."account";
CREATE TABLE "public"."account" (
"account_id" int4 DEFAULT nextval('account_account_id_seq'::regclass) NOT NULL,
"person_id" int4 NOT NULL
)
WITH (OIDS=FALSE)

;

-- ----------------------------
-- Records of account
-- ----------------------------
INSERT INTO "public"."account" VALUES ('1', '2');
INSERT INTO "public"."account" VALUES ('2', '12');
INSERT INTO "public"."account" VALUES ('3', '5');
INSERT INTO "public"."account" VALUES ('4', '15');
INSERT INTO "public"."account" VALUES ('5', '11');
INSERT INTO "public"."account" VALUES ('6', '3');
INSERT INTO "public"."account" VALUES ('7', '16');
INSERT INTO "public"."account" VALUES ('8', '20');
INSERT INTO "public"."account" VALUES ('9', '6');
INSERT INTO "public"."account" VALUES ('10', '8');

-- ----------------------------
-- Table structure for action
-- ----------------------------
DROP TABLE IF EXISTS "public"."action";
CREATE TABLE "public"."action" (
"action_id" int4 DEFAULT nextval('action_action_id_seq'::regclass) NOT NULL,
"action_name" varchar(50) COLLATE "default" NOT NULL
)
WITH (OIDS=FALSE)

;

-- ----------------------------
-- Records of action
-- ----------------------------

-- ----------------------------
-- Table structure for apartment
-- ----------------------------
DROP TABLE IF EXISTS "public"."apartment";
CREATE TABLE "public"."apartment" (
"building_id" int4 NOT NULL,
"apartment_number" int4 NOT NULL,
"apartment_type_id" int4 NOT NULL
)
WITH (OIDS=FALSE)

;

-- ----------------------------
-- Records of apartment
-- ----------------------------
INSERT INTO "public"."apartment" VALUES ('1', '100', '3');
INSERT INTO "public"."apartment" VALUES ('1', '101', '2');
INSERT INTO "public"."apartment" VALUES ('1', '102', '3');
INSERT INTO "public"."apartment" VALUES ('1', '103', '1');
INSERT INTO "public"."apartment" VALUES ('1', '104', '1');
INSERT INTO "public"."apartment" VALUES ('1', '105', '3');
INSERT INTO "public"."apartment" VALUES ('1', '106', '2');
INSERT INTO "public"."apartment" VALUES ('1', '107', '2');
INSERT INTO "public"."apartment" VALUES ('1', '108', '3');
INSERT INTO "public"."apartment" VALUES ('1', '109', '3');
INSERT INTO "public"."apartment" VALUES ('1', '110', '3');
INSERT INTO "public"."apartment" VALUES ('1', '111', '2');
INSERT INTO "public"."apartment" VALUES ('1', '112', '3');
INSERT INTO "public"."apartment" VALUES ('1', '113', '3');
INSERT INTO "public"."apartment" VALUES ('1', '114', '1');
INSERT INTO "public"."apartment" VALUES ('1', '115', '3');
INSERT INTO "public"."apartment" VALUES ('1', '116', '2');
INSERT INTO "public"."apartment" VALUES ('1', '117', '2');
INSERT INTO "public"."apartment" VALUES ('1', '118', '3');
INSERT INTO "public"."apartment" VALUES ('1', '119', '3');
INSERT INTO "public"."apartment" VALUES ('1', '120', '3');
INSERT INTO "public"."apartment" VALUES ('1', '121', '1');
INSERT INTO "public"."apartment" VALUES ('1', '200', '2');
INSERT INTO "public"."apartment" VALUES ('1', '201', '3');
INSERT INTO "public"."apartment" VALUES ('1', '202', '3');
INSERT INTO "public"."apartment" VALUES ('1', '203', '3');
INSERT INTO "public"."apartment" VALUES ('1', '204', '1');
INSERT INTO "public"."apartment" VALUES ('1', '205', '1');
INSERT INTO "public"."apartment" VALUES ('1', '206', '1');
INSERT INTO "public"."apartment" VALUES ('1', '207', '3');
INSERT INTO "public"."apartment" VALUES ('1', '208', '1');
INSERT INTO "public"."apartment" VALUES ('1', '209', '2');
INSERT INTO "public"."apartment" VALUES ('1', '210', '1');
INSERT INTO "public"."apartment" VALUES ('1', '211', '3');
INSERT INTO "public"."apartment" VALUES ('1', '212', '1');
INSERT INTO "public"."apartment" VALUES ('1', '213', '3');
INSERT INTO "public"."apartment" VALUES ('1', '214', '2');
INSERT INTO "public"."apartment" VALUES ('1', '215', '1');
INSERT INTO "public"."apartment" VALUES ('1', '216', '3');
INSERT INTO "public"."apartment" VALUES ('1', '217', '2');
INSERT INTO "public"."apartment" VALUES ('1', '218', '3');
INSERT INTO "public"."apartment" VALUES ('1', '219', '3');
INSERT INTO "public"."apartment" VALUES ('1', '220', '2');
INSERT INTO "public"."apartment" VALUES ('1', '221', '1');
INSERT INTO "public"."apartment" VALUES ('1', '300', '3');
INSERT INTO "public"."apartment" VALUES ('1', '301', '2');
INSERT INTO "public"."apartment" VALUES ('1', '302', '1');
INSERT INTO "public"."apartment" VALUES ('1', '303', '3');
INSERT INTO "public"."apartment" VALUES ('1', '304', '2');
INSERT INTO "public"."apartment" VALUES ('1', '305', '1');
INSERT INTO "public"."apartment" VALUES ('1', '306', '3');
INSERT INTO "public"."apartment" VALUES ('1', '307', '2');
INSERT INTO "public"."apartment" VALUES ('1', '308', '1');
INSERT INTO "public"."apartment" VALUES ('1', '309', '1');
INSERT INTO "public"."apartment" VALUES ('1', '310', '2');
INSERT INTO "public"."apartment" VALUES ('1', '311', '1');
INSERT INTO "public"."apartment" VALUES ('1', '312', '3');
INSERT INTO "public"."apartment" VALUES ('1', '313', '3');
INSERT INTO "public"."apartment" VALUES ('1', '314', '2');
INSERT INTO "public"."apartment" VALUES ('1', '315', '2');
INSERT INTO "public"."apartment" VALUES ('1', '316', '2');
INSERT INTO "public"."apartment" VALUES ('1', '317', '2');
INSERT INTO "public"."apartment" VALUES ('1', '318', '1');
INSERT INTO "public"."apartment" VALUES ('1', '319', '2');
INSERT INTO "public"."apartment" VALUES ('1', '320', '1');
INSERT INTO "public"."apartment" VALUES ('1', '321', '1');
INSERT INTO "public"."apartment" VALUES ('1', '400', '3');
INSERT INTO "public"."apartment" VALUES ('1', '401', '2');
INSERT INTO "public"."apartment" VALUES ('1', '402', '2');
INSERT INTO "public"."apartment" VALUES ('1', '403', '2');
INSERT INTO "public"."apartment" VALUES ('1', '404', '1');
INSERT INTO "public"."apartment" VALUES ('1', '405', '1');
INSERT INTO "public"."apartment" VALUES ('1', '406', '2');
INSERT INTO "public"."apartment" VALUES ('1', '407', '1');
INSERT INTO "public"."apartment" VALUES ('1', '408', '1');
INSERT INTO "public"."apartment" VALUES ('1', '409', '3');
INSERT INTO "public"."apartment" VALUES ('1', '410', '2');
INSERT INTO "public"."apartment" VALUES ('1', '411', '2');
INSERT INTO "public"."apartment" VALUES ('1', '412', '1');
INSERT INTO "public"."apartment" VALUES ('1', '413', '1');
INSERT INTO "public"."apartment" VALUES ('1', '414', '3');
INSERT INTO "public"."apartment" VALUES ('1', '415', '2');
INSERT INTO "public"."apartment" VALUES ('1', '416', '2');
INSERT INTO "public"."apartment" VALUES ('1', '417', '2');
INSERT INTO "public"."apartment" VALUES ('1', '418', '3');
INSERT INTO "public"."apartment" VALUES ('1', '419', '3');
INSERT INTO "public"."apartment" VALUES ('1', '420', '3');
INSERT INTO "public"."apartment" VALUES ('1', '421', '3');
INSERT INTO "public"."apartment" VALUES ('2', '100', '2');
INSERT INTO "public"."apartment" VALUES ('2', '101', '2');
INSERT INTO "public"."apartment" VALUES ('2', '102', '3');
INSERT INTO "public"."apartment" VALUES ('2', '103', '1');
INSERT INTO "public"."apartment" VALUES ('2', '104', '3');
INSERT INTO "public"."apartment" VALUES ('2', '105', '1');
INSERT INTO "public"."apartment" VALUES ('2', '106', '3');
INSERT INTO "public"."apartment" VALUES ('2', '107', '3');
INSERT INTO "public"."apartment" VALUES ('2', '108', '2');
INSERT INTO "public"."apartment" VALUES ('2', '109', '2');
INSERT INTO "public"."apartment" VALUES ('2', '110', '2');
INSERT INTO "public"."apartment" VALUES ('2', '111', '1');
INSERT INTO "public"."apartment" VALUES ('2', '112', '1');
INSERT INTO "public"."apartment" VALUES ('2', '113', '3');
INSERT INTO "public"."apartment" VALUES ('2', '114', '3');
INSERT INTO "public"."apartment" VALUES ('2', '115', '2');
INSERT INTO "public"."apartment" VALUES ('2', '116', '1');
INSERT INTO "public"."apartment" VALUES ('2', '117', '2');
INSERT INTO "public"."apartment" VALUES ('2', '118', '1');
INSERT INTO "public"."apartment" VALUES ('2', '119', '1');
INSERT INTO "public"."apartment" VALUES ('2', '120', '3');
INSERT INTO "public"."apartment" VALUES ('2', '121', '1');
INSERT INTO "public"."apartment" VALUES ('2', '200', '2');
INSERT INTO "public"."apartment" VALUES ('2', '201', '1');
INSERT INTO "public"."apartment" VALUES ('2', '202', '3');
INSERT INTO "public"."apartment" VALUES ('2', '203', '2');
INSERT INTO "public"."apartment" VALUES ('2', '204', '1');
INSERT INTO "public"."apartment" VALUES ('2', '205', '3');
INSERT INTO "public"."apartment" VALUES ('2', '206', '2');
INSERT INTO "public"."apartment" VALUES ('2', '207', '2');
INSERT INTO "public"."apartment" VALUES ('2', '208', '1');
INSERT INTO "public"."apartment" VALUES ('2', '209', '3');
INSERT INTO "public"."apartment" VALUES ('2', '210', '1');
INSERT INTO "public"."apartment" VALUES ('2', '211', '1');
INSERT INTO "public"."apartment" VALUES ('2', '212', '2');
INSERT INTO "public"."apartment" VALUES ('2', '213', '1');
INSERT INTO "public"."apartment" VALUES ('2', '214', '3');
INSERT INTO "public"."apartment" VALUES ('2', '215', '3');
INSERT INTO "public"."apartment" VALUES ('2', '216', '1');
INSERT INTO "public"."apartment" VALUES ('2', '217', '1');
INSERT INTO "public"."apartment" VALUES ('2', '218', '1');
INSERT INTO "public"."apartment" VALUES ('2', '219', '3');
INSERT INTO "public"."apartment" VALUES ('2', '220', '2');
INSERT INTO "public"."apartment" VALUES ('2', '221', '1');
INSERT INTO "public"."apartment" VALUES ('2', '300', '3');
INSERT INTO "public"."apartment" VALUES ('2', '301', '3');
INSERT INTO "public"."apartment" VALUES ('2', '302', '3');
INSERT INTO "public"."apartment" VALUES ('2', '303', '2');
INSERT INTO "public"."apartment" VALUES ('2', '304', '3');
INSERT INTO "public"."apartment" VALUES ('2', '305', '2');
INSERT INTO "public"."apartment" VALUES ('2', '306', '2');
INSERT INTO "public"."apartment" VALUES ('2', '307', '1');
INSERT INTO "public"."apartment" VALUES ('2', '308', '1');
INSERT INTO "public"."apartment" VALUES ('2', '309', '1');
INSERT INTO "public"."apartment" VALUES ('2', '310', '1');
INSERT INTO "public"."apartment" VALUES ('2', '311', '2');
INSERT INTO "public"."apartment" VALUES ('2', '312', '2');
INSERT INTO "public"."apartment" VALUES ('2', '313', '2');
INSERT INTO "public"."apartment" VALUES ('2', '314', '1');
INSERT INTO "public"."apartment" VALUES ('2', '315', '3');
INSERT INTO "public"."apartment" VALUES ('2', '316', '3');
INSERT INTO "public"."apartment" VALUES ('2', '317', '3');
INSERT INTO "public"."apartment" VALUES ('2', '318', '2');
INSERT INTO "public"."apartment" VALUES ('2', '319', '1');
INSERT INTO "public"."apartment" VALUES ('2', '320', '1');
INSERT INTO "public"."apartment" VALUES ('2', '321', '2');
INSERT INTO "public"."apartment" VALUES ('2', '400', '3');
INSERT INTO "public"."apartment" VALUES ('2', '401', '3');
INSERT INTO "public"."apartment" VALUES ('2', '402', '2');
INSERT INTO "public"."apartment" VALUES ('2', '403', '1');
INSERT INTO "public"."apartment" VALUES ('2', '404', '2');
INSERT INTO "public"."apartment" VALUES ('2', '405', '2');
INSERT INTO "public"."apartment" VALUES ('2', '406', '2');
INSERT INTO "public"."apartment" VALUES ('2', '407', '1');
INSERT INTO "public"."apartment" VALUES ('2', '408', '2');
INSERT INTO "public"."apartment" VALUES ('2', '409', '3');
INSERT INTO "public"."apartment" VALUES ('2', '410', '2');
INSERT INTO "public"."apartment" VALUES ('2', '411', '3');
INSERT INTO "public"."apartment" VALUES ('2', '412', '3');
INSERT INTO "public"."apartment" VALUES ('2', '413', '1');
INSERT INTO "public"."apartment" VALUES ('2', '414', '1');
INSERT INTO "public"."apartment" VALUES ('2', '415', '3');
INSERT INTO "public"."apartment" VALUES ('2', '416', '2');
INSERT INTO "public"."apartment" VALUES ('2', '417', '2');
INSERT INTO "public"."apartment" VALUES ('2', '418', '1');
INSERT INTO "public"."apartment" VALUES ('2', '419', '1');
INSERT INTO "public"."apartment" VALUES ('2', '420', '2');
INSERT INTO "public"."apartment" VALUES ('2', '421', '1');
INSERT INTO "public"."apartment" VALUES ('3', '100', '1');
INSERT INTO "public"."apartment" VALUES ('3', '101', '2');
INSERT INTO "public"."apartment" VALUES ('3', '102', '3');
INSERT INTO "public"."apartment" VALUES ('3', '103', '1');
INSERT INTO "public"."apartment" VALUES ('3', '104', '3');
INSERT INTO "public"."apartment" VALUES ('3', '105', '3');
INSERT INTO "public"."apartment" VALUES ('3', '106', '1');
INSERT INTO "public"."apartment" VALUES ('3', '107', '2');
INSERT INTO "public"."apartment" VALUES ('3', '108', '3');
INSERT INTO "public"."apartment" VALUES ('3', '109', '1');
INSERT INTO "public"."apartment" VALUES ('3', '110', '3');
INSERT INTO "public"."apartment" VALUES ('3', '111', '1');
INSERT INTO "public"."apartment" VALUES ('3', '112', '3');
INSERT INTO "public"."apartment" VALUES ('3', '113', '2');
INSERT INTO "public"."apartment" VALUES ('3', '114', '3');
INSERT INTO "public"."apartment" VALUES ('3', '115', '1');
INSERT INTO "public"."apartment" VALUES ('3', '116', '1');
INSERT INTO "public"."apartment" VALUES ('3', '117', '2');
INSERT INTO "public"."apartment" VALUES ('3', '118', '3');
INSERT INTO "public"."apartment" VALUES ('3', '119', '2');
INSERT INTO "public"."apartment" VALUES ('3', '120', '1');
INSERT INTO "public"."apartment" VALUES ('3', '121', '1');
INSERT INTO "public"."apartment" VALUES ('3', '200', '1');
INSERT INTO "public"."apartment" VALUES ('3', '201', '3');
INSERT INTO "public"."apartment" VALUES ('3', '202', '1');
INSERT INTO "public"."apartment" VALUES ('3', '203', '1');
INSERT INTO "public"."apartment" VALUES ('3', '204', '2');
INSERT INTO "public"."apartment" VALUES ('3', '205', '3');
INSERT INTO "public"."apartment" VALUES ('3', '206', '1');
INSERT INTO "public"."apartment" VALUES ('3', '207', '1');
INSERT INTO "public"."apartment" VALUES ('3', '208', '2');
INSERT INTO "public"."apartment" VALUES ('3', '209', '3');
INSERT INTO "public"."apartment" VALUES ('3', '210', '1');
INSERT INTO "public"."apartment" VALUES ('3', '211', '3');
INSERT INTO "public"."apartment" VALUES ('3', '212', '1');
INSERT INTO "public"."apartment" VALUES ('3', '213', '2');
INSERT INTO "public"."apartment" VALUES ('3', '214', '2');
INSERT INTO "public"."apartment" VALUES ('3', '215', '2');
INSERT INTO "public"."apartment" VALUES ('3', '216', '3');
INSERT INTO "public"."apartment" VALUES ('3', '217', '3');
INSERT INTO "public"."apartment" VALUES ('3', '218', '1');
INSERT INTO "public"."apartment" VALUES ('3', '219', '3');
INSERT INTO "public"."apartment" VALUES ('3', '220', '3');
INSERT INTO "public"."apartment" VALUES ('3', '221', '2');
INSERT INTO "public"."apartment" VALUES ('3', '300', '2');
INSERT INTO "public"."apartment" VALUES ('3', '301', '1');
INSERT INTO "public"."apartment" VALUES ('3', '302', '3');
INSERT INTO "public"."apartment" VALUES ('3', '303', '3');
INSERT INTO "public"."apartment" VALUES ('3', '304', '3');
INSERT INTO "public"."apartment" VALUES ('3', '305', '2');
INSERT INTO "public"."apartment" VALUES ('3', '306', '2');
INSERT INTO "public"."apartment" VALUES ('3', '307', '2');
INSERT INTO "public"."apartment" VALUES ('3', '308', '3');
INSERT INTO "public"."apartment" VALUES ('3', '309', '2');
INSERT INTO "public"."apartment" VALUES ('3', '310', '2');
INSERT INTO "public"."apartment" VALUES ('3', '311', '3');
INSERT INTO "public"."apartment" VALUES ('3', '312', '3');
INSERT INTO "public"."apartment" VALUES ('3', '313', '2');
INSERT INTO "public"."apartment" VALUES ('3', '314', '1');
INSERT INTO "public"."apartment" VALUES ('3', '315', '2');
INSERT INTO "public"."apartment" VALUES ('3', '316', '1');
INSERT INTO "public"."apartment" VALUES ('3', '317', '3');
INSERT INTO "public"."apartment" VALUES ('3', '318', '2');
INSERT INTO "public"."apartment" VALUES ('3', '319', '3');
INSERT INTO "public"."apartment" VALUES ('3', '320', '1');
INSERT INTO "public"."apartment" VALUES ('3', '321', '1');
INSERT INTO "public"."apartment" VALUES ('3', '400', '2');
INSERT INTO "public"."apartment" VALUES ('3', '401', '1');
INSERT INTO "public"."apartment" VALUES ('3', '402', '3');
INSERT INTO "public"."apartment" VALUES ('3', '403', '1');
INSERT INTO "public"."apartment" VALUES ('3', '404', '1');
INSERT INTO "public"."apartment" VALUES ('3', '405', '3');
INSERT INTO "public"."apartment" VALUES ('3', '406', '3');
INSERT INTO "public"."apartment" VALUES ('3', '407', '2');
INSERT INTO "public"."apartment" VALUES ('3', '408', '1');
INSERT INTO "public"."apartment" VALUES ('3', '409', '3');
INSERT INTO "public"."apartment" VALUES ('3', '410', '1');
INSERT INTO "public"."apartment" VALUES ('3', '411', '3');
INSERT INTO "public"."apartment" VALUES ('3', '412', '2');
INSERT INTO "public"."apartment" VALUES ('3', '413', '3');
INSERT INTO "public"."apartment" VALUES ('3', '414', '3');
INSERT INTO "public"."apartment" VALUES ('3', '415', '3');
INSERT INTO "public"."apartment" VALUES ('3', '416', '3');
INSERT INTO "public"."apartment" VALUES ('3', '417', '1');
INSERT INTO "public"."apartment" VALUES ('3', '418', '2');
INSERT INTO "public"."apartment" VALUES ('3', '419', '2');
INSERT INTO "public"."apartment" VALUES ('3', '420', '3');
INSERT INTO "public"."apartment" VALUES ('3', '421', '2');
INSERT INTO "public"."apartment" VALUES ('4', '100', '1');
INSERT INTO "public"."apartment" VALUES ('4', '101', '3');
INSERT INTO "public"."apartment" VALUES ('4', '102', '3');
INSERT INTO "public"."apartment" VALUES ('4', '103', '3');
INSERT INTO "public"."apartment" VALUES ('4', '104', '1');
INSERT INTO "public"."apartment" VALUES ('4', '105', '3');
INSERT INTO "public"."apartment" VALUES ('4', '106', '2');
INSERT INTO "public"."apartment" VALUES ('4', '107', '2');
INSERT INTO "public"."apartment" VALUES ('4', '108', '1');
INSERT INTO "public"."apartment" VALUES ('4', '109', '1');
INSERT INTO "public"."apartment" VALUES ('4', '110', '3');
INSERT INTO "public"."apartment" VALUES ('4', '111', '3');
INSERT INTO "public"."apartment" VALUES ('4', '112', '2');
INSERT INTO "public"."apartment" VALUES ('4', '113', '3');
INSERT INTO "public"."apartment" VALUES ('4', '114', '2');
INSERT INTO "public"."apartment" VALUES ('4', '115', '2');
INSERT INTO "public"."apartment" VALUES ('4', '116', '2');
INSERT INTO "public"."apartment" VALUES ('4', '117', '2');
INSERT INTO "public"."apartment" VALUES ('4', '118', '2');
INSERT INTO "public"."apartment" VALUES ('4', '119', '3');
INSERT INTO "public"."apartment" VALUES ('4', '120', '2');
INSERT INTO "public"."apartment" VALUES ('4', '121', '1');
INSERT INTO "public"."apartment" VALUES ('4', '200', '1');
INSERT INTO "public"."apartment" VALUES ('4', '201', '2');
INSERT INTO "public"."apartment" VALUES ('4', '202', '3');
INSERT INTO "public"."apartment" VALUES ('4', '203', '3');
INSERT INTO "public"."apartment" VALUES ('4', '204', '3');
INSERT INTO "public"."apartment" VALUES ('4', '205', '3');
INSERT INTO "public"."apartment" VALUES ('4', '206', '3');
INSERT INTO "public"."apartment" VALUES ('4', '207', '2');
INSERT INTO "public"."apartment" VALUES ('4', '208', '3');
INSERT INTO "public"."apartment" VALUES ('4', '209', '1');
INSERT INTO "public"."apartment" VALUES ('4', '210', '1');
INSERT INTO "public"."apartment" VALUES ('4', '211', '2');
INSERT INTO "public"."apartment" VALUES ('4', '212', '2');
INSERT INTO "public"."apartment" VALUES ('4', '213', '3');
INSERT INTO "public"."apartment" VALUES ('4', '214', '1');
INSERT INTO "public"."apartment" VALUES ('4', '215', '3');
INSERT INTO "public"."apartment" VALUES ('4', '216', '1');
INSERT INTO "public"."apartment" VALUES ('4', '217', '1');
INSERT INTO "public"."apartment" VALUES ('4', '218', '1');
INSERT INTO "public"."apartment" VALUES ('4', '219', '2');
INSERT INTO "public"."apartment" VALUES ('4', '220', '2');
INSERT INTO "public"."apartment" VALUES ('4', '221', '3');
INSERT INTO "public"."apartment" VALUES ('4', '300', '1');
INSERT INTO "public"."apartment" VALUES ('4', '301', '1');
INSERT INTO "public"."apartment" VALUES ('4', '302', '1');
INSERT INTO "public"."apartment" VALUES ('4', '303', '3');
INSERT INTO "public"."apartment" VALUES ('4', '304', '3');
INSERT INTO "public"."apartment" VALUES ('4', '305', '2');
INSERT INTO "public"."apartment" VALUES ('4', '306', '1');
INSERT INTO "public"."apartment" VALUES ('4', '307', '2');
INSERT INTO "public"."apartment" VALUES ('4', '308', '3');
INSERT INTO "public"."apartment" VALUES ('4', '309', '2');
INSERT INTO "public"."apartment" VALUES ('4', '310', '3');
INSERT INTO "public"."apartment" VALUES ('4', '311', '2');
INSERT INTO "public"."apartment" VALUES ('4', '312', '2');
INSERT INTO "public"."apartment" VALUES ('4', '313', '2');
INSERT INTO "public"."apartment" VALUES ('4', '314', '1');
INSERT INTO "public"."apartment" VALUES ('4', '315', '3');
INSERT INTO "public"."apartment" VALUES ('4', '316', '1');
INSERT INTO "public"."apartment" VALUES ('4', '317', '1');
INSERT INTO "public"."apartment" VALUES ('4', '318', '3');
INSERT INTO "public"."apartment" VALUES ('4', '319', '3');
INSERT INTO "public"."apartment" VALUES ('4', '320', '1');
INSERT INTO "public"."apartment" VALUES ('4', '321', '3');
INSERT INTO "public"."apartment" VALUES ('4', '400', '1');
INSERT INTO "public"."apartment" VALUES ('4', '401', '3');
INSERT INTO "public"."apartment" VALUES ('4', '402', '1');
INSERT INTO "public"."apartment" VALUES ('4', '403', '2');
INSERT INTO "public"."apartment" VALUES ('4', '404', '3');
INSERT INTO "public"."apartment" VALUES ('4', '405', '3');
INSERT INTO "public"."apartment" VALUES ('4', '406', '3');
INSERT INTO "public"."apartment" VALUES ('4', '407', '2');
INSERT INTO "public"."apartment" VALUES ('4', '408', '1');
INSERT INTO "public"."apartment" VALUES ('4', '409', '3');
INSERT INTO "public"."apartment" VALUES ('4', '410', '2');
INSERT INTO "public"."apartment" VALUES ('4', '411', '3');
INSERT INTO "public"."apartment" VALUES ('4', '412', '3');
INSERT INTO "public"."apartment" VALUES ('4', '413', '3');
INSERT INTO "public"."apartment" VALUES ('4', '414', '3');
INSERT INTO "public"."apartment" VALUES ('4', '415', '3');
INSERT INTO "public"."apartment" VALUES ('4', '416', '3');
INSERT INTO "public"."apartment" VALUES ('4', '417', '2');
INSERT INTO "public"."apartment" VALUES ('4', '418', '3');
INSERT INTO "public"."apartment" VALUES ('4', '419', '1');
INSERT INTO "public"."apartment" VALUES ('4', '420', '3');
INSERT INTO "public"."apartment" VALUES ('4', '421', '1');

-- ----------------------------
-- Table structure for apartment_type
-- ----------------------------
DROP TABLE IF EXISTS "public"."apartment_type";
CREATE TABLE "public"."apartment_type" (
"apartment_type_id" int4 DEFAULT nextval('apartment_type_apartment_type_id_seq'::regclass) NOT NULL,
"beds" int4,
"space" numeric(4,2),
"rooms" int4,
"monthly_cost" numeric(8,2),
"type_name" varchar(50) COLLATE "default"
)
WITH (OIDS=FALSE)

;

-- ----------------------------
-- Records of apartment_type
-- ----------------------------
INSERT INTO "public"."apartment_type" VALUES ('1', '1', '20.00', '1', '1000.00', 'singleBedRoom');
INSERT INTO "public"."apartment_type" VALUES ('2', '2', '30.00', '1', '1000.00', 'doubleBedsRoom');
INSERT INTO "public"."apartment_type" VALUES ('3', '5', '60.00', '3', '900.00', 'bigRoom');

-- ----------------------------
-- Table structure for building
-- ----------------------------
DROP TABLE IF EXISTS "public"."building";
CREATE TABLE "public"."building" (
"building_id" int4 DEFAULT nextval('building_building_id_seq'::regclass) NOT NULL,
"city" varchar(50) COLLATE "default" NOT NULL,
"street" varchar(100) COLLATE "default" NOT NULL,
"number_in_street" varchar(6) COLLATE "default" NOT NULL,
"zip_code" varchar(30) COLLATE "default",
"type_name" varchar(50) COLLATE "default"
)
WITH (OIDS=FALSE)

;

-- ----------------------------
-- Records of building
-- ----------------------------
INSERT INTO "public"."building" VALUES ('1', 'KAZAN', 'GoodStreet', '0000', '420000', 'dorm.1');
INSERT INTO "public"."building" VALUES ('2', 'KAZAN', 'GoodStreet', '0000', '420000', 'dorm.2');
INSERT INTO "public"."building" VALUES ('3', 'KAZAN', 'GoodStreet', '0000', '420000', 'dorm.3');
INSERT INTO "public"."building" VALUES ('4', 'KAZAN', 'GoodStreet', '0000', '420000', 'dorm.4');
INSERT INTO "public"."building" VALUES ('5', 'KAZAN', 'GoodStreet', '0000', '420000', 'teachingBuilding');

-- ----------------------------
-- Table structure for document
-- ----------------------------
DROP TABLE IF EXISTS "public"."document";
CREATE TABLE "public"."document" (
"document_id" int4 DEFAULT nextval('document_document_id_seq'::regclass) NOT NULL,
"person_id" int4 NOT NULL,
"update_to_date" timestamp(6) NOT NULL,
"document_type_id" int4 NOT NULL,
"image_path" varchar(255) COLLATE "default" NOT NULL
)
WITH (OIDS=FALSE)

;

-- ----------------------------
-- Records of document
-- ----------------------------
INSERT INTO "public"."document" VALUES ('1', '1', '2016-12-09 00:00:00', '1', '\\\\TestServer\\Data\\Pasports\\00000\\hatedareth.jpg');
INSERT INTO "public"."document" VALUES ('2', '2', '2016-11-18 00:00:00', '1', '\\\\TestServer\\Data\\Pasports\\00001\\tedour.jpg');
INSERT INTO "public"."document" VALUES ('3', '3', '2016-12-10 00:00:00', '1', '\\\\TestServer\\Data\\Pasports\\00002\\erabutveeve.jpg');
INSERT INTO "public"."document" VALUES ('4', '4', '2016-11-13 00:00:00', '1', '\\\\TestServer\\Data\\Pasports\\00003\\stnetha.jpg');
INSERT INTO "public"."document" VALUES ('5', '5', '2016-10-28 00:00:00', '1', '\\\\TestServer\\Data\\Pasports\\00004\\haoneveed.jpg');
INSERT INTO "public"."document" VALUES ('6', '6', '2016-11-15 00:00:00', '1', '\\\\TestServer\\Data\\Pasports\\00005\\inshohisas.jpg');
INSERT INTO "public"."document" VALUES ('7', '7', '2016-11-24 00:00:00', '1', '\\\\TestServer\\Data\\Pasports\\00006\\shonenewa.jpg');
INSERT INTO "public"."document" VALUES ('8', '8', '2016-12-03 00:00:00', '1', '\\\\TestServer\\Data\\Pasports\\00007\\ingstanbut.jpg');
INSERT INTO "public"."document" VALUES ('9', '9', '2016-12-09 00:00:00', '1', '\\\\TestServer\\Data\\Pasports\\00008\\edwalend.jpg');
INSERT INTO "public"."document" VALUES ('10', '10', '2016-12-10 00:00:00', '1', '\\\\TestServer\\Data\\Pasports\\00009\\terhereaor.jpg');
INSERT INTO "public"."document" VALUES ('11', '11', '2016-11-18 00:00:00', '1', '\\\\TestServer\\Data\\Pasports\\00010\\tedanmein.jpg');
INSERT INTO "public"."document" VALUES ('12', '12', '2016-10-28 00:00:00', '1', '\\\\TestServer\\Data\\Pasports\\00011\\nearhador.jpg');
INSERT INTO "public"."document" VALUES ('13', '13', '2016-12-10 00:00:00', '1', '\\\\TestServer\\Data\\Pasports\\00012\\itst.jpg');
INSERT INTO "public"."document" VALUES ('14', '14', '2016-10-28 00:00:00', '1', '\\\\TestServer\\Data\\Pasports\\00013\\atwaeayou5.jpg');
INSERT INTO "public"."document" VALUES ('15', '15', '2016-11-27 00:00:00', '1', '\\\\TestServer\\Data\\Pasports\\00014\\hengtheto.jpg');
INSERT INTO "public"."document" VALUES ('16', '16', '2016-10-28 00:00:00', '1', '\\\\TestServer\\Data\\Pasports\\00015\\entananyou.jpg');
INSERT INTO "public"."document" VALUES ('17', '17', '2016-10-30 00:00:00', '1', '\\\\TestServer\\Data\\Pasports\\00016\\inyouleare292.jpg');
INSERT INTO "public"."document" VALUES ('18', '18', '2016-12-09 00:00:00', '1', '\\\\TestServer\\Data\\Pasports\\00017\\hadandouve096.jpg');
INSERT INTO "public"."document" VALUES ('19', '19', '2016-12-08 00:00:00', '1', '\\\\TestServer\\Data\\Pasports\\00018\\ithereyoutha.jpg');
INSERT INTO "public"."document" VALUES ('20', '20', '2016-12-10 00:00:00', '1', '\\\\TestServer\\Data\\Pasports\\00019\\veme.jpg');
INSERT INTO "public"."document" VALUES ('21', '21', '2016-12-10 00:00:00', '1', '\\\\TestServer\\Data\\Pasports\\00020\\enththitio.jpg');
INSERT INTO "public"."document" VALUES ('22', '22', '2016-11-22 00:00:00', '1', '\\\\TestServer\\Data\\Pasports\\00021\\tioent214.jpg');
INSERT INTO "public"."document" VALUES ('23', '23', '2016-10-29 00:00:00', '1', '\\\\TestServer\\Data\\Pasports\\00022\\andherat00.jpg');
INSERT INTO "public"."document" VALUES ('24', '24', '2016-11-30 00:00:00', '1', '\\\\TestServer\\Data\\Pasports\\00023\\shotheasti.jpg');
INSERT INTO "public"."document" VALUES ('25', '25', '2016-10-31 00:00:00', '1', '\\\\TestServer\\Data\\Pasports\\00024\\ithher121.jpg');
INSERT INTO "public"."document" VALUES ('26', '26', '2016-11-14 00:00:00', '1', '\\\\TestServer\\Data\\Pasports\\00025\\eahen22.jpg');
INSERT INTO "public"."document" VALUES ('27', '27', '2016-11-12 00:00:00', '1', '\\\\TestServer\\Data\\Pasports\\00026\\setoesas634.jpg');
INSERT INTO "public"."document" VALUES ('28', '28', '2016-10-28 00:00:00', '1', '\\\\TestServer\\Data\\Pasports\\00027\\andwawato.jpg');
INSERT INTO "public"."document" VALUES ('29', '29', '2016-12-10 00:00:00', '1', '\\\\TestServer\\Data\\Pasports\\00028\\noteninger.jpg');
INSERT INTO "public"."document" VALUES ('30', '30', '2016-12-01 00:00:00', '1', '\\\\TestServer\\Data\\Pasports\\00029\\enwital188.jpg');
INSERT INTO "public"."document" VALUES ('31', '31', '2016-12-05 00:00:00', '1', '\\\\TestServer\\Data\\Pasports\\00030\\hestistha053.jpg');
INSERT INTO "public"."document" VALUES ('32', '32', '2016-12-05 00:00:00', '1', '\\\\TestServer\\Data\\Pasports\\00031\\hisornotng.jpg');
INSERT INTO "public"."document" VALUES ('33', '33', '2016-10-28 00:00:00', '1', '\\\\TestServer\\Data\\Pasports\\00032\\oulhethinot.jpg');
INSERT INTO "public"."document" VALUES ('34', '34', '2016-10-28 00:00:00', '1', '\\\\TestServer\\Data\\Pasports\\00033\\theto.jpg');
INSERT INTO "public"."document" VALUES ('35', '35', '2016-10-28 00:00:00', '1', '\\\\TestServer\\Data\\Pasports\\00034\\uldngition.jpg');
INSERT INTO "public"."document" VALUES ('36', '36', '2016-11-12 00:00:00', '1', '\\\\TestServer\\Data\\Pasports\\00035\\ndhe61.jpg');
INSERT INTO "public"."document" VALUES ('37', '37', '2016-12-09 00:00:00', '1', '\\\\TestServer\\Data\\Pasports\\00036\\atvehis.jpg');
INSERT INTO "public"."document" VALUES ('38', '38', '2016-12-09 00:00:00', '1', '\\\\TestServer\\Data\\Pasports\\00037\\enit127.jpg');
INSERT INTO "public"."document" VALUES ('39', '39', '2016-11-26 00:00:00', '1', '\\\\TestServer\\Data\\Pasports\\00038\\arshongwit.jpg');
INSERT INTO "public"."document" VALUES ('40', '40', '2016-12-09 00:00:00', '1', '\\\\TestServer\\Data\\Pasports\\00039\\thefor.jpg');
INSERT INTO "public"."document" VALUES ('41', '41', '2016-10-29 00:00:00', '1', '\\\\TestServer\\Data\\Pasports\\00040\\edhinndith.jpg');
INSERT INTO "public"."document" VALUES ('42', '42', '2016-11-29 00:00:00', '1', '\\\\TestServer\\Data\\Pasports\\00041\\ngthawahin.jpg');
INSERT INTO "public"."document" VALUES ('43', '43', '2016-11-26 00:00:00', '1', '\\\\TestServer\\Data\\Pasports\\00042\\notentarhad.jpg');
INSERT INTO "public"."document" VALUES ('44', '44', '2016-11-24 00:00:00', '1', '\\\\TestServer\\Data\\Pasports\\00043\\lewitonar.jpg');
INSERT INTO "public"."document" VALUES ('45', '45', '2016-10-28 00:00:00', '1', '\\\\TestServer\\Data\\Pasports\\00044\\verter859.jpg');
INSERT INTO "public"."document" VALUES ('46', '46', '2016-11-15 00:00:00', '1', '\\\\TestServer\\Data\\Pasports\\00045\\heithall.jpg');
INSERT INTO "public"."document" VALUES ('47', '47', '2016-10-28 00:00:00', '1', '\\\\TestServer\\Data\\Pasports\\00046\\wasesuldere.jpg');
INSERT INTO "public"."document" VALUES ('48', '48', '2016-10-28 00:00:00', '1', '\\\\TestServer\\Data\\Pasports\\00047\\ithhe7.jpg');
INSERT INTO "public"."document" VALUES ('49', '49', '2016-11-28 00:00:00', '1', '\\\\TestServer\\Data\\Pasports\\00048\\eraar5.jpg');
INSERT INTO "public"."document" VALUES ('50', '50', '2016-11-16 00:00:00', '1', '\\\\TestServer\\Data\\Pasports\\00049\\tiowaere6.jpg');
INSERT INTO "public"."document" VALUES ('51', '51', '2016-12-02 00:00:00', '1', '\\\\TestServer\\Data\\Pasports\\00050\\astiing.jpg');
INSERT INTO "public"."document" VALUES ('52', '52', '2016-11-19 00:00:00', '1', '\\\\TestServer\\Data\\Pasports\\00051\\hisan652.jpg');
INSERT INTO "public"."document" VALUES ('53', '53', '2016-10-28 00:00:00', '1', '\\\\TestServer\\Data\\Pasports\\00052\\hahatesth.jpg');
INSERT INTO "public"."document" VALUES ('54', '54', '2016-11-18 00:00:00', '1', '\\\\TestServer\\Data\\Pasports\\00053\\notngthst.jpg');
INSERT INTO "public"."document" VALUES ('55', '55', '2016-11-04 00:00:00', '1', '\\\\TestServer\\Data\\Pasports\\00054\\hisingmeted02.jpg');
INSERT INTO "public"."document" VALUES ('56', '56', '2016-10-28 00:00:00', '1', '\\\\TestServer\\Data\\Pasports\\00055\\rethi.jpg');
INSERT INTO "public"."document" VALUES ('57', '57', '2016-12-10 00:00:00', '1', '\\\\TestServer\\Data\\Pasports\\00056\\oruldentand121.jpg');
INSERT INTO "public"."document" VALUES ('58', '58', '2016-10-28 00:00:00', '1', '\\\\TestServer\\Data\\Pasports\\00057\\oulhinoulin.jpg');
INSERT INTO "public"."document" VALUES ('59', '59', '2016-12-10 00:00:00', '1', '\\\\TestServer\\Data\\Pasports\\00058\\oreveforhis91.jpg');
INSERT INTO "public"."document" VALUES ('60', '60', '2016-10-28 00:00:00', '1', '\\\\TestServer\\Data\\Pasports\\00059\\tedstalan.jpg');
INSERT INTO "public"."document" VALUES ('61', '61', '2016-11-17 00:00:00', '1', '\\\\TestServer\\Data\\Pasports\\00060\\anwitasor14.jpg');
INSERT INTO "public"."document" VALUES ('62', '62', '2016-10-28 00:00:00', '1', '\\\\TestServer\\Data\\Pasports\\00061\\areedingve084.jpg');
INSERT INTO "public"."document" VALUES ('63', '63', '2016-11-09 00:00:00', '1', '\\\\TestServer\\Data\\Pasports\\00062\\anonwitth.jpg');
INSERT INTO "public"."document" VALUES ('64', '64', '2016-12-09 00:00:00', '1', '\\\\TestServer\\Data\\Pasports\\00063\\oriswitin.jpg');
INSERT INTO "public"."document" VALUES ('65', '65', '2016-10-28 00:00:00', '1', '\\\\TestServer\\Data\\Pasports\\00064\\henith.jpg');
INSERT INTO "public"."document" VALUES ('66', '66', '2016-11-04 00:00:00', '1', '\\\\TestServer\\Data\\Pasports\\00065\\ereinyouth596.jpg');
INSERT INTO "public"."document" VALUES ('67', '67', '2016-10-28 00:00:00', '1', '\\\\TestServer\\Data\\Pasports\\00066\\ashertheis.jpg');
INSERT INTO "public"."document" VALUES ('68', '68', '2016-10-28 00:00:00', '1', '\\\\TestServer\\Data\\Pasports\\00067\\witthaat.jpg');
INSERT INTO "public"."document" VALUES ('69', '69', '2016-12-10 00:00:00', '1', '\\\\TestServer\\Data\\Pasports\\00068\\orhi191.jpg');
INSERT INTO "public"."document" VALUES ('70', '70', '2016-10-28 00:00:00', '1', '\\\\TestServer\\Data\\Pasports\\00069\\allinver95.jpg');
INSERT INTO "public"."document" VALUES ('71', '71', '2016-10-28 00:00:00', '1', '\\\\TestServer\\Data\\Pasports\\00070\\tohadstto189.jpg');
INSERT INTO "public"."document" VALUES ('72', '72', '2016-11-15 00:00:00', '1', '\\\\TestServer\\Data\\Pasports\\00071\\thehading.jpg');
INSERT INTO "public"."document" VALUES ('73', '73', '2016-11-21 00:00:00', '1', '\\\\TestServer\\Data\\Pasports\\00072\\hatnt62.jpg');
INSERT INTO "public"."document" VALUES ('74', '74', '2016-11-27 00:00:00', '1', '\\\\TestServer\\Data\\Pasports\\00073\\heontith629.jpg');
INSERT INTO "public"."document" VALUES ('75', '75', '2016-12-10 00:00:00', '1', '\\\\TestServer\\Data\\Pasports\\00074\\oueahinas.jpg');
INSERT INTO "public"."document" VALUES ('76', '76', '2016-11-15 00:00:00', '1', '\\\\TestServer\\Data\\Pasports\\00075\\heer879.jpg');
INSERT INTO "public"."document" VALUES ('77', '77', '2016-12-10 00:00:00', '1', '\\\\TestServer\\Data\\Pasports\\00076\\ouleyouer.jpg');
INSERT INTO "public"."document" VALUES ('78', '78', '2016-10-28 00:00:00', '1', '\\\\TestServer\\Data\\Pasports\\00077\\omeyouhadnot.jpg');
INSERT INTO "public"."document" VALUES ('79', '79', '2016-11-20 00:00:00', '1', '\\\\TestServer\\Data\\Pasports\\00078\\stverntnd.jpg');
INSERT INTO "public"."document" VALUES ('80', '80', '2016-12-08 00:00:00', '1', '\\\\TestServer\\Data\\Pasports\\00079\\omeveereve.jpg');
INSERT INTO "public"."document" VALUES ('81', '81', '2016-10-28 00:00:00', '1', '\\\\TestServer\\Data\\Pasports\\00080\\nothayouer.jpg');
INSERT INTO "public"."document" VALUES ('82', '82', '2016-10-28 00:00:00', '1', '\\\\TestServer\\Data\\Pasports\\00081\\erourbution.jpg');
INSERT INTO "public"."document" VALUES ('83', '83', '2016-11-21 00:00:00', '1', '\\\\TestServer\\Data\\Pasports\\00082\\inomestbut.jpg');
INSERT INTO "public"."document" VALUES ('84', '84', '2016-11-12 00:00:00', '1', '\\\\TestServer\\Data\\Pasports\\00083\\youwiton2.jpg');
INSERT INTO "public"."document" VALUES ('85', '85', '2016-12-10 00:00:00', '1', '\\\\TestServer\\Data\\Pasports\\00084\\tistteng.jpg');
INSERT INTO "public"."document" VALUES ('86', '86', '2016-11-16 00:00:00', '1', '\\\\TestServer\\Data\\Pasports\\00085\\sehi.jpg');
INSERT INTO "public"."document" VALUES ('87', '87', '2016-11-16 00:00:00', '1', '\\\\TestServer\\Data\\Pasports\\00086\\ouland492.jpg');
INSERT INTO "public"."document" VALUES ('88', '88', '2016-12-01 00:00:00', '1', '\\\\TestServer\\Data\\Pasports\\00087\\envetost.jpg');
INSERT INTO "public"."document" VALUES ('89', '89', '2016-12-04 00:00:00', '1', '\\\\TestServer\\Data\\Pasports\\00088\\arted0.jpg');
INSERT INTO "public"."document" VALUES ('90', '90', '2016-11-23 00:00:00', '1', '\\\\TestServer\\Data\\Pasports\\00089\\itioning430.jpg');
INSERT INTO "public"."document" VALUES ('91', '91', '2016-11-16 00:00:00', '1', '\\\\TestServer\\Data\\Pasports\\00090\\tiea.jpg');
INSERT INTO "public"."document" VALUES ('92', '92', '2016-12-10 00:00:00', '1', '\\\\TestServer\\Data\\Pasports\\00091\\hierhisve.jpg');
INSERT INTO "public"."document" VALUES ('93', '93', '2016-11-16 00:00:00', '1', '\\\\TestServer\\Data\\Pasports\\00092\\heringtio.jpg');
INSERT INTO "public"."document" VALUES ('94', '94', '2016-11-27 00:00:00', '1', '\\\\TestServer\\Data\\Pasports\\00093\\youhadmeall.jpg');
INSERT INTO "public"."document" VALUES ('95', '95', '2016-11-21 00:00:00', '1', '\\\\TestServer\\Data\\Pasports\\00094\\terevetedith.jpg');
INSERT INTO "public"."document" VALUES ('96', '96', '2016-10-29 00:00:00', '1', '\\\\TestServer\\Data\\Pasports\\00095\\onwasnotsho.jpg');
INSERT INTO "public"."document" VALUES ('97', '97', '2016-12-09 00:00:00', '1', '\\\\TestServer\\Data\\Pasports\\00096\\eanoteve.jpg');
INSERT INTO "public"."document" VALUES ('98', '98', '2016-11-17 00:00:00', '1', '\\\\TestServer\\Data\\Pasports\\00097\\althareter.jpg');
INSERT INTO "public"."document" VALUES ('99', '99', '2016-12-09 00:00:00', '1', '\\\\TestServer\\Data\\Pasports\\00098\\nottioforre.jpg');
INSERT INTO "public"."document" VALUES ('100', '100', '2016-10-28 00:00:00', '1', '\\\\TestServer\\Data\\Pasports\\00099\\hiithatat.jpg');
INSERT INTO "public"."document" VALUES ('101', '101', '2016-10-30 00:00:00', '1', '\\\\TestServer\\Data\\Pasports\\00100\\forre759.jpg');
INSERT INTO "public"."document" VALUES ('102', '102', '2016-10-28 00:00:00', '1', '\\\\TestServer\\Data\\Pasports\\00101\\thiterhis.jpg');
INSERT INTO "public"."document" VALUES ('103', '103', '2016-12-08 00:00:00', '1', '\\\\TestServer\\Data\\Pasports\\00102\\inhis.jpg');
INSERT INTO "public"."document" VALUES ('104', '104', '2016-12-05 00:00:00', '1', '\\\\TestServer\\Data\\Pasports\\00103\\anthe324.jpg');
INSERT INTO "public"."document" VALUES ('105', '105', '2016-11-13 00:00:00', '1', '\\\\TestServer\\Data\\Pasports\\00104\\erbut.jpg');
INSERT INTO "public"."document" VALUES ('106', '106', '2016-10-28 00:00:00', '1', '\\\\TestServer\\Data\\Pasports\\00105\\tiohinourhin065.jpg');
INSERT INTO "public"."document" VALUES ('107', '107', '2016-10-28 00:00:00', '1', '\\\\TestServer\\Data\\Pasports\\00106\\heruldteras91.jpg');
INSERT INTO "public"."document" VALUES ('108', '108', '2016-11-06 00:00:00', '1', '\\\\TestServer\\Data\\Pasports\\00107\\forthihisver031.jpg');
INSERT INTO "public"."document" VALUES ('109', '109', '2016-11-28 00:00:00', '1', '\\\\TestServer\\Data\\Pasports\\00108\\inghatst.jpg');
INSERT INTO "public"."document" VALUES ('110', '110', '2016-11-06 00:00:00', '1', '\\\\TestServer\\Data\\Pasports\\00109\\allheryouing.jpg');
INSERT INTO "public"."document" VALUES ('111', '111', '2016-11-18 00:00:00', '1', '\\\\TestServer\\Data\\Pasports\\00110\\esinghathe.jpg');
INSERT INTO "public"."document" VALUES ('112', '112', '2016-11-04 00:00:00', '1', '\\\\TestServer\\Data\\Pasports\\00111\\ionareesare.jpg');
INSERT INTO "public"."document" VALUES ('113', '113', '2016-11-03 00:00:00', '1', '\\\\TestServer\\Data\\Pasports\\00112\\thenevetha.jpg');
INSERT INTO "public"."document" VALUES ('114', '114', '2016-11-13 00:00:00', '1', '\\\\TestServer\\Data\\Pasports\\00113\\itatti924.jpg');
INSERT INTO "public"."document" VALUES ('115', '115', '2016-10-28 00:00:00', '1', '\\\\TestServer\\Data\\Pasports\\00114\\uldedar577.jpg');
INSERT INTO "public"."document" VALUES ('116', '116', '2016-11-25 00:00:00', '1', '\\\\TestServer\\Data\\Pasports\\00115\\itesas.jpg');
INSERT INTO "public"."document" VALUES ('117', '117', '2016-10-28 00:00:00', '1', '\\\\TestServer\\Data\\Pasports\\00116\\hiourherou.jpg');
INSERT INTO "public"."document" VALUES ('118', '118', '2016-12-06 00:00:00', '1', '\\\\TestServer\\Data\\Pasports\\00117\\hashoterthi.jpg');
INSERT INTO "public"."document" VALUES ('119', '119', '2016-10-28 00:00:00', '1', '\\\\TestServer\\Data\\Pasports\\00118\\haduldea.jpg');
INSERT INTO "public"."document" VALUES ('120', '120', '2016-11-17 00:00:00', '1', '\\\\TestServer\\Data\\Pasports\\00119\\heenithat0.jpg');
INSERT INTO "public"."document" VALUES ('121', '121', '2016-10-28 00:00:00', '1', '\\\\TestServer\\Data\\Pasports\\00120\\ithst.jpg');
INSERT INTO "public"."document" VALUES ('122', '122', '2016-10-28 00:00:00', '1', '\\\\TestServer\\Data\\Pasports\\00121\\witter3.jpg');
INSERT INTO "public"."document" VALUES ('123', '123', '2016-10-28 00:00:00', '1', '\\\\TestServer\\Data\\Pasports\\00122\\erouyoute.jpg');
INSERT INTO "public"."document" VALUES ('124', '124', '2016-10-28 00:00:00', '1', '\\\\TestServer\\Data\\Pasports\\00123\\henorshoera.jpg');
INSERT INTO "public"."document" VALUES ('125', '125', '2016-11-23 00:00:00', '1', '\\\\TestServer\\Data\\Pasports\\00124\\hinentenfor.jpg');
INSERT INTO "public"."document" VALUES ('126', '126', '2016-10-28 00:00:00', '1', '\\\\TestServer\\Data\\Pasports\\00125\\arentent.jpg');
INSERT INTO "public"."document" VALUES ('127', '127', '2016-10-28 00:00:00', '1', '\\\\TestServer\\Data\\Pasports\\00126\\tedintiyou249.jpg');
INSERT INTO "public"."document" VALUES ('128', '128', '2016-10-28 00:00:00', '1', '\\\\TestServer\\Data\\Pasports\\00127\\hersho.jpg');
INSERT INTO "public"."document" VALUES ('129', '129', '2016-11-15 00:00:00', '1', '\\\\TestServer\\Data\\Pasports\\00128\\haanleis.jpg');
INSERT INTO "public"."document" VALUES ('130', '130', '2016-10-29 00:00:00', '1', '\\\\TestServer\\Data\\Pasports\\00129\\anarneit.jpg');
INSERT INTO "public"."document" VALUES ('131', '131', '2016-11-30 00:00:00', '1', '\\\\TestServer\\Data\\Pasports\\00130\\terndhis0.jpg');
INSERT INTO "public"."document" VALUES ('132', '132', '2016-11-09 00:00:00', '1', '\\\\TestServer\\Data\\Pasports\\00131\\hinngallver617.jpg');
INSERT INTO "public"."document" VALUES ('133', '133', '2016-10-28 00:00:00', '1', '\\\\TestServer\\Data\\Pasports\\00132\\tioasarat.jpg');
INSERT INTO "public"."document" VALUES ('134', '134', '2016-10-28 00:00:00', '1', '\\\\TestServer\\Data\\Pasports\\00133\\onthehito739.jpg');
INSERT INTO "public"."document" VALUES ('135', '135', '2016-10-28 00:00:00', '1', '\\\\TestServer\\Data\\Pasports\\00134\\arehin2.jpg');
INSERT INTO "public"."document" VALUES ('136', '136', '2016-10-28 00:00:00', '1', '\\\\TestServer\\Data\\Pasports\\00135\\oual625.jpg');
INSERT INTO "public"."document" VALUES ('137', '137', '2016-11-20 00:00:00', '1', '\\\\TestServer\\Data\\Pasports\\00136\\asion.jpg');
INSERT INTO "public"."document" VALUES ('138', '138', '2016-11-22 00:00:00', '1', '\\\\TestServer\\Data\\Pasports\\00137\\ereanonle.jpg');
INSERT INTO "public"."document" VALUES ('139', '139', '2016-11-29 00:00:00', '1', '\\\\TestServer\\Data\\Pasports\\00138\\ionorrebut60.jpg');
INSERT INTO "public"."document" VALUES ('140', '140', '2016-12-10 00:00:00', '1', '\\\\TestServer\\Data\\Pasports\\00139\\hadhain.jpg');
INSERT INTO "public"."document" VALUES ('141', '141', '2016-10-29 00:00:00', '1', '\\\\TestServer\\Data\\Pasports\\00140\\ithwas731.jpg');
INSERT INTO "public"."document" VALUES ('142', '142', '2016-11-12 00:00:00', '1', '\\\\TestServer\\Data\\Pasports\\00141\\arehintedse.jpg');
INSERT INTO "public"."document" VALUES ('143', '143', '2016-11-29 00:00:00', '1', '\\\\TestServer\\Data\\Pasports\\00142\\asall.jpg');
INSERT INTO "public"."document" VALUES ('144', '144', '2016-10-28 00:00:00', '1', '\\\\TestServer\\Data\\Pasports\\00143\\asare07.jpg');
INSERT INTO "public"."document" VALUES ('145', '145', '2016-11-02 00:00:00', '1', '\\\\TestServer\\Data\\Pasports\\00144\\orourent.jpg');
INSERT INTO "public"."document" VALUES ('146', '146', '2016-12-01 00:00:00', '1', '\\\\TestServer\\Data\\Pasports\\00145\\wasonngall.jpg');
INSERT INTO "public"."document" VALUES ('147', '147', '2016-11-30 00:00:00', '1', '\\\\TestServer\\Data\\Pasports\\00146\\asera.jpg');
INSERT INTO "public"."document" VALUES ('148', '148', '2016-10-28 00:00:00', '1', '\\\\TestServer\\Data\\Pasports\\00147\\erourea484.jpg');
INSERT INTO "public"."document" VALUES ('149', '149', '2016-11-06 00:00:00', '1', '\\\\TestServer\\Data\\Pasports\\00148\\ionuldhior.jpg');
INSERT INTO "public"."document" VALUES ('150', '150', '2016-10-31 00:00:00', '1', '\\\\TestServer\\Data\\Pasports\\00149\\oulwahishin7.jpg');
INSERT INTO "public"."document" VALUES ('151', '151', '2016-10-28 00:00:00', '1', '\\\\TestServer\\Data\\Pasports\\00150\\theouleveme.jpg');
INSERT INTO "public"."document" VALUES ('152', '152', '2016-10-28 00:00:00', '1', '\\\\TestServer\\Data\\Pasports\\00151\\allwaveres.jpg');
INSERT INTO "public"."document" VALUES ('153', '153', '2016-12-06 00:00:00', '1', '\\\\TestServer\\Data\\Pasports\\00152\\eveisntes.jpg');
INSERT INTO "public"."document" VALUES ('154', '154', '2016-12-09 00:00:00', '1', '\\\\TestServer\\Data\\Pasports\\00153\\isisnthat.jpg');
INSERT INTO "public"."document" VALUES ('155', '155', '2016-10-28 00:00:00', '1', '\\\\TestServer\\Data\\Pasports\\00154\\tiheneaor.jpg');
INSERT INTO "public"."document" VALUES ('156', '156', '2016-12-09 00:00:00', '1', '\\\\TestServer\\Data\\Pasports\\00155\\isorng.jpg');
INSERT INTO "public"."document" VALUES ('157', '157', '2016-12-07 00:00:00', '1', '\\\\TestServer\\Data\\Pasports\\00156\\hinhiterwa2.jpg');
INSERT INTO "public"."document" VALUES ('158', '158', '2016-12-10 00:00:00', '1', '\\\\TestServer\\Data\\Pasports\\00157\\onesneare.jpg');
INSERT INTO "public"."document" VALUES ('159', '159', '2016-12-10 00:00:00', '1', '\\\\TestServer\\Data\\Pasports\\00158\\herfor.jpg');
INSERT INTO "public"."document" VALUES ('160', '160', '2016-10-28 00:00:00', '1', '\\\\TestServer\\Data\\Pasports\\00159\\thenghadith.jpg');
INSERT INTO "public"."document" VALUES ('161', '161', '2016-11-29 00:00:00', '1', '\\\\TestServer\\Data\\Pasports\\00160\\ntesisle.jpg');
INSERT INTO "public"."document" VALUES ('162', '162', '2016-11-18 00:00:00', '1', '\\\\TestServer\\Data\\Pasports\\00161\\hadedas757.jpg');
INSERT INTO "public"."document" VALUES ('163', '163', '2016-11-11 00:00:00', '1', '\\\\TestServer\\Data\\Pasports\\00162\\entith164.jpg');
INSERT INTO "public"."document" VALUES ('164', '164', '2016-12-10 00:00:00', '1', '\\\\TestServer\\Data\\Pasports\\00163\\allenou.jpg');
INSERT INTO "public"."document" VALUES ('165', '165', '2016-11-06 00:00:00', '1', '\\\\TestServer\\Data\\Pasports\\00164\\thingtiothi.jpg');
INSERT INTO "public"."document" VALUES ('166', '166', '2016-10-29 00:00:00', '1', '\\\\TestServer\\Data\\Pasports\\00165\\ouren99.jpg');
INSERT INTO "public"."document" VALUES ('167', '167', '2016-12-07 00:00:00', '1', '\\\\TestServer\\Data\\Pasports\\00166\\heenevehen.jpg');
INSERT INTO "public"."document" VALUES ('168', '168', '2016-10-28 00:00:00', '1', '\\\\TestServer\\Data\\Pasports\\00167\\ntthehador393.jpg');
INSERT INTO "public"."document" VALUES ('169', '169', '2016-12-10 00:00:00', '1', '\\\\TestServer\\Data\\Pasports\\00168\\theeve0.jpg');
INSERT INTO "public"."document" VALUES ('170', '170', '2016-11-23 00:00:00', '1', '\\\\TestServer\\Data\\Pasports\\00169\\ngeraasse.jpg');
INSERT INTO "public"."document" VALUES ('171', '171', '2016-11-10 00:00:00', '1', '\\\\TestServer\\Data\\Pasports\\00170\\teevetheera.jpg');
INSERT INTO "public"."document" VALUES ('172', '172', '2016-11-26 00:00:00', '1', '\\\\TestServer\\Data\\Pasports\\00171\\butingyouon.jpg');
INSERT INTO "public"."document" VALUES ('173', '173', '2016-12-10 00:00:00', '1', '\\\\TestServer\\Data\\Pasports\\00172\\teritngtha.jpg');
INSERT INTO "public"."document" VALUES ('174', '174', '2016-11-27 00:00:00', '1', '\\\\TestServer\\Data\\Pasports\\00173\\uldandinor.jpg');
INSERT INTO "public"."document" VALUES ('175', '175', '2016-11-19 00:00:00', '1', '\\\\TestServer\\Data\\Pasports\\00174\\hisingan82.jpg');
INSERT INTO "public"."document" VALUES ('176', '176', '2016-11-13 00:00:00', '1', '\\\\TestServer\\Data\\Pasports\\00175\\toouneall.jpg');
INSERT INTO "public"."document" VALUES ('177', '177', '2016-11-02 00:00:00', '1', '\\\\TestServer\\Data\\Pasports\\00176\\thiou85.jpg');
INSERT INTO "public"."document" VALUES ('178', '178', '2016-11-24 00:00:00', '1', '\\\\TestServer\\Data\\Pasports\\00177\\hishin339.jpg');
INSERT INTO "public"."document" VALUES ('179', '179', '2016-11-03 00:00:00', '1', '\\\\TestServer\\Data\\Pasports\\00178\\shoesinghi.jpg');
INSERT INTO "public"."document" VALUES ('180', '180', '2016-10-28 00:00:00', '1', '\\\\TestServer\\Data\\Pasports\\00179\\enanding.jpg');
INSERT INTO "public"."document" VALUES ('181', '181', '2016-10-28 00:00:00', '1', '\\\\TestServer\\Data\\Pasports\\00180\\ndleyouter.jpg');
INSERT INTO "public"."document" VALUES ('182', '182', '2016-12-05 00:00:00', '1', '\\\\TestServer\\Data\\Pasports\\00181\\arerang018.jpg');
INSERT INTO "public"."document" VALUES ('183', '183', '2016-10-30 00:00:00', '1', '\\\\TestServer\\Data\\Pasports\\00182\\alver6.jpg');
INSERT INTO "public"."document" VALUES ('184', '184', '2016-10-28 00:00:00', '1', '\\\\TestServer\\Data\\Pasports\\00183\\entoulthayou830.jpg');
INSERT INTO "public"."document" VALUES ('185', '185', '2016-10-28 00:00:00', '1', '\\\\TestServer\\Data\\Pasports\\00184\\eahinisfor.jpg');
INSERT INTO "public"."document" VALUES ('186', '186', '2016-11-12 00:00:00', '1', '\\\\TestServer\\Data\\Pasports\\00185\\ashatingle.jpg');
INSERT INTO "public"."document" VALUES ('187', '187', '2016-10-28 00:00:00', '1', '\\\\TestServer\\Data\\Pasports\\00186\\notngreent.jpg');
INSERT INTO "public"."document" VALUES ('188', '188', '2016-10-31 00:00:00', '1', '\\\\TestServer\\Data\\Pasports\\00187\\outhihaor.jpg');
INSERT INTO "public"."document" VALUES ('189', '189', '2016-10-31 00:00:00', '1', '\\\\TestServer\\Data\\Pasports\\00188\\hatianon.jpg');
INSERT INTO "public"."document" VALUES ('190', '190', '2016-12-04 00:00:00', '1', '\\\\TestServer\\Data\\Pasports\\00189\\tohe925.jpg');
INSERT INTO "public"."document" VALUES ('191', '191', '2016-10-28 00:00:00', '1', '\\\\TestServer\\Data\\Pasports\\00190\\aninhinand.jpg');
INSERT INTO "public"."document" VALUES ('192', '192', '2016-11-27 00:00:00', '1', '\\\\TestServer\\Data\\Pasports\\00191\\shohever8.jpg');
INSERT INTO "public"."document" VALUES ('193', '193', '2016-11-15 00:00:00', '1', '\\\\TestServer\\Data\\Pasports\\00192\\iswaesare.jpg');
INSERT INTO "public"."document" VALUES ('194', '194', '2016-10-28 00:00:00', '1', '\\\\TestServer\\Data\\Pasports\\00193\\uldalalen.jpg');
INSERT INTO "public"."document" VALUES ('195', '195', '2016-10-28 00:00:00', '1', '\\\\TestServer\\Data\\Pasports\\00194\\tior877.jpg');
INSERT INTO "public"."document" VALUES ('196', '196', '2016-11-07 00:00:00', '1', '\\\\TestServer\\Data\\Pasports\\00195\\haoulhatted.jpg');
INSERT INTO "public"."document" VALUES ('197', '197', '2016-11-29 00:00:00', '1', '\\\\TestServer\\Data\\Pasports\\00196\\uldteit874.jpg');
INSERT INTO "public"."document" VALUES ('198', '198', '2016-11-04 00:00:00', '1', '\\\\TestServer\\Data\\Pasports\\00197\\teromeitis.jpg');
INSERT INTO "public"."document" VALUES ('199', '199', '2016-10-31 00:00:00', '1', '\\\\TestServer\\Data\\Pasports\\00198\\orntall.jpg');
INSERT INTO "public"."document" VALUES ('200', '200', '2016-11-30 00:00:00', '1', '\\\\TestServer\\Data\\Pasports\\00199\\youeveasne.jpg');
INSERT INTO "public"."document" VALUES ('201', '201', '2016-12-05 00:00:00', '1', '\\\\TestServer\\Data\\Pasports\\00200\\eaederabut.jpg');
INSERT INTO "public"."document" VALUES ('202', '202', '2016-11-15 00:00:00', '1', '\\\\TestServer\\Data\\Pasports\\00201\\heandiontio6.jpg');
INSERT INTO "public"."document" VALUES ('203', '203', '2016-11-25 00:00:00', '1', '\\\\TestServer\\Data\\Pasports\\00202\\leor643.jpg');
INSERT INTO "public"."document" VALUES ('204', '204', '2016-12-10 00:00:00', '1', '\\\\TestServer\\Data\\Pasports\\00203\\rewaherhis.jpg');
INSERT INTO "public"."document" VALUES ('205', '205', '2016-11-24 00:00:00', '1', '\\\\TestServer\\Data\\Pasports\\00204\\methe65.jpg');
INSERT INTO "public"."document" VALUES ('206', '206', '2016-10-28 00:00:00', '1', '\\\\TestServer\\Data\\Pasports\\00205\\erionanwa.jpg');
INSERT INTO "public"."document" VALUES ('207', '207', '2016-12-01 00:00:00', '1', '\\\\TestServer\\Data\\Pasports\\00206\\herion035.jpg');
INSERT INTO "public"."document" VALUES ('208', '208', '2016-10-28 00:00:00', '1', '\\\\TestServer\\Data\\Pasports\\00207\\eveomere591.jpg');
INSERT INTO "public"."document" VALUES ('209', '209', '2016-12-10 00:00:00', '1', '\\\\TestServer\\Data\\Pasports\\00208\\enenthin083.jpg');
INSERT INTO "public"."document" VALUES ('210', '210', '2016-11-19 00:00:00', '1', '\\\\TestServer\\Data\\Pasports\\00209\\hadourtioal431.jpg');
INSERT INTO "public"."document" VALUES ('211', '211', '2016-12-09 00:00:00', '1', '\\\\TestServer\\Data\\Pasports\\00210\\rewaswale991.jpg');
INSERT INTO "public"."document" VALUES ('212', '212', '2016-10-28 00:00:00', '1', '\\\\TestServer\\Data\\Pasports\\00211\\ndthahenes.jpg');
INSERT INTO "public"."document" VALUES ('213', '213', '2016-10-29 00:00:00', '1', '\\\\TestServer\\Data\\Pasports\\00212\\hehaerar.jpg');
INSERT INTO "public"."document" VALUES ('214', '214', '2016-11-12 00:00:00', '1', '\\\\TestServer\\Data\\Pasports\\00213\\uldourwited.jpg');
INSERT INTO "public"."document" VALUES ('215', '215', '2016-10-29 00:00:00', '1', '\\\\TestServer\\Data\\Pasports\\00214\\aswaseabut.jpg');
INSERT INTO "public"."document" VALUES ('216', '216', '2016-11-19 00:00:00', '1', '\\\\TestServer\\Data\\Pasports\\00215\\evememe51.jpg');
INSERT INTO "public"."document" VALUES ('217', '217', '2016-11-14 00:00:00', '1', '\\\\TestServer\\Data\\Pasports\\00216\\onenarehen.jpg');
INSERT INTO "public"."document" VALUES ('218', '218', '2016-11-04 00:00:00', '1', '\\\\TestServer\\Data\\Pasports\\00217\\reionverted.jpg');
INSERT INTO "public"."document" VALUES ('219', '219', '2016-11-16 00:00:00', '1', '\\\\TestServer\\Data\\Pasports\\00218\\hetoonfor.jpg');
INSERT INTO "public"."document" VALUES ('220', '220', '2016-10-28 00:00:00', '1', '\\\\TestServer\\Data\\Pasports\\00219\\terreedhat.jpg');
INSERT INTO "public"."document" VALUES ('221', '221', '2016-10-28 00:00:00', '1', '\\\\TestServer\\Data\\Pasports\\00220\\teyouases.jpg');
INSERT INTO "public"."document" VALUES ('222', '222', '2016-12-10 00:00:00', '1', '\\\\TestServer\\Data\\Pasports\\00221\\ithenedes.jpg');
INSERT INTO "public"."document" VALUES ('223', '223', '2016-11-18 00:00:00', '1', '\\\\TestServer\\Data\\Pasports\\00222\\ndomeeraen810.jpg');
INSERT INTO "public"."document" VALUES ('224', '224', '2016-10-28 00:00:00', '1', '\\\\TestServer\\Data\\Pasports\\00223\\thashadan.jpg');
INSERT INTO "public"."document" VALUES ('225', '225', '2016-10-28 00:00:00', '1', '\\\\TestServer\\Data\\Pasports\\00224\\attoea.jpg');
INSERT INTO "public"."document" VALUES ('226', '226', '2016-10-29 00:00:00', '1', '\\\\TestServer\\Data\\Pasports\\00225\\entesteded.jpg');
INSERT INTO "public"."document" VALUES ('227', '227', '2016-10-28 00:00:00', '1', '\\\\TestServer\\Data\\Pasports\\00226\\oulteryou641.jpg');
INSERT INTO "public"."document" VALUES ('228', '228', '2016-12-06 00:00:00', '1', '\\\\TestServer\\Data\\Pasports\\00227\\hinitinit.jpg');
INSERT INTO "public"."document" VALUES ('229', '229', '2016-12-10 00:00:00', '1', '\\\\TestServer\\Data\\Pasports\\00228\\inhatenter.jpg');
INSERT INTO "public"."document" VALUES ('230', '230', '2016-11-28 00:00:00', '1', '\\\\TestServer\\Data\\Pasports\\00229\\hishin12.jpg');
INSERT INTO "public"."document" VALUES ('231', '231', '2016-11-06 00:00:00', '1', '\\\\TestServer\\Data\\Pasports\\00230\\hadbutionand.jpg');
INSERT INTO "public"."document" VALUES ('232', '232', '2016-11-05 00:00:00', '1', '\\\\TestServer\\Data\\Pasports\\00231\\heomeal.jpg');
INSERT INTO "public"."document" VALUES ('233', '233', '2016-12-10 00:00:00', '1', '\\\\TestServer\\Data\\Pasports\\00232\\onandneor.jpg');
INSERT INTO "public"."document" VALUES ('234', '234', '2016-11-03 00:00:00', '1', '\\\\TestServer\\Data\\Pasports\\00233\\inallasth8.jpg');
INSERT INTO "public"."document" VALUES ('235', '235', '2016-11-10 00:00:00', '1', '\\\\TestServer\\Data\\Pasports\\00234\\esne.jpg');
INSERT INTO "public"."document" VALUES ('236', '236', '2016-11-27 00:00:00', '1', '\\\\TestServer\\Data\\Pasports\\00235\\neerehisthi.jpg');
INSERT INTO "public"."document" VALUES ('237', '237', '2016-10-28 00:00:00', '1', '\\\\TestServer\\Data\\Pasports\\00236\\eraandomene.jpg');
INSERT INTO "public"."document" VALUES ('238', '238', '2016-12-10 00:00:00', '1', '\\\\TestServer\\Data\\Pasports\\00237\\ithesverthe.jpg');
INSERT INTO "public"."document" VALUES ('239', '239', '2016-10-28 00:00:00', '1', '\\\\TestServer\\Data\\Pasports\\00238\\witenhen8.jpg');
INSERT INTO "public"."document" VALUES ('240', '240', '2016-11-06 00:00:00', '1', '\\\\TestServer\\Data\\Pasports\\00239\\allerndter.jpg');
INSERT INTO "public"."document" VALUES ('241', '241', '2016-10-31 00:00:00', '1', '\\\\TestServer\\Data\\Pasports\\00240\\foroulthane.jpg');
INSERT INTO "public"."document" VALUES ('242', '242', '2016-12-10 00:00:00', '1', '\\\\TestServer\\Data\\Pasports\\00241\\ouleratednot.jpg');
INSERT INTO "public"."document" VALUES ('243', '243', '2016-10-28 00:00:00', '1', '\\\\TestServer\\Data\\Pasports\\00242\\ingte.jpg');
INSERT INTO "public"."document" VALUES ('244', '244', '2016-10-28 00:00:00', '1', '\\\\TestServer\\Data\\Pasports\\00243\\hiionngth.jpg');
INSERT INTO "public"."document" VALUES ('245', '245', '2016-10-28 00:00:00', '1', '\\\\TestServer\\Data\\Pasports\\00244\\shomenehis.jpg');
INSERT INTO "public"."document" VALUES ('246', '246', '2016-11-22 00:00:00', '1', '\\\\TestServer\\Data\\Pasports\\00245\\ionhadhisse.jpg');
INSERT INTO "public"."document" VALUES ('247', '247', '2016-11-21 00:00:00', '1', '\\\\TestServer\\Data\\Pasports\\00246\\haareenha.jpg');
INSERT INTO "public"."document" VALUES ('248', '248', '2016-12-03 00:00:00', '1', '\\\\TestServer\\Data\\Pasports\\00247\\hendomehis.jpg');
INSERT INTO "public"."document" VALUES ('249', '249', '2016-10-28 00:00:00', '1', '\\\\TestServer\\Data\\Pasports\\00248\\leit.jpg');
INSERT INTO "public"."document" VALUES ('250', '250', '2016-12-10 00:00:00', '1', '\\\\TestServer\\Data\\Pasports\\00249\\ithtiond.jpg');
INSERT INTO "public"."document" VALUES ('251', '251', '2016-11-26 00:00:00', '1', '\\\\TestServer\\Data\\Pasports\\00250\\tooranat2.jpg');
INSERT INTO "public"."document" VALUES ('252', '252', '2016-10-28 00:00:00', '1', '\\\\TestServer\\Data\\Pasports\\00251\\butororhen5.jpg');
INSERT INTO "public"."document" VALUES ('253', '253', '2016-12-08 00:00:00', '1', '\\\\TestServer\\Data\\Pasports\\00252\\eveherinhen26.jpg');
INSERT INTO "public"."document" VALUES ('254', '254', '2016-10-28 00:00:00', '1', '\\\\TestServer\\Data\\Pasports\\00253\\uldarreour.jpg');
INSERT INTO "public"."document" VALUES ('255', '255', '2016-12-01 00:00:00', '1', '\\\\TestServer\\Data\\Pasports\\00254\\hinerthhis6.jpg');
INSERT INTO "public"."document" VALUES ('256', '256', '2016-10-28 00:00:00', '1', '\\\\TestServer\\Data\\Pasports\\00255\\andanyouhin.jpg');
INSERT INTO "public"."document" VALUES ('257', '257', '2016-11-15 00:00:00', '1', '\\\\TestServer\\Data\\Pasports\\00256\\therheneve.jpg');
INSERT INTO "public"."document" VALUES ('258', '258', '2016-11-02 00:00:00', '1', '\\\\TestServer\\Data\\Pasports\\00257\\omeat.jpg');
INSERT INTO "public"."document" VALUES ('259', '259', '2016-11-22 00:00:00', '1', '\\\\TestServer\\Data\\Pasports\\00258\\oulera.jpg');
INSERT INTO "public"."document" VALUES ('260', '260', '2016-11-20 00:00:00', '1', '\\\\TestServer\\Data\\Pasports\\00259\\ithon.jpg');
INSERT INTO "public"."document" VALUES ('261', '261', '2016-10-28 00:00:00', '1', '\\\\TestServer\\Data\\Pasports\\00260\\enventall93.jpg');
INSERT INTO "public"."document" VALUES ('262', '262', '2016-12-10 00:00:00', '1', '\\\\TestServer\\Data\\Pasports\\00261\\waedhaeve.jpg');
INSERT INTO "public"."document" VALUES ('263', '263', '2016-11-01 00:00:00', '1', '\\\\TestServer\\Data\\Pasports\\00262\\ershothaand990.jpg');
INSERT INTO "public"."document" VALUES ('264', '264', '2016-11-03 00:00:00', '1', '\\\\TestServer\\Data\\Pasports\\00263\\esin.jpg');
INSERT INTO "public"."document" VALUES ('265', '265', '2016-10-28 00:00:00', '1', '\\\\TestServer\\Data\\Pasports\\00264\\aritshoat.jpg');
INSERT INTO "public"."document" VALUES ('266', '266', '2016-11-12 00:00:00', '1', '\\\\TestServer\\Data\\Pasports\\00265\\eveithtiere.jpg');
INSERT INTO "public"."document" VALUES ('267', '267', '2016-10-28 00:00:00', '1', '\\\\TestServer\\Data\\Pasports\\00266\\wasanedion03.jpg');
INSERT INTO "public"."document" VALUES ('268', '268', '2016-10-28 00:00:00', '1', '\\\\TestServer\\Data\\Pasports\\00267\\alhadome.jpg');
INSERT INTO "public"."document" VALUES ('269', '269', '2016-11-24 00:00:00', '1', '\\\\TestServer\\Data\\Pasports\\00268\\ngwiteain.jpg');
INSERT INTO "public"."document" VALUES ('270', '270', '2016-10-28 00:00:00', '1', '\\\\TestServer\\Data\\Pasports\\00269\\seanduldor.jpg');
INSERT INTO "public"."document" VALUES ('271', '271', '2016-11-30 00:00:00', '1', '\\\\TestServer\\Data\\Pasports\\00270\\mevetedwit.jpg');
INSERT INTO "public"."document" VALUES ('272', '272', '2016-11-17 00:00:00', '1', '\\\\TestServer\\Data\\Pasports\\00271\\ngion.jpg');
INSERT INTO "public"."document" VALUES ('273', '273', '2016-12-10 00:00:00', '1', '\\\\TestServer\\Data\\Pasports\\00272\\theon.jpg');
INSERT INTO "public"."document" VALUES ('274', '274', '2016-11-06 00:00:00', '1', '\\\\TestServer\\Data\\Pasports\\00273\\teinuldsho394.jpg');
INSERT INTO "public"."document" VALUES ('275', '275', '2016-11-20 00:00:00', '1', '\\\\TestServer\\Data\\Pasports\\00274\\enerendith.jpg');
INSERT INTO "public"."document" VALUES ('276', '276', '2016-10-28 00:00:00', '1', '\\\\TestServer\\Data\\Pasports\\00275\\omeithstis.jpg');
INSERT INTO "public"."document" VALUES ('277', '277', '2016-12-03 00:00:00', '1', '\\\\TestServer\\Data\\Pasports\\00276\\netiforte.jpg');
INSERT INTO "public"."document" VALUES ('278', '278', '2016-12-10 00:00:00', '1', '\\\\TestServer\\Data\\Pasports\\00277\\thsetoere.jpg');
INSERT INTO "public"."document" VALUES ('279', '279', '2016-11-25 00:00:00', '1', '\\\\TestServer\\Data\\Pasports\\00278\\uldthather.jpg');
INSERT INTO "public"."document" VALUES ('280', '280', '2016-10-28 00:00:00', '1', '\\\\TestServer\\Data\\Pasports\\00279\\atnotanwas420.jpg');
INSERT INTO "public"."document" VALUES ('281', '281', '2016-10-29 00:00:00', '1', '\\\\TestServer\\Data\\Pasports\\00280\\eaverallted.jpg');
INSERT INTO "public"."document" VALUES ('282', '282', '2016-12-07 00:00:00', '1', '\\\\TestServer\\Data\\Pasports\\00281\\tererethive.jpg');
INSERT INTO "public"."document" VALUES ('283', '283', '2016-10-28 00:00:00', '1', '\\\\TestServer\\Data\\Pasports\\00282\\alltervernt.jpg');
INSERT INTO "public"."document" VALUES ('284', '284', '2016-10-28 00:00:00', '1', '\\\\TestServer\\Data\\Pasports\\00283\\resefor39.jpg');
INSERT INTO "public"."document" VALUES ('285', '285', '2016-12-02 00:00:00', '1', '\\\\TestServer\\Data\\Pasports\\00284\\stverseyou.jpg');
INSERT INTO "public"."document" VALUES ('286', '286', '2016-10-28 00:00:00', '1', '\\\\TestServer\\Data\\Pasports\\00285\\vehe88.jpg');
INSERT INTO "public"."document" VALUES ('287', '287', '2016-11-02 00:00:00', '1', '\\\\TestServer\\Data\\Pasports\\00286\\haand.jpg');
INSERT INTO "public"."document" VALUES ('288', '288', '2016-11-22 00:00:00', '1', '\\\\TestServer\\Data\\Pasports\\00287\\anntwaste99.jpg');
INSERT INTO "public"."document" VALUES ('289', '289', '2016-12-02 00:00:00', '1', '\\\\TestServer\\Data\\Pasports\\00288\\ithtothiyou.jpg');
INSERT INTO "public"."document" VALUES ('290', '290', '2016-12-09 00:00:00', '1', '\\\\TestServer\\Data\\Pasports\\00289\\hiare43.jpg');
INSERT INTO "public"."document" VALUES ('291', '291', '2016-11-02 00:00:00', '1', '\\\\TestServer\\Data\\Pasports\\00290\\verwithen6.jpg');
INSERT INTO "public"."document" VALUES ('292', '292', '2016-12-10 00:00:00', '1', '\\\\TestServer\\Data\\Pasports\\00291\\andat.jpg');
INSERT INTO "public"."document" VALUES ('293', '293', '2016-11-05 00:00:00', '1', '\\\\TestServer\\Data\\Pasports\\00292\\shoeain.jpg');
INSERT INTO "public"."document" VALUES ('294', '294', '2016-11-07 00:00:00', '1', '\\\\TestServer\\Data\\Pasports\\00293\\veallsho74.jpg');
INSERT INTO "public"."document" VALUES ('295', '295', '2016-10-28 00:00:00', '1', '\\\\TestServer\\Data\\Pasports\\00294\\ngnd.jpg');
INSERT INTO "public"."document" VALUES ('296', '296', '2016-12-06 00:00:00', '1', '\\\\TestServer\\Data\\Pasports\\00295\\tohat.jpg');
INSERT INTO "public"."document" VALUES ('297', '297', '2016-10-28 00:00:00', '1', '\\\\TestServer\\Data\\Pasports\\00296\\restntoul0.jpg');
INSERT INTO "public"."document" VALUES ('298', '298', '2016-11-14 00:00:00', '1', '\\\\TestServer\\Data\\Pasports\\00297\\ndathenle256.jpg');
INSERT INTO "public"."document" VALUES ('299', '299', '2016-10-31 00:00:00', '1', '\\\\TestServer\\Data\\Pasports\\00298\\artedhad80.jpg');
INSERT INTO "public"."document" VALUES ('300', '300', '2016-11-14 00:00:00', '1', '\\\\TestServer\\Data\\Pasports\\00299\\ndst.jpg');
INSERT INTO "public"."document" VALUES ('301', '301', '2016-10-28 00:00:00', '1', '\\\\TestServer\\Data\\Pasports\\00300\\eave74.jpg');
INSERT INTO "public"."document" VALUES ('302', '302', '2016-10-28 00:00:00', '1', '\\\\TestServer\\Data\\Pasports\\00301\\tedandhenith62.jpg');
INSERT INTO "public"."document" VALUES ('303', '303', '2016-11-13 00:00:00', '1', '\\\\TestServer\\Data\\Pasports\\00302\\youteral542.jpg');
INSERT INTO "public"."document" VALUES ('304', '304', '2016-10-28 00:00:00', '1', '\\\\TestServer\\Data\\Pasports\\00303\\thaneuldhad1.jpg');
INSERT INTO "public"."document" VALUES ('305', '305', '2016-12-09 00:00:00', '1', '\\\\TestServer\\Data\\Pasports\\00304\\washishintha1.jpg');
INSERT INTO "public"."document" VALUES ('306', '306', '2016-10-28 00:00:00', '1', '\\\\TestServer\\Data\\Pasports\\00305\\omeedtio.jpg');
INSERT INTO "public"."document" VALUES ('307', '307', '2016-12-02 00:00:00', '1', '\\\\TestServer\\Data\\Pasports\\00306\\never.jpg');
INSERT INTO "public"."document" VALUES ('308', '308', '2016-10-28 00:00:00', '1', '\\\\TestServer\\Data\\Pasports\\00307\\ntto61.jpg');
INSERT INTO "public"."document" VALUES ('309', '309', '2016-12-03 00:00:00', '1', '\\\\TestServer\\Data\\Pasports\\00308\\ittioonthe.jpg');
INSERT INTO "public"."document" VALUES ('310', '310', '2016-11-04 00:00:00', '1', '\\\\TestServer\\Data\\Pasports\\00309\\eatioouyou.jpg');
INSERT INTO "public"."document" VALUES ('311', '311', '2016-11-30 00:00:00', '1', '\\\\TestServer\\Data\\Pasports\\00310\\ntteesin619.jpg');
INSERT INTO "public"."document" VALUES ('312', '312', '2016-10-28 00:00:00', '1', '\\\\TestServer\\Data\\Pasports\\00311\\hadtehise.jpg');
INSERT INTO "public"."document" VALUES ('313', '313', '2016-11-05 00:00:00', '1', '\\\\TestServer\\Data\\Pasports\\00312\\vertheuldhi.jpg');
INSERT INTO "public"."document" VALUES ('314', '314', '2016-11-02 00:00:00', '1', '\\\\TestServer\\Data\\Pasports\\00313\\hadare.jpg');
INSERT INTO "public"."document" VALUES ('315', '315', '2016-12-10 00:00:00', '1', '\\\\TestServer\\Data\\Pasports\\00314\\itverallsho324.jpg');
INSERT INTO "public"."document" VALUES ('316', '316', '2016-11-13 00:00:00', '1', '\\\\TestServer\\Data\\Pasports\\00315\\tioourionion.jpg');
INSERT INTO "public"."document" VALUES ('317', '317', '2016-11-14 00:00:00', '1', '\\\\TestServer\\Data\\Pasports\\00316\\thase8.jpg');
INSERT INTO "public"."document" VALUES ('318', '318', '2016-11-06 00:00:00', '1', '\\\\TestServer\\Data\\Pasports\\00317\\eveome3.jpg');
INSERT INTO "public"."document" VALUES ('319', '319', '2016-10-28 00:00:00', '1', '\\\\TestServer\\Data\\Pasports\\00318\\ulderain.jpg');
INSERT INTO "public"."document" VALUES ('320', '320', '2016-11-06 00:00:00', '1', '\\\\TestServer\\Data\\Pasports\\00319\\enthenarwas.jpg');
INSERT INTO "public"."document" VALUES ('321', '321', '2016-12-10 00:00:00', '1', '\\\\TestServer\\Data\\Pasports\\00320\\hisnderaas.jpg');
INSERT INTO "public"."document" VALUES ('322', '322', '2016-11-04 00:00:00', '1', '\\\\TestServer\\Data\\Pasports\\00321\\onndinome.jpg');
INSERT INTO "public"."document" VALUES ('323', '323', '2016-11-14 00:00:00', '1', '\\\\TestServer\\Data\\Pasports\\00322\\erent.jpg');
INSERT INTO "public"."document" VALUES ('324', '324', '2016-12-09 00:00:00', '1', '\\\\TestServer\\Data\\Pasports\\00323\\thaion.jpg');
INSERT INTO "public"."document" VALUES ('325', '325', '2016-12-10 00:00:00', '1', '\\\\TestServer\\Data\\Pasports\\00324\\toas682.jpg');
INSERT INTO "public"."document" VALUES ('326', '326', '2016-10-30 00:00:00', '1', '\\\\TestServer\\Data\\Pasports\\00325\\onareteion.jpg');
INSERT INTO "public"."document" VALUES ('327', '327', '2016-10-28 00:00:00', '1', '\\\\TestServer\\Data\\Pasports\\00326\\erasho244.jpg');
INSERT INTO "public"."document" VALUES ('328', '328', '2016-11-16 00:00:00', '1', '\\\\TestServer\\Data\\Pasports\\00327\\erreevean.jpg');
INSERT INTO "public"."document" VALUES ('329', '329', '2016-11-13 00:00:00', '1', '\\\\TestServer\\Data\\Pasports\\00328\\edionandall.jpg');
INSERT INTO "public"."document" VALUES ('330', '330', '2016-11-29 00:00:00', '1', '\\\\TestServer\\Data\\Pasports\\00329\\tednesthad.jpg');
INSERT INTO "public"."document" VALUES ('331', '331', '2016-11-06 00:00:00', '1', '\\\\TestServer\\Data\\Pasports\\00330\\thoualall.jpg');
INSERT INTO "public"."document" VALUES ('332', '332', '2016-11-12 00:00:00', '1', '\\\\TestServer\\Data\\Pasports\\00331\\ndouredwit4.jpg');
INSERT INTO "public"."document" VALUES ('333', '333', '2016-10-28 00:00:00', '1', '\\\\TestServer\\Data\\Pasports\\00332\\henhadter.jpg');
INSERT INTO "public"."document" VALUES ('334', '334', '2016-12-08 00:00:00', '1', '\\\\TestServer\\Data\\Pasports\\00333\\herhistednt.jpg');
INSERT INTO "public"."document" VALUES ('335', '335', '2016-11-03 00:00:00', '1', '\\\\TestServer\\Data\\Pasports\\00334\\leverhisng.jpg');
INSERT INTO "public"."document" VALUES ('336', '336', '2016-10-31 00:00:00', '1', '\\\\TestServer\\Data\\Pasports\\00335\\ouortewit.jpg');
INSERT INTO "public"."document" VALUES ('337', '337', '2016-11-04 00:00:00', '1', '\\\\TestServer\\Data\\Pasports\\00336\\este.jpg');
INSERT INTO "public"."document" VALUES ('338', '338', '2016-11-06 00:00:00', '1', '\\\\TestServer\\Data\\Pasports\\00337\\toeraen77.jpg');
INSERT INTO "public"."document" VALUES ('339', '339', '2016-10-28 00:00:00', '1', '\\\\TestServer\\Data\\Pasports\\00338\\hewas685.jpg');
INSERT INTO "public"."document" VALUES ('340', '340', '2016-11-07 00:00:00', '1', '\\\\TestServer\\Data\\Pasports\\00339\\eaisattio.jpg');
INSERT INTO "public"."document" VALUES ('341', '341', '2016-10-28 00:00:00', '1', '\\\\TestServer\\Data\\Pasports\\00340\\ener176.jpg');
INSERT INTO "public"."document" VALUES ('342', '342', '2016-11-10 00:00:00', '1', '\\\\TestServer\\Data\\Pasports\\00341\\haallverand.jpg');
INSERT INTO "public"."document" VALUES ('343', '343', '2016-10-28 00:00:00', '1', '\\\\TestServer\\Data\\Pasports\\00342\\ouwashial.jpg');
INSERT INTO "public"."document" VALUES ('344', '344', '2016-10-29 00:00:00', '1', '\\\\TestServer\\Data\\Pasports\\00343\\onth844.jpg');
INSERT INTO "public"."document" VALUES ('345', '345', '2016-10-31 00:00:00', '1', '\\\\TestServer\\Data\\Pasports\\00344\\orourhates.jpg');
INSERT INTO "public"."document" VALUES ('346', '346', '2016-11-08 00:00:00', '1', '\\\\TestServer\\Data\\Pasports\\00345\\ngera461.jpg');
INSERT INTO "public"."document" VALUES ('347', '347', '2016-12-06 00:00:00', '1', '\\\\TestServer\\Data\\Pasports\\00346\\wasonall.jpg');
INSERT INTO "public"."document" VALUES ('348', '348', '2016-11-21 00:00:00', '1', '\\\\TestServer\\Data\\Pasports\\00347\\thahenle365.jpg');
INSERT INTO "public"."document" VALUES ('349', '349', '2016-10-28 00:00:00', '1', '\\\\TestServer\\Data\\Pasports\\00348\\areouritent840.jpg');
INSERT INTO "public"."document" VALUES ('350', '350', '2016-11-01 00:00:00', '1', '\\\\TestServer\\Data\\Pasports\\00349\\teasalan.jpg');
INSERT INTO "public"."document" VALUES ('351', '351', '2016-12-06 00:00:00', '1', '\\\\TestServer\\Data\\Pasports\\00350\\ntveroueve37.jpg');
INSERT INTO "public"."document" VALUES ('352', '352', '2016-12-03 00:00:00', '1', '\\\\TestServer\\Data\\Pasports\\00351\\erahaderehe.jpg');
INSERT INTO "public"."document" VALUES ('353', '353', '2016-10-28 00:00:00', '1', '\\\\TestServer\\Data\\Pasports\\00352\\reomebuting.jpg');
INSERT INTO "public"."document" VALUES ('354', '354', '2016-10-28 00:00:00', '1', '\\\\TestServer\\Data\\Pasports\\00353\\ingntforou.jpg');
INSERT INTO "public"."document" VALUES ('355', '355', '2016-10-28 00:00:00', '1', '\\\\TestServer\\Data\\Pasports\\00354\\ioninntyou.jpg');
INSERT INTO "public"."document" VALUES ('356', '356', '2016-12-02 00:00:00', '1', '\\\\TestServer\\Data\\Pasports\\00355\\eraeveinghad.jpg');
INSERT INTO "public"."document" VALUES ('357', '357', '2016-11-28 00:00:00', '1', '\\\\TestServer\\Data\\Pasports\\00356\\nearntand4.jpg');
INSERT INTO "public"."document" VALUES ('358', '358', '2016-11-01 00:00:00', '1', '\\\\TestServer\\Data\\Pasports\\00357\\tewaallal.jpg');
INSERT INTO "public"."document" VALUES ('359', '359', '2016-12-03 00:00:00', '1', '\\\\TestServer\\Data\\Pasports\\00358\\eron315.jpg');
INSERT INTO "public"."document" VALUES ('360', '360', '2016-10-28 00:00:00', '1', '\\\\TestServer\\Data\\Pasports\\00359\\tothihinare.jpg');
INSERT INTO "public"."document" VALUES ('361', '361', '2016-10-28 00:00:00', '1', '\\\\TestServer\\Data\\Pasports\\00360\\hemeinte0.jpg');
INSERT INTO "public"."document" VALUES ('362', '362', '2016-11-17 00:00:00', '1', '\\\\TestServer\\Data\\Pasports\\00361\\henanyououl9.jpg');
INSERT INTO "public"."document" VALUES ('363', '363', '2016-10-30 00:00:00', '1', '\\\\TestServer\\Data\\Pasports\\00362\\ingneomeome212.jpg');
INSERT INTO "public"."document" VALUES ('364', '364', '2016-11-08 00:00:00', '1', '\\\\TestServer\\Data\\Pasports\\00363\\uldera.jpg');
INSERT INTO "public"."document" VALUES ('365', '365', '2016-10-28 00:00:00', '1', '\\\\TestServer\\Data\\Pasports\\00364\\heromeed829.jpg');
INSERT INTO "public"."document" VALUES ('366', '366', '2016-11-18 00:00:00', '1', '\\\\TestServer\\Data\\Pasports\\00365\\stwas273.jpg');
INSERT INTO "public"."document" VALUES ('367', '367', '2016-11-20 00:00:00', '1', '\\\\TestServer\\Data\\Pasports\\00366\\asatoror.jpg');
INSERT INTO "public"."document" VALUES ('368', '368', '2016-11-27 00:00:00', '1', '\\\\TestServer\\Data\\Pasports\\00367\\entat.jpg');
INSERT INTO "public"."document" VALUES ('369', '369', '2016-11-30 00:00:00', '1', '\\\\TestServer\\Data\\Pasports\\00368\\ndhe.jpg');
INSERT INTO "public"."document" VALUES ('370', '370', '2016-10-30 00:00:00', '1', '\\\\TestServer\\Data\\Pasports\\00369\\allhenanver.jpg');
INSERT INTO "public"."document" VALUES ('371', '371', '2016-10-28 00:00:00', '1', '\\\\TestServer\\Data\\Pasports\\00370\\hathaleti.jpg');
INSERT INTO "public"."document" VALUES ('372', '372', '2016-11-29 00:00:00', '1', '\\\\TestServer\\Data\\Pasports\\00371\\seve142.jpg');
INSERT INTO "public"."document" VALUES ('373', '373', '2016-12-07 00:00:00', '1', '\\\\TestServer\\Data\\Pasports\\00372\\hesho.jpg');
INSERT INTO "public"."document" VALUES ('374', '374', '2016-11-08 00:00:00', '1', '\\\\TestServer\\Data\\Pasports\\00373\\thbutinbut.jpg');
INSERT INTO "public"."document" VALUES ('375', '375', '2016-11-16 00:00:00', '1', '\\\\TestServer\\Data\\Pasports\\00374\\veasarher.jpg');
INSERT INTO "public"."document" VALUES ('376', '376', '2016-10-30 00:00:00', '1', '\\\\TestServer\\Data\\Pasports\\00375\\seenstver.jpg');
INSERT INTO "public"."document" VALUES ('377', '377', '2016-10-28 00:00:00', '1', '\\\\TestServer\\Data\\Pasports\\00376\\heninouhi.jpg');
INSERT INTO "public"."document" VALUES ('378', '378', '2016-11-29 00:00:00', '1', '\\\\TestServer\\Data\\Pasports\\00377\\initwitare.jpg');
INSERT INTO "public"."document" VALUES ('379', '379', '2016-10-28 00:00:00', '1', '\\\\TestServer\\Data\\Pasports\\00378\\youthing.jpg');
INSERT INTO "public"."document" VALUES ('380', '380', '2016-10-30 00:00:00', '1', '\\\\TestServer\\Data\\Pasports\\00379\\thaedwit.jpg');
INSERT INTO "public"."document" VALUES ('381', '381', '2016-11-15 00:00:00', '1', '\\\\TestServer\\Data\\Pasports\\00380\\ourthiandin.jpg');
INSERT INTO "public"."document" VALUES ('382', '382', '2016-11-03 00:00:00', '1', '\\\\TestServer\\Data\\Pasports\\00381\\netiith.jpg');
INSERT INTO "public"."document" VALUES ('383', '383', '2016-10-28 00:00:00', '1', '\\\\TestServer\\Data\\Pasports\\00382\\tedreyoune901.jpg');
INSERT INTO "public"."document" VALUES ('384', '384', '2016-11-19 00:00:00', '1', '\\\\TestServer\\Data\\Pasports\\00383\\tiotiowasal.jpg');
INSERT INTO "public"."document" VALUES ('385', '385', '2016-12-03 00:00:00', '1', '\\\\TestServer\\Data\\Pasports\\00384\\intiontand.jpg');
INSERT INTO "public"."document" VALUES ('386', '386', '2016-11-03 00:00:00', '1', '\\\\TestServer\\Data\\Pasports\\00385\\entreinou12.jpg');
INSERT INTO "public"."document" VALUES ('387', '387', '2016-11-21 00:00:00', '1', '\\\\TestServer\\Data\\Pasports\\00386\\erabut.jpg');
INSERT INTO "public"."document" VALUES ('388', '388', '2016-10-28 00:00:00', '1', '\\\\TestServer\\Data\\Pasports\\00387\\tiisbutit7.jpg');
INSERT INTO "public"."document" VALUES ('389', '389', '2016-11-11 00:00:00', '1', '\\\\TestServer\\Data\\Pasports\\00388\\andatou.jpg');
INSERT INTO "public"."document" VALUES ('390', '390', '2016-11-07 00:00:00', '1', '\\\\TestServer\\Data\\Pasports\\00389\\theveenon887.jpg');
INSERT INTO "public"."document" VALUES ('391', '391', '2016-11-09 00:00:00', '1', '\\\\TestServer\\Data\\Pasports\\00390\\attehinle.jpg');
INSERT INTO "public"."document" VALUES ('392', '392', '2016-12-10 00:00:00', '1', '\\\\TestServer\\Data\\Pasports\\00391\\ithto372.jpg');
INSERT INTO "public"."document" VALUES ('393', '393', '2016-11-18 00:00:00', '1', '\\\\TestServer\\Data\\Pasports\\00392\\ourtihisthe5.jpg');
INSERT INTO "public"."document" VALUES ('394', '394', '2016-10-28 00:00:00', '1', '\\\\TestServer\\Data\\Pasports\\00393\\heith653.jpg');
INSERT INTO "public"."document" VALUES ('395', '395', '2016-10-30 00:00:00', '1', '\\\\TestServer\\Data\\Pasports\\00394\\teyouheit.jpg');
INSERT INTO "public"."document" VALUES ('396', '396', '2016-12-01 00:00:00', '1', '\\\\TestServer\\Data\\Pasports\\00395\\ithngsho.jpg');
INSERT INTO "public"."document" VALUES ('397', '397', '2016-12-04 00:00:00', '1', '\\\\TestServer\\Data\\Pasports\\00396\\thaalingou.jpg');
INSERT INTO "public"."document" VALUES ('398', '398', '2016-10-31 00:00:00', '1', '\\\\TestServer\\Data\\Pasports\\00397\\totediten.jpg');
INSERT INTO "public"."document" VALUES ('399', '399', '2016-11-04 00:00:00', '1', '\\\\TestServer\\Data\\Pasports\\00398\\ndasshoin.jpg');
INSERT INTO "public"."document" VALUES ('400', '400', '2016-11-13 00:00:00', '1', '\\\\TestServer\\Data\\Pasports\\00399\\eathehisas.jpg');
INSERT INTO "public"."document" VALUES ('401', '401', '2016-11-17 00:00:00', '1', '\\\\TestServer\\Data\\Pasports\\00400\\isne.jpg');
INSERT INTO "public"."document" VALUES ('402', '402', '2016-10-28 00:00:00', '1', '\\\\TestServer\\Data\\Pasports\\00401\\arin.jpg');
INSERT INTO "public"."document" VALUES ('403', '403', '2016-11-14 00:00:00', '1', '\\\\TestServer\\Data\\Pasports\\00402\\hatthhadith.jpg');
INSERT INTO "public"."document" VALUES ('404', '404', '2016-11-23 00:00:00', '1', '\\\\TestServer\\Data\\Pasports\\00403\\uldaltedter.jpg');
INSERT INTO "public"."document" VALUES ('405', '405', '2016-11-29 00:00:00', '1', '\\\\TestServer\\Data\\Pasports\\00404\\omehin.jpg');
INSERT INTO "public"."document" VALUES ('406', '406', '2016-11-22 00:00:00', '1', '\\\\TestServer\\Data\\Pasports\\00405\\andhinentter.jpg');
INSERT INTO "public"."document" VALUES ('407', '407', '2016-12-03 00:00:00', '1', '\\\\TestServer\\Data\\Pasports\\00406\\ittiionte.jpg');
INSERT INTO "public"."document" VALUES ('408', '408', '2016-11-27 00:00:00', '1', '\\\\TestServer\\Data\\Pasports\\00407\\hisveesall4.jpg');
INSERT INTO "public"."document" VALUES ('409', '409', '2016-10-29 00:00:00', '1', '\\\\TestServer\\Data\\Pasports\\00408\\tioes.jpg');
INSERT INTO "public"."document" VALUES ('410', '410', '2016-12-02 00:00:00', '1', '\\\\TestServer\\Data\\Pasports\\00409\\heningandme.jpg');
INSERT INTO "public"."document" VALUES ('411', '411', '2016-11-04 00:00:00', '1', '\\\\TestServer\\Data\\Pasports\\00410\\terhare.jpg');
INSERT INTO "public"."document" VALUES ('412', '412', '2016-11-04 00:00:00', '1', '\\\\TestServer\\Data\\Pasports\\00411\\ontiedes.jpg');
INSERT INTO "public"."document" VALUES ('413', '413', '2016-11-12 00:00:00', '1', '\\\\TestServer\\Data\\Pasports\\00412\\forthewitar.jpg');
INSERT INTO "public"."document" VALUES ('414', '414', '2016-11-18 00:00:00', '1', '\\\\TestServer\\Data\\Pasports\\00413\\evehaashen.jpg');
INSERT INTO "public"."document" VALUES ('415', '415', '2016-11-04 00:00:00', '1', '\\\\TestServer\\Data\\Pasports\\00414\\notareeshin.jpg');
INSERT INTO "public"."document" VALUES ('416', '416', '2016-12-09 00:00:00', '1', '\\\\TestServer\\Data\\Pasports\\00415\\titi.jpg');
INSERT INTO "public"."document" VALUES ('417', '417', '2016-10-28 00:00:00', '1', '\\\\TestServer\\Data\\Pasports\\00416\\asinorhe891.jpg');
INSERT INTO "public"."document" VALUES ('418', '418', '2016-10-28 00:00:00', '1', '\\\\TestServer\\Data\\Pasports\\00417\\tiotefor.jpg');
INSERT INTO "public"."document" VALUES ('419', '419', '2016-10-28 00:00:00', '1', '\\\\TestServer\\Data\\Pasports\\00418\\stareheral.jpg');
INSERT INTO "public"."document" VALUES ('420', '420', '2016-10-28 00:00:00', '1', '\\\\TestServer\\Data\\Pasports\\00419\\ststhad569.jpg');
INSERT INTO "public"."document" VALUES ('421', '421', '2016-11-10 00:00:00', '1', '\\\\TestServer\\Data\\Pasports\\00420\\onthengas.jpg');
INSERT INTO "public"."document" VALUES ('422', '422', '2016-10-30 00:00:00', '1', '\\\\TestServer\\Data\\Pasports\\00421\\erewa.jpg');
INSERT INTO "public"."document" VALUES ('423', '423', '2016-11-01 00:00:00', '1', '\\\\TestServer\\Data\\Pasports\\00422\\butionoulst826.jpg');
INSERT INTO "public"."document" VALUES ('424', '424', '2016-11-15 00:00:00', '1', '\\\\TestServer\\Data\\Pasports\\00423\\allverve159.jpg');
INSERT INTO "public"."document" VALUES ('425', '425', '2016-10-28 00:00:00', '1', '\\\\TestServer\\Data\\Pasports\\00424\\alwaeveal.jpg');
INSERT INTO "public"."document" VALUES ('426', '426', '2016-11-16 00:00:00', '1', '\\\\TestServer\\Data\\Pasports\\00425\\estha35.jpg');
INSERT INTO "public"."document" VALUES ('427', '427', '2016-11-08 00:00:00', '1', '\\\\TestServer\\Data\\Pasports\\00426\\ionwas600.jpg');
INSERT INTO "public"."document" VALUES ('428', '428', '2016-11-13 00:00:00', '1', '\\\\TestServer\\Data\\Pasports\\00427\\tedre471.jpg');
INSERT INTO "public"."document" VALUES ('429', '429', '2016-11-07 00:00:00', '1', '\\\\TestServer\\Data\\Pasports\\00428\\forionnotte66.jpg');
INSERT INTO "public"."document" VALUES ('430', '430', '2016-11-20 00:00:00', '1', '\\\\TestServer\\Data\\Pasports\\00429\\enou77.jpg');
INSERT INTO "public"."document" VALUES ('431', '431', '2016-10-28 00:00:00', '1', '\\\\TestServer\\Data\\Pasports\\00430\\henhaionne393.jpg');
INSERT INTO "public"."document" VALUES ('432', '432', '2016-11-28 00:00:00', '1', '\\\\TestServer\\Data\\Pasports\\00431\\wainthi327.jpg');
INSERT INTO "public"."document" VALUES ('433', '433', '2016-11-28 00:00:00', '1', '\\\\TestServer\\Data\\Pasports\\00432\\uldsttiter.jpg');
INSERT INTO "public"."document" VALUES ('434', '434', '2016-11-14 00:00:00', '1', '\\\\TestServer\\Data\\Pasports\\00433\\stallionas7.jpg');
INSERT INTO "public"."document" VALUES ('435', '435', '2016-11-15 00:00:00', '1', '\\\\TestServer\\Data\\Pasports\\00434\\heandleome.jpg');
INSERT INTO "public"."document" VALUES ('436', '436', '2016-10-28 00:00:00', '1', '\\\\TestServer\\Data\\Pasports\\00435\\ithteyouent.jpg');
INSERT INTO "public"."document" VALUES ('437', '437', '2016-12-01 00:00:00', '1', '\\\\TestServer\\Data\\Pasports\\00436\\shothiterng.jpg');
INSERT INTO "public"."document" VALUES ('438', '438', '2016-11-18 00:00:00', '1', '\\\\TestServer\\Data\\Pasports\\00437\\outio.jpg');
INSERT INTO "public"."document" VALUES ('439', '439', '2016-10-28 00:00:00', '1', '\\\\TestServer\\Data\\Pasports\\00438\\andat.jpg');
INSERT INTO "public"."document" VALUES ('440', '440', '2016-11-25 00:00:00', '1', '\\\\TestServer\\Data\\Pasports\\00439\\enares103.jpg');
INSERT INTO "public"."document" VALUES ('441', '441', '2016-11-06 00:00:00', '1', '\\\\TestServer\\Data\\Pasports\\00440\\nterteren.jpg');
INSERT INTO "public"."document" VALUES ('442', '442', '2016-10-31 00:00:00', '1', '\\\\TestServer\\Data\\Pasports\\00441\\hennteretha.jpg');
INSERT INTO "public"."document" VALUES ('443', '443', '2016-11-29 00:00:00', '1', '\\\\TestServer\\Data\\Pasports\\00442\\nghahis8.jpg');
INSERT INTO "public"."document" VALUES ('444', '444', '2016-11-01 00:00:00', '1', '\\\\TestServer\\Data\\Pasports\\00443\\andteent.jpg');
INSERT INTO "public"."document" VALUES ('445', '445', '2016-11-03 00:00:00', '1', '\\\\TestServer\\Data\\Pasports\\00444\\leashauld.jpg');
INSERT INTO "public"."document" VALUES ('446', '446', '2016-11-12 00:00:00', '1', '\\\\TestServer\\Data\\Pasports\\00445\\henmehahad.jpg');
INSERT INTO "public"."document" VALUES ('447', '447', '2016-11-03 00:00:00', '1', '\\\\TestServer\\Data\\Pasports\\00446\\oulthmehad062.jpg');
INSERT INTO "public"."document" VALUES ('448', '448', '2016-12-08 00:00:00', '1', '\\\\TestServer\\Data\\Pasports\\00447\\henortiyou.jpg');
INSERT INTO "public"."document" VALUES ('449', '449', '2016-12-02 00:00:00', '1', '\\\\TestServer\\Data\\Pasports\\00448\\isyouit065.jpg');
INSERT INTO "public"."document" VALUES ('450', '450', '2016-10-29 00:00:00', '1', '\\\\TestServer\\Data\\Pasports\\00449\\hiher.jpg');
INSERT INTO "public"."document" VALUES ('451', '451', '2016-11-19 00:00:00', '1', '\\\\TestServer\\Data\\Pasports\\00450\\andarewahis.jpg');
INSERT INTO "public"."document" VALUES ('452', '452', '2016-10-28 00:00:00', '1', '\\\\TestServer\\Data\\Pasports\\00451\\nereonat.jpg');
INSERT INTO "public"."document" VALUES ('453', '453', '2016-11-05 00:00:00', '1', '\\\\TestServer\\Data\\Pasports\\00452\\uldter674.jpg');
INSERT INTO "public"."document" VALUES ('454', '454', '2016-11-01 00:00:00', '1', '\\\\TestServer\\Data\\Pasports\\00453\\hathaver.jpg');
INSERT INTO "public"."document" VALUES ('455', '455', '2016-11-10 00:00:00', '1', '\\\\TestServer\\Data\\Pasports\\00454\\rethiveen601.jpg');
INSERT INTO "public"."document" VALUES ('456', '456', '2016-11-30 00:00:00', '1', '\\\\TestServer\\Data\\Pasports\\00455\\tedoulnotand953.jpg');
INSERT INTO "public"."document" VALUES ('457', '457', '2016-11-13 00:00:00', '1', '\\\\TestServer\\Data\\Pasports\\00456\\thiingwitwas.jpg');
INSERT INTO "public"."document" VALUES ('458', '458', '2016-10-28 00:00:00', '1', '\\\\TestServer\\Data\\Pasports\\00457\\tiowitis640.jpg');
INSERT INTO "public"."document" VALUES ('459', '459', '2016-12-09 00:00:00', '1', '\\\\TestServer\\Data\\Pasports\\00458\\tedion.jpg');
INSERT INTO "public"."document" VALUES ('460', '460', '2016-11-27 00:00:00', '1', '\\\\TestServer\\Data\\Pasports\\00459\\hisarebutith03.jpg');
INSERT INTO "public"."document" VALUES ('461', '461', '2016-10-28 00:00:00', '1', '\\\\TestServer\\Data\\Pasports\\00460\\neera08.jpg');
INSERT INTO "public"."document" VALUES ('462', '462', '2016-12-02 00:00:00', '1', '\\\\TestServer\\Data\\Pasports\\00461\\entinverand403.jpg');
INSERT INTO "public"."document" VALUES ('463', '463', '2016-11-09 00:00:00', '1', '\\\\TestServer\\Data\\Pasports\\00462\\uldwitforfor6.jpg');
INSERT INTO "public"."document" VALUES ('464', '464', '2016-11-28 00:00:00', '1', '\\\\TestServer\\Data\\Pasports\\00463\\tehiis0.jpg');
INSERT INTO "public"."document" VALUES ('465', '465', '2016-11-14 00:00:00', '1', '\\\\TestServer\\Data\\Pasports\\00464\\allngonas.jpg');
INSERT INTO "public"."document" VALUES ('466', '466', '2016-12-05 00:00:00', '1', '\\\\TestServer\\Data\\Pasports\\00465\\eraalstit799.jpg');
INSERT INTO "public"."document" VALUES ('467', '467', '2016-10-28 00:00:00', '1', '\\\\TestServer\\Data\\Pasports\\00466\\shooris439.jpg');
INSERT INTO "public"."document" VALUES ('468', '468', '2016-11-24 00:00:00', '1', '\\\\TestServer\\Data\\Pasports\\00467\\leion.jpg');
INSERT INTO "public"."document" VALUES ('469', '469', '2016-11-01 00:00:00', '1', '\\\\TestServer\\Data\\Pasports\\00468\\entletohat.jpg');
INSERT INTO "public"."document" VALUES ('470', '470', '2016-11-01 00:00:00', '1', '\\\\TestServer\\Data\\Pasports\\00469\\notinalen.jpg');
INSERT INTO "public"."document" VALUES ('471', '471', '2016-12-08 00:00:00', '1', '\\\\TestServer\\Data\\Pasports\\00470\\reent.jpg');
INSERT INTO "public"."document" VALUES ('472', '472', '2016-11-05 00:00:00', '1', '\\\\TestServer\\Data\\Pasports\\00471\\ertoereyou22.jpg');
INSERT INTO "public"."document" VALUES ('473', '473', '2016-11-03 00:00:00', '1', '\\\\TestServer\\Data\\Pasports\\00472\\henoularesho917.jpg');
INSERT INTO "public"."document" VALUES ('474', '474', '2016-11-29 00:00:00', '1', '\\\\TestServer\\Data\\Pasports\\00473\\leentme07.jpg');
INSERT INTO "public"."document" VALUES ('475', '475', '2016-11-18 00:00:00', '1', '\\\\TestServer\\Data\\Pasports\\00474\\hernttheto858.jpg');
INSERT INTO "public"."document" VALUES ('476', '476', '2016-10-30 00:00:00', '1', '\\\\TestServer\\Data\\Pasports\\00475\\hire.jpg');
INSERT INTO "public"."document" VALUES ('477', '477', '2016-11-04 00:00:00', '1', '\\\\TestServer\\Data\\Pasports\\00476\\uldstre301.jpg');
INSERT INTO "public"."document" VALUES ('478', '478', '2016-11-24 00:00:00', '1', '\\\\TestServer\\Data\\Pasports\\00477\\vetermever81.jpg');
INSERT INTO "public"."document" VALUES ('479', '479', '2016-12-04 00:00:00', '1', '\\\\TestServer\\Data\\Pasports\\00478\\arehiswato.jpg');
INSERT INTO "public"."document" VALUES ('480', '480', '2016-12-04 00:00:00', '1', '\\\\TestServer\\Data\\Pasports\\00479\\alisarar.jpg');
INSERT INTO "public"."document" VALUES ('481', '481', '2016-10-28 00:00:00', '1', '\\\\TestServer\\Data\\Pasports\\00480\\enttio.jpg');
INSERT INTO "public"."document" VALUES ('482', '482', '2016-11-22 00:00:00', '1', '\\\\TestServer\\Data\\Pasports\\00481\\evebutourme.jpg');
INSERT INTO "public"."document" VALUES ('483', '483', '2016-10-28 00:00:00', '1', '\\\\TestServer\\Data\\Pasports\\00482\\uldornethe.jpg');
INSERT INTO "public"."document" VALUES ('484', '484', '2016-10-28 00:00:00', '1', '\\\\TestServer\\Data\\Pasports\\00483\\ionthoulit.jpg');
INSERT INTO "public"."document" VALUES ('485', '485', '2016-10-28 00:00:00', '1', '\\\\TestServer\\Data\\Pasports\\00484\\ththiitto.jpg');
INSERT INTO "public"."document" VALUES ('486', '486', '2016-11-19 00:00:00', '1', '\\\\TestServer\\Data\\Pasports\\00485\\eshisates.jpg');
INSERT INTO "public"."document" VALUES ('487', '487', '2016-10-28 00:00:00', '1', '\\\\TestServer\\Data\\Pasports\\00486\\alhehatnot.jpg');
INSERT INTO "public"."document" VALUES ('488', '488', '2016-12-08 00:00:00', '1', '\\\\TestServer\\Data\\Pasports\\00487\\ingantiohin.jpg');
INSERT INTO "public"."document" VALUES ('489', '489', '2016-10-28 00:00:00', '1', '\\\\TestServer\\Data\\Pasports\\00488\\asomeareome1.jpg');
INSERT INTO "public"."document" VALUES ('490', '490', '2016-11-09 00:00:00', '1', '\\\\TestServer\\Data\\Pasports\\00489\\erethitioha.jpg');
INSERT INTO "public"."document" VALUES ('491', '491', '2016-12-07 00:00:00', '1', '\\\\TestServer\\Data\\Pasports\\00490\\antohithi1.jpg');
INSERT INTO "public"."document" VALUES ('492', '492', '2016-11-18 00:00:00', '1', '\\\\TestServer\\Data\\Pasports\\00491\\enallverre.jpg');
INSERT INTO "public"."document" VALUES ('493', '493', '2016-12-09 00:00:00', '1', '\\\\TestServer\\Data\\Pasports\\00492\\hatermeth.jpg');
INSERT INTO "public"."document" VALUES ('494', '494', '2016-12-05 00:00:00', '1', '\\\\TestServer\\Data\\Pasports\\00493\\hiesthiere.jpg');
INSERT INTO "public"."document" VALUES ('495', '495', '2016-10-28 00:00:00', '1', '\\\\TestServer\\Data\\Pasports\\00494\\tedstshoing.jpg');
INSERT INTO "public"."document" VALUES ('496', '496', '2016-11-02 00:00:00', '1', '\\\\TestServer\\Data\\Pasports\\00495\\enforent20.jpg');
INSERT INTO "public"."document" VALUES ('497', '497', '2016-10-28 00:00:00', '1', '\\\\TestServer\\Data\\Pasports\\00496\\entingheera2.jpg');
INSERT INTO "public"."document" VALUES ('498', '498', '2016-11-08 00:00:00', '1', '\\\\TestServer\\Data\\Pasports\\00497\\inaning4.jpg');
INSERT INTO "public"."document" VALUES ('499', '499', '2016-11-13 00:00:00', '1', '\\\\TestServer\\Data\\Pasports\\00498\\oroulan898.jpg');
INSERT INTO "public"."document" VALUES ('500', '500', '2016-11-24 00:00:00', '1', '\\\\TestServer\\Data\\Pasports\\00499\\ionat35.jpg');
INSERT INTO "public"."document" VALUES ('501', '501', '2016-11-29 00:00:00', '1', '\\\\TestServer\\Data\\Pasports\\00500\\hiformene.jpg');
INSERT INTO "public"."document" VALUES ('502', '502', '2016-12-05 00:00:00', '1', '\\\\TestServer\\Data\\Pasports\\00501\\hintheonall.jpg');
INSERT INTO "public"."document" VALUES ('503', '503', '2016-11-03 00:00:00', '1', '\\\\TestServer\\Data\\Pasports\\00502\\ithererver.jpg');
INSERT INTO "public"."document" VALUES ('504', '504', '2016-10-28 00:00:00', '1', '\\\\TestServer\\Data\\Pasports\\00503\\ithnoternd781.jpg');
INSERT INTO "public"."document" VALUES ('505', '505', '2016-11-29 00:00:00', '1', '\\\\TestServer\\Data\\Pasports\\00504\\ndhadse306.jpg');
INSERT INTO "public"."document" VALUES ('506', '506', '2016-10-28 00:00:00', '1', '\\\\TestServer\\Data\\Pasports\\00505\\thentrees.jpg');
INSERT INTO "public"."document" VALUES ('507', '507', '2016-11-15 00:00:00', '1', '\\\\TestServer\\Data\\Pasports\\00506\\shoallsteve.jpg');
INSERT INTO "public"."document" VALUES ('508', '508', '2016-11-17 00:00:00', '1', '\\\\TestServer\\Data\\Pasports\\00507\\notal.jpg');
INSERT INTO "public"."document" VALUES ('509', '509', '2016-12-09 00:00:00', '1', '\\\\TestServer\\Data\\Pasports\\00508\\ouritith39.jpg');
INSERT INTO "public"."document" VALUES ('510', '510', '2016-11-16 00:00:00', '1', '\\\\TestServer\\Data\\Pasports\\00509\\foralluldas.jpg');
INSERT INTO "public"."document" VALUES ('511', '511', '2016-11-03 00:00:00', '1', '\\\\TestServer\\Data\\Pasports\\00510\\isenttoer.jpg');
INSERT INTO "public"."document" VALUES ('512', '512', '2016-11-18 00:00:00', '1', '\\\\TestServer\\Data\\Pasports\\00511\\theomendne.jpg');
INSERT INTO "public"."document" VALUES ('513', '513', '2016-11-16 00:00:00', '1', '\\\\TestServer\\Data\\Pasports\\00512\\wasver1.jpg');
INSERT INTO "public"."document" VALUES ('514', '514', '2016-11-12 00:00:00', '1', '\\\\TestServer\\Data\\Pasports\\00513\\omereat178.jpg');
INSERT INTO "public"."document" VALUES ('515', '515', '2016-10-28 00:00:00', '1', '\\\\TestServer\\Data\\Pasports\\00514\\ourhatvering.jpg');
INSERT INTO "public"."document" VALUES ('516', '516', '2016-11-07 00:00:00', '1', '\\\\TestServer\\Data\\Pasports\\00515\\buthierthi.jpg');
INSERT INTO "public"."document" VALUES ('517', '517', '2016-10-31 00:00:00', '1', '\\\\TestServer\\Data\\Pasports\\00516\\erethbutere98.jpg');
INSERT INTO "public"."document" VALUES ('518', '518', '2016-11-14 00:00:00', '1', '\\\\TestServer\\Data\\Pasports\\00517\\ithtionotea.jpg');
INSERT INTO "public"."document" VALUES ('519', '519', '2016-10-28 00:00:00', '1', '\\\\TestServer\\Data\\Pasports\\00518\\hiometien.jpg');
INSERT INTO "public"."document" VALUES ('520', '520', '2016-10-28 00:00:00', '1', '\\\\TestServer\\Data\\Pasports\\00519\\ingndingth544.jpg');
INSERT INTO "public"."document" VALUES ('521', '521', '2016-11-25 00:00:00', '1', '\\\\TestServer\\Data\\Pasports\\00520\\albutionan.jpg');
INSERT INTO "public"."document" VALUES ('522', '522', '2016-11-06 00:00:00', '1', '\\\\TestServer\\Data\\Pasports\\00521\\ngvereveith.jpg');
INSERT INTO "public"."document" VALUES ('523', '523', '2016-11-23 00:00:00', '1', '\\\\TestServer\\Data\\Pasports\\00522\\hadthierwit35.jpg');
INSERT INTO "public"."document" VALUES ('524', '524', '2016-10-29 00:00:00', '1', '\\\\TestServer\\Data\\Pasports\\00523\\isth8.jpg');
INSERT INTO "public"."document" VALUES ('525', '525', '2016-11-29 00:00:00', '1', '\\\\TestServer\\Data\\Pasports\\00524\\iningnghen.jpg');
INSERT INTO "public"."document" VALUES ('526', '526', '2016-11-16 00:00:00', '1', '\\\\TestServer\\Data\\Pasports\\00525\\oulhenithnt.jpg');
INSERT INTO "public"."document" VALUES ('527', '527', '2016-11-11 00:00:00', '1', '\\\\TestServer\\Data\\Pasports\\00526\\areeremeen.jpg');
INSERT INTO "public"."document" VALUES ('528', '528', '2016-11-11 00:00:00', '1', '\\\\TestServer\\Data\\Pasports\\00527\\tedtoandver.jpg');
INSERT INTO "public"."document" VALUES ('529', '529', '2016-10-28 00:00:00', '1', '\\\\TestServer\\Data\\Pasports\\00528\\heoumefor.jpg');
INSERT INTO "public"."document" VALUES ('530', '530', '2016-12-06 00:00:00', '1', '\\\\TestServer\\Data\\Pasports\\00529\\evethe507.jpg');
INSERT INTO "public"."document" VALUES ('531', '531', '2016-12-05 00:00:00', '1', '\\\\TestServer\\Data\\Pasports\\00530\\ententeveit.jpg');
INSERT INTO "public"."document" VALUES ('532', '532', '2016-11-20 00:00:00', '1', '\\\\TestServer\\Data\\Pasports\\00531\\itwit.jpg');
INSERT INTO "public"."document" VALUES ('533', '533', '2016-11-23 00:00:00', '1', '\\\\TestServer\\Data\\Pasports\\00532\\nothateafor282.jpg');
INSERT INTO "public"."document" VALUES ('534', '534', '2016-11-07 00:00:00', '1', '\\\\TestServer\\Data\\Pasports\\00533\\eraveou9.jpg');
INSERT INTO "public"."document" VALUES ('535', '535', '2016-10-28 00:00:00', '1', '\\\\TestServer\\Data\\Pasports\\00534\\hiwashi3.jpg');
INSERT INTO "public"."document" VALUES ('536', '536', '2016-12-04 00:00:00', '1', '\\\\TestServer\\Data\\Pasports\\00535\\nehieaoul.jpg');
INSERT INTO "public"."document" VALUES ('537', '537', '2016-10-29 00:00:00', '1', '\\\\TestServer\\Data\\Pasports\\00536\\onaltha.jpg');
INSERT INTO "public"."document" VALUES ('538', '538', '2016-10-28 00:00:00', '1', '\\\\TestServer\\Data\\Pasports\\00537\\esensho029.jpg');
INSERT INTO "public"."document" VALUES ('539', '539', '2016-11-27 00:00:00', '1', '\\\\TestServer\\Data\\Pasports\\00538\\entyou.jpg');
INSERT INTO "public"."document" VALUES ('540', '540', '2016-11-06 00:00:00', '1', '\\\\TestServer\\Data\\Pasports\\00539\\enar637.jpg');
INSERT INTO "public"."document" VALUES ('541', '541', '2016-11-04 00:00:00', '1', '\\\\TestServer\\Data\\Pasports\\00540\\rewit.jpg');
INSERT INTO "public"."document" VALUES ('542', '542', '2016-11-08 00:00:00', '1', '\\\\TestServer\\Data\\Pasports\\00541\\tihinthes.jpg');
INSERT INTO "public"."document" VALUES ('543', '543', '2016-11-25 00:00:00', '1', '\\\\TestServer\\Data\\Pasports\\00542\\hatasreion.jpg');
INSERT INTO "public"."document" VALUES ('544', '544', '2016-11-13 00:00:00', '1', '\\\\TestServer\\Data\\Pasports\\00543\\wahime52.jpg');
INSERT INTO "public"."document" VALUES ('545', '545', '2016-10-28 00:00:00', '1', '\\\\TestServer\\Data\\Pasports\\00544\\iteremeon.jpg');
INSERT INTO "public"."document" VALUES ('546', '546', '2016-10-28 00:00:00', '1', '\\\\TestServer\\Data\\Pasports\\00545\\ntver.jpg');
INSERT INTO "public"."document" VALUES ('547', '547', '2016-11-22 00:00:00', '1', '\\\\TestServer\\Data\\Pasports\\00546\\theve.jpg');
INSERT INTO "public"."document" VALUES ('548', '548', '2016-12-08 00:00:00', '1', '\\\\TestServer\\Data\\Pasports\\00547\\ionthfor645.jpg');
INSERT INTO "public"."document" VALUES ('549', '549', '2016-10-31 00:00:00', '1', '\\\\TestServer\\Data\\Pasports\\00548\\seonherhen3.jpg');
INSERT INTO "public"."document" VALUES ('550', '550', '2016-11-04 00:00:00', '1', '\\\\TestServer\\Data\\Pasports\\00549\\hisngoulhe.jpg');
INSERT INTO "public"."document" VALUES ('551', '551', '2016-11-09 00:00:00', '1', '\\\\TestServer\\Data\\Pasports\\00550\\atouour.jpg');
INSERT INTO "public"."document" VALUES ('552', '552', '2016-12-06 00:00:00', '1', '\\\\TestServer\\Data\\Pasports\\00551\\henverith254.jpg');
INSERT INTO "public"."document" VALUES ('553', '553', '2016-12-03 00:00:00', '1', '\\\\TestServer\\Data\\Pasports\\00552\\ngandeaall.jpg');
INSERT INTO "public"."document" VALUES ('554', '554', '2016-10-30 00:00:00', '1', '\\\\TestServer\\Data\\Pasports\\00553\\entforerme.jpg');
INSERT INTO "public"."document" VALUES ('555', '555', '2016-10-28 00:00:00', '1', '\\\\TestServer\\Data\\Pasports\\00554\\thiandngare.jpg');
INSERT INTO "public"."document" VALUES ('556', '556', '2016-12-10 00:00:00', '1', '\\\\TestServer\\Data\\Pasports\\00555\\alare892.jpg');
INSERT INTO "public"."document" VALUES ('557', '557', '2016-11-21 00:00:00', '1', '\\\\TestServer\\Data\\Pasports\\00556\\ithbuttowas.jpg');
INSERT INTO "public"."document" VALUES ('558', '558', '2016-10-28 00:00:00', '1', '\\\\TestServer\\Data\\Pasports\\00557\\tiohishenng870.jpg');
INSERT INTO "public"."document" VALUES ('559', '559', '2016-11-05 00:00:00', '1', '\\\\TestServer\\Data\\Pasports\\00558\\iontioallhat.jpg');
INSERT INTO "public"."document" VALUES ('560', '560', '2016-12-09 00:00:00', '1', '\\\\TestServer\\Data\\Pasports\\00559\\tederatite.jpg');
INSERT INTO "public"."document" VALUES ('561', '561', '2016-11-09 00:00:00', '1', '\\\\TestServer\\Data\\Pasports\\00560\\herter538.jpg');
INSERT INTO "public"."document" VALUES ('562', '562', '2016-11-18 00:00:00', '1', '\\\\TestServer\\Data\\Pasports\\00561\\herheyoume.jpg');
INSERT INTO "public"."document" VALUES ('563', '563', '2016-11-21 00:00:00', '1', '\\\\TestServer\\Data\\Pasports\\00562\\omentteden.jpg');
INSERT INTO "public"."document" VALUES ('564', '564', '2016-10-28 00:00:00', '1', '\\\\TestServer\\Data\\Pasports\\00563\\ometowites.jpg');
INSERT INTO "public"."document" VALUES ('565', '565', '2016-10-28 00:00:00', '1', '\\\\TestServer\\Data\\Pasports\\00564\\tedonnotan.jpg');
INSERT INTO "public"."document" VALUES ('566', '566', '2016-10-29 00:00:00', '1', '\\\\TestServer\\Data\\Pasports\\00565\\aninionhe261.jpg');
INSERT INTO "public"."document" VALUES ('567', '567', '2016-11-07 00:00:00', '1', '\\\\TestServer\\Data\\Pasports\\00566\\eveforbutng603.jpg');
INSERT INTO "public"."document" VALUES ('568', '568', '2016-11-15 00:00:00', '1', '\\\\TestServer\\Data\\Pasports\\00567\\ouhive.jpg');
INSERT INTO "public"."document" VALUES ('569', '569', '2016-11-18 00:00:00', '1', '\\\\TestServer\\Data\\Pasports\\00568\\erenotuld150.jpg');
INSERT INTO "public"."document" VALUES ('570', '570', '2016-11-29 00:00:00', '1', '\\\\TestServer\\Data\\Pasports\\00569\\inbut.jpg');
INSERT INTO "public"."document" VALUES ('571', '571', '2016-10-31 00:00:00', '1', '\\\\TestServer\\Data\\Pasports\\00570\\stoultiha.jpg');
INSERT INTO "public"."document" VALUES ('572', '572', '2016-11-28 00:00:00', '1', '\\\\TestServer\\Data\\Pasports\\00571\\wasall8.jpg');
INSERT INTO "public"."document" VALUES ('573', '573', '2016-10-28 00:00:00', '1', '\\\\TestServer\\Data\\Pasports\\00572\\thoulndour2.jpg');
INSERT INTO "public"."document" VALUES ('574', '574', '2016-10-28 00:00:00', '1', '\\\\TestServer\\Data\\Pasports\\00573\\erehenvere.jpg');
INSERT INTO "public"."document" VALUES ('575', '575', '2016-11-19 00:00:00', '1', '\\\\TestServer\\Data\\Pasports\\00574\\oulthiouar.jpg');
INSERT INTO "public"."document" VALUES ('576', '576', '2016-11-03 00:00:00', '1', '\\\\TestServer\\Data\\Pasports\\00575\\toomemean.jpg');
INSERT INTO "public"."document" VALUES ('577', '577', '2016-11-27 00:00:00', '1', '\\\\TestServer\\Data\\Pasports\\00576\\resho7.jpg');
INSERT INTO "public"."document" VALUES ('578', '578', '2016-10-28 00:00:00', '1', '\\\\TestServer\\Data\\Pasports\\00577\\eveleouth.jpg');
INSERT INTO "public"."document" VALUES ('579', '579', '2016-10-28 00:00:00', '1', '\\\\TestServer\\Data\\Pasports\\00578\\waatthaes.jpg');
INSERT INTO "public"."document" VALUES ('580', '580', '2016-11-06 00:00:00', '1', '\\\\TestServer\\Data\\Pasports\\00579\\histhelene74.jpg');
INSERT INTO "public"."document" VALUES ('581', '581', '2016-10-28 00:00:00', '1', '\\\\TestServer\\Data\\Pasports\\00580\\anhaoulea140.jpg');
INSERT INTO "public"."document" VALUES ('582', '582', '2016-11-15 00:00:00', '1', '\\\\TestServer\\Data\\Pasports\\00581\\oundnees.jpg');
INSERT INTO "public"."document" VALUES ('583', '583', '2016-11-19 00:00:00', '1', '\\\\TestServer\\Data\\Pasports\\00582\\seisall.jpg');
INSERT INTO "public"."document" VALUES ('584', '584', '2016-11-09 00:00:00', '1', '\\\\TestServer\\Data\\Pasports\\00583\\habut36.jpg');
INSERT INTO "public"."document" VALUES ('585', '585', '2016-10-28 00:00:00', '1', '\\\\TestServer\\Data\\Pasports\\00584\\hadalhen012.jpg');
INSERT INTO "public"."document" VALUES ('586', '586', '2016-10-29 00:00:00', '1', '\\\\TestServer\\Data\\Pasports\\00585\\teanante65.jpg');
INSERT INTO "public"."document" VALUES ('587', '587', '2016-12-10 00:00:00', '1', '\\\\TestServer\\Data\\Pasports\\00586\\iswitwave.jpg');
INSERT INTO "public"."document" VALUES ('588', '588', '2016-11-08 00:00:00', '1', '\\\\TestServer\\Data\\Pasports\\00587\\threante.jpg');
INSERT INTO "public"."document" VALUES ('589', '589', '2016-10-28 00:00:00', '1', '\\\\TestServer\\Data\\Pasports\\00588\\ithhenverent.jpg');
INSERT INTO "public"."document" VALUES ('590', '590', '2016-12-03 00:00:00', '1', '\\\\TestServer\\Data\\Pasports\\00589\\alenwa.jpg');
INSERT INTO "public"."document" VALUES ('591', '591', '2016-10-28 00:00:00', '1', '\\\\TestServer\\Data\\Pasports\\00590\\thathehat802.jpg');
INSERT INTO "public"."document" VALUES ('592', '592', '2016-11-06 00:00:00', '1', '\\\\TestServer\\Data\\Pasports\\00591\\arouomere.jpg');
INSERT INTO "public"."document" VALUES ('593', '593', '2016-11-25 00:00:00', '1', '\\\\TestServer\\Data\\Pasports\\00592\\neteranour.jpg');
INSERT INTO "public"."document" VALUES ('594', '594', '2016-11-10 00:00:00', '1', '\\\\TestServer\\Data\\Pasports\\00593\\haoulenuld4.jpg');
INSERT INTO "public"."document" VALUES ('595', '595', '2016-10-28 00:00:00', '1', '\\\\TestServer\\Data\\Pasports\\00594\\oulforatth.jpg');
INSERT INTO "public"."document" VALUES ('596', '596', '2016-11-14 00:00:00', '1', '\\\\TestServer\\Data\\Pasports\\00595\\hennenot129.jpg');
INSERT INTO "public"."document" VALUES ('597', '597', '2016-11-08 00:00:00', '1', '\\\\TestServer\\Data\\Pasports\\00596\\enthinisle.jpg');
INSERT INTO "public"."document" VALUES ('598', '598', '2016-10-28 00:00:00', '1', '\\\\TestServer\\Data\\Pasports\\00597\\seoul4.jpg');
INSERT INTO "public"."document" VALUES ('599', '599', '2016-10-28 00:00:00', '1', '\\\\TestServer\\Data\\Pasports\\00598\\ereeseraher.jpg');
INSERT INTO "public"."document" VALUES ('600', '600', '2016-11-14 00:00:00', '1', '\\\\TestServer\\Data\\Pasports\\00599\\verthiwaher.jpg');
INSERT INTO "public"."document" VALUES ('601', '601', '2016-11-24 00:00:00', '1', '\\\\TestServer\\Data\\Pasports\\00600\\ndteroual.jpg');
INSERT INTO "public"."document" VALUES ('602', '602', '2016-10-28 00:00:00', '1', '\\\\TestServer\\Data\\Pasports\\00601\\henthstuld25.jpg');
INSERT INTO "public"."document" VALUES ('603', '603', '2016-10-31 00:00:00', '1', '\\\\TestServer\\Data\\Pasports\\00602\\uldedouryou.jpg');
INSERT INTO "public"."document" VALUES ('604', '604', '2016-10-28 00:00:00', '1', '\\\\TestServer\\Data\\Pasports\\00603\\lethathas.jpg');
INSERT INTO "public"."document" VALUES ('605', '605', '2016-11-22 00:00:00', '1', '\\\\TestServer\\Data\\Pasports\\00604\\erst.jpg');
INSERT INTO "public"."document" VALUES ('606', '606', '2016-11-20 00:00:00', '1', '\\\\TestServer\\Data\\Pasports\\00605\\hisngrend.jpg');
INSERT INTO "public"."document" VALUES ('607', '607', '2016-10-28 00:00:00', '1', '\\\\TestServer\\Data\\Pasports\\00606\\asseourar.jpg');
INSERT INTO "public"."document" VALUES ('608', '608', '2016-12-02 00:00:00', '1', '\\\\TestServer\\Data\\Pasports\\00607\\butit778.jpg');
INSERT INTO "public"."document" VALUES ('609', '609', '2016-10-28 00:00:00', '1', '\\\\TestServer\\Data\\Pasports\\00608\\atersewit.jpg');
INSERT INTO "public"."document" VALUES ('610', '610', '2016-10-28 00:00:00', '1', '\\\\TestServer\\Data\\Pasports\\00609\\waarsehi.jpg');
INSERT INTO "public"."document" VALUES ('611', '611', '2016-11-26 00:00:00', '1', '\\\\TestServer\\Data\\Pasports\\00610\\theou013.jpg');
INSERT INTO "public"."document" VALUES ('612', '612', '2016-10-28 00:00:00', '1', '\\\\TestServer\\Data\\Pasports\\00611\\entedreve.jpg');
INSERT INTO "public"."document" VALUES ('613', '613', '2016-10-28 00:00:00', '1', '\\\\TestServer\\Data\\Pasports\\00612\\haal3.jpg');
INSERT INTO "public"."document" VALUES ('614', '614', '2016-11-03 00:00:00', '1', '\\\\TestServer\\Data\\Pasports\\00613\\thaomehinth.jpg');
INSERT INTO "public"."document" VALUES ('615', '615', '2016-10-28 00:00:00', '1', '\\\\TestServer\\Data\\Pasports\\00614\\witle327.jpg');
INSERT INTO "public"."document" VALUES ('616', '616', '2016-11-03 00:00:00', '1', '\\\\TestServer\\Data\\Pasports\\00615\\thaomenotoul284.jpg');
INSERT INTO "public"."document" VALUES ('617', '617', '2016-11-20 00:00:00', '1', '\\\\TestServer\\Data\\Pasports\\00616\\ngeaingti.jpg');
INSERT INTO "public"."document" VALUES ('618', '618', '2016-11-04 00:00:00', '1', '\\\\TestServer\\Data\\Pasports\\00617\\leeveveing.jpg');
INSERT INTO "public"."document" VALUES ('619', '619', '2016-11-29 00:00:00', '1', '\\\\TestServer\\Data\\Pasports\\00618\\thaen.jpg');
INSERT INTO "public"."document" VALUES ('620', '620', '2016-11-15 00:00:00', '1', '\\\\TestServer\\Data\\Pasports\\00619\\veeslent32.jpg');
INSERT INTO "public"."document" VALUES ('621', '621', '2016-11-07 00:00:00', '1', '\\\\TestServer\\Data\\Pasports\\00620\\anere.jpg');
INSERT INTO "public"."document" VALUES ('622', '622', '2016-11-09 00:00:00', '1', '\\\\TestServer\\Data\\Pasports\\00621\\tiond.jpg');
INSERT INTO "public"."document" VALUES ('623', '623', '2016-11-17 00:00:00', '1', '\\\\TestServer\\Data\\Pasports\\00622\\omereedoul.jpg');
INSERT INTO "public"."document" VALUES ('624', '624', '2016-11-05 00:00:00', '1', '\\\\TestServer\\Data\\Pasports\\00623\\outednd.jpg');
INSERT INTO "public"."document" VALUES ('625', '625', '2016-11-19 00:00:00', '1', '\\\\TestServer\\Data\\Pasports\\00624\\andtoernt7.jpg');
INSERT INTO "public"."document" VALUES ('626', '626', '2016-11-17 00:00:00', '1', '\\\\TestServer\\Data\\Pasports\\00625\\alleremehen.jpg');
INSERT INTO "public"."document" VALUES ('627', '627', '2016-11-26 00:00:00', '1', '\\\\TestServer\\Data\\Pasports\\00626\\hehinisst802.jpg');
INSERT INTO "public"."document" VALUES ('628', '628', '2016-10-28 00:00:00', '1', '\\\\TestServer\\Data\\Pasports\\00627\\wast82.jpg');
INSERT INTO "public"."document" VALUES ('629', '629', '2016-11-02 00:00:00', '1', '\\\\TestServer\\Data\\Pasports\\00628\\thathehatthi888.jpg');
INSERT INTO "public"."document" VALUES ('630', '630', '2016-11-04 00:00:00', '1', '\\\\TestServer\\Data\\Pasports\\00629\\herandreal.jpg');
INSERT INTO "public"."document" VALUES ('631', '631', '2016-11-28 00:00:00', '1', '\\\\TestServer\\Data\\Pasports\\00630\\ioninwahin.jpg');
INSERT INTO "public"."document" VALUES ('632', '632', '2016-10-28 00:00:00', '1', '\\\\TestServer\\Data\\Pasports\\00631\\wasnottiofor208.jpg');
INSERT INTO "public"."document" VALUES ('633', '633', '2016-10-28 00:00:00', '1', '\\\\TestServer\\Data\\Pasports\\00632\\thifor56.jpg');
INSERT INTO "public"."document" VALUES ('634', '634', '2016-10-28 00:00:00', '1', '\\\\TestServer\\Data\\Pasports\\00633\\omereeraver.jpg');
INSERT INTO "public"."document" VALUES ('635', '635', '2016-11-02 00:00:00', '1', '\\\\TestServer\\Data\\Pasports\\00634\\eain202.jpg');
INSERT INTO "public"."document" VALUES ('636', '636', '2016-10-28 00:00:00', '1', '\\\\TestServer\\Data\\Pasports\\00635\\henentand17.jpg');
INSERT INTO "public"."document" VALUES ('637', '637', '2016-10-28 00:00:00', '1', '\\\\TestServer\\Data\\Pasports\\00636\\wasvenot9.jpg');
INSERT INTO "public"."document" VALUES ('638', '638', '2016-12-06 00:00:00', '1', '\\\\TestServer\\Data\\Pasports\\00637\\ndhin.jpg');
INSERT INTO "public"."document" VALUES ('639', '639', '2016-12-03 00:00:00', '1', '\\\\TestServer\\Data\\Pasports\\00638\\itesveere.jpg');
INSERT INTO "public"."document" VALUES ('640', '640', '2016-11-17 00:00:00', '1', '\\\\TestServer\\Data\\Pasports\\00639\\thaomendle250.jpg');
INSERT INTO "public"."document" VALUES ('641', '641', '2016-11-27 00:00:00', '1', '\\\\TestServer\\Data\\Pasports\\00640\\ensevertha.jpg');
INSERT INTO "public"."document" VALUES ('642', '642', '2016-10-28 00:00:00', '1', '\\\\TestServer\\Data\\Pasports\\00641\\eveastiothe.jpg');
INSERT INTO "public"."document" VALUES ('643', '643', '2016-11-06 00:00:00', '1', '\\\\TestServer\\Data\\Pasports\\00642\\wasesouere255.jpg');
INSERT INTO "public"."document" VALUES ('644', '644', '2016-11-19 00:00:00', '1', '\\\\TestServer\\Data\\Pasports\\00643\\oulalltering082.jpg');
INSERT INTO "public"."document" VALUES ('645', '645', '2016-10-28 00:00:00', '1', '\\\\TestServer\\Data\\Pasports\\00644\\edveverhi.jpg');
INSERT INTO "public"."document" VALUES ('646', '646', '2016-11-28 00:00:00', '1', '\\\\TestServer\\Data\\Pasports\\00645\\oulbutveror.jpg');
INSERT INTO "public"."document" VALUES ('647', '647', '2016-10-28 00:00:00', '1', '\\\\TestServer\\Data\\Pasports\\00646\\yousho337.jpg');
INSERT INTO "public"."document" VALUES ('648', '648', '2016-10-28 00:00:00', '1', '\\\\TestServer\\Data\\Pasports\\00647\\mebut970.jpg');
INSERT INTO "public"."document" VALUES ('649', '649', '2016-10-28 00:00:00', '1', '\\\\TestServer\\Data\\Pasports\\00648\\allare073.jpg');
INSERT INTO "public"."document" VALUES ('650', '650', '2016-10-28 00:00:00', '1', '\\\\TestServer\\Data\\Pasports\\00649\\omeandea9.jpg');
INSERT INTO "public"."document" VALUES ('651', '651', '2016-12-08 00:00:00', '1', '\\\\TestServer\\Data\\Pasports\\00650\\tewit.jpg');
INSERT INTO "public"."document" VALUES ('652', '652', '2016-11-09 00:00:00', '1', '\\\\TestServer\\Data\\Pasports\\00651\\atlewait.jpg');
INSERT INTO "public"."document" VALUES ('653', '653', '2016-12-05 00:00:00', '1', '\\\\TestServer\\Data\\Pasports\\00652\\stisst734.jpg');
INSERT INTO "public"."document" VALUES ('654', '654', '2016-11-06 00:00:00', '1', '\\\\TestServer\\Data\\Pasports\\00653\\neinasto.jpg');
INSERT INTO "public"."document" VALUES ('655', '655', '2016-12-05 00:00:00', '1', '\\\\TestServer\\Data\\Pasports\\00654\\hinwas.jpg');
INSERT INTO "public"."document" VALUES ('656', '656', '2016-11-08 00:00:00', '1', '\\\\TestServer\\Data\\Pasports\\00655\\thiherhatea651.jpg');
INSERT INTO "public"."document" VALUES ('657', '657', '2016-10-28 00:00:00', '1', '\\\\TestServer\\Data\\Pasports\\00656\\tererteres2.jpg');
INSERT INTO "public"."document" VALUES ('658', '658', '2016-10-28 00:00:00', '1', '\\\\TestServer\\Data\\Pasports\\00657\\shoanouat.jpg');
INSERT INTO "public"."document" VALUES ('659', '659', '2016-12-05 00:00:00', '1', '\\\\TestServer\\Data\\Pasports\\00658\\inghinyouis.jpg');
INSERT INTO "public"."document" VALUES ('660', '660', '2016-11-02 00:00:00', '1', '\\\\TestServer\\Data\\Pasports\\00659\\lehinenhat.jpg');
INSERT INTO "public"."document" VALUES ('661', '661', '2016-11-24 00:00:00', '1', '\\\\TestServer\\Data\\Pasports\\00660\\shoti.jpg');
INSERT INTO "public"."document" VALUES ('662', '662', '2016-10-28 00:00:00', '1', '\\\\TestServer\\Data\\Pasports\\00661\\esealene.jpg');
INSERT INTO "public"."document" VALUES ('663', '663', '2016-11-15 00:00:00', '1', '\\\\TestServer\\Data\\Pasports\\00662\\everehi.jpg');
INSERT INTO "public"."document" VALUES ('664', '664', '2016-10-31 00:00:00', '1', '\\\\TestServer\\Data\\Pasports\\00663\\ereraionhin859.jpg');
INSERT INTO "public"."document" VALUES ('665', '665', '2016-10-31 00:00:00', '1', '\\\\TestServer\\Data\\Pasports\\00664\\ereaveron.jpg');
INSERT INTO "public"."document" VALUES ('666', '666', '2016-12-10 00:00:00', '1', '\\\\TestServer\\Data\\Pasports\\00665\\hisneoulhis245.jpg');
INSERT INTO "public"."document" VALUES ('667', '667', '2016-12-06 00:00:00', '1', '\\\\TestServer\\Data\\Pasports\\00666\\ionhat075.jpg');
INSERT INTO "public"."document" VALUES ('668', '668', '2016-11-07 00:00:00', '1', '\\\\TestServer\\Data\\Pasports\\00667\\onhatonve.jpg');
INSERT INTO "public"."document" VALUES ('669', '669', '2016-10-28 00:00:00', '1', '\\\\TestServer\\Data\\Pasports\\00668\\reasmehen.jpg');
INSERT INTO "public"."document" VALUES ('670', '670', '2016-10-28 00:00:00', '1', '\\\\TestServer\\Data\\Pasports\\00669\\isaran.jpg');
INSERT INTO "public"."document" VALUES ('671', '671', '2016-11-22 00:00:00', '1', '\\\\TestServer\\Data\\Pasports\\00670\\onionareve.jpg');
INSERT INTO "public"."document" VALUES ('672', '672', '2016-12-06 00:00:00', '1', '\\\\TestServer\\Data\\Pasports\\00671\\witter060.jpg');
INSERT INTO "public"."document" VALUES ('673', '673', '2016-12-01 00:00:00', '1', '\\\\TestServer\\Data\\Pasports\\00672\\toouareha.jpg');
INSERT INTO "public"."document" VALUES ('674', '674', '2016-10-31 00:00:00', '1', '\\\\TestServer\\Data\\Pasports\\00673\\erehisenter643.jpg');
INSERT INTO "public"."document" VALUES ('675', '675', '2016-11-07 00:00:00', '1', '\\\\TestServer\\Data\\Pasports\\00674\\areouallhen.jpg');
INSERT INTO "public"."document" VALUES ('676', '676', '2016-10-28 00:00:00', '1', '\\\\TestServer\\Data\\Pasports\\00675\\sewaoulon.jpg');
INSERT INTO "public"."document" VALUES ('677', '677', '2016-11-23 00:00:00', '1', '\\\\TestServer\\Data\\Pasports\\00676\\heouloulte.jpg');
INSERT INTO "public"."document" VALUES ('678', '678', '2016-12-09 00:00:00', '1', '\\\\TestServer\\Data\\Pasports\\00677\\hadnothisyou.jpg');
INSERT INTO "public"."document" VALUES ('679', '679', '2016-10-28 00:00:00', '1', '\\\\TestServer\\Data\\Pasports\\00678\\shoareleome.jpg');
INSERT INTO "public"."document" VALUES ('680', '680', '2016-10-31 00:00:00', '1', '\\\\TestServer\\Data\\Pasports\\00679\\eraretioea.jpg');
INSERT INTO "public"."document" VALUES ('681', '681', '2016-11-27 00:00:00', '1', '\\\\TestServer\\Data\\Pasports\\00680\\omeuldan.jpg');
INSERT INTO "public"."document" VALUES ('682', '682', '2016-10-28 00:00:00', '1', '\\\\TestServer\\Data\\Pasports\\00681\\shoaneraes314.jpg');
INSERT INTO "public"."document" VALUES ('683', '683', '2016-10-28 00:00:00', '1', '\\\\TestServer\\Data\\Pasports\\00682\\ithhinar.jpg');
INSERT INTO "public"."document" VALUES ('684', '684', '2016-10-28 00:00:00', '1', '\\\\TestServer\\Data\\Pasports\\00683\\althetheea.jpg');
INSERT INTO "public"."document" VALUES ('685', '685', '2016-10-28 00:00:00', '1', '\\\\TestServer\\Data\\Pasports\\00684\\omever401.jpg');
INSERT INTO "public"."document" VALUES ('686', '686', '2016-10-28 00:00:00', '1', '\\\\TestServer\\Data\\Pasports\\00685\\nothehadbut.jpg');
INSERT INTO "public"."document" VALUES ('687', '687', '2016-11-16 00:00:00', '1', '\\\\TestServer\\Data\\Pasports\\00686\\tievehenal16.jpg');
INSERT INTO "public"."document" VALUES ('688', '688', '2016-11-25 00:00:00', '1', '\\\\TestServer\\Data\\Pasports\\00687\\evehiherat654.jpg');
INSERT INTO "public"."document" VALUES ('689', '689', '2016-11-24 00:00:00', '1', '\\\\TestServer\\Data\\Pasports\\00688\\erawitheral.jpg');
INSERT INTO "public"."document" VALUES ('690', '690', '2016-11-17 00:00:00', '1', '\\\\TestServer\\Data\\Pasports\\00689\\hialon764.jpg');
INSERT INTO "public"."document" VALUES ('691', '691', '2016-11-09 00:00:00', '1', '\\\\TestServer\\Data\\Pasports\\00690\\wabutreand.jpg');
INSERT INTO "public"."document" VALUES ('692', '692', '2016-11-23 00:00:00', '1', '\\\\TestServer\\Data\\Pasports\\00691\\antiwabut07.jpg');
INSERT INTO "public"."document" VALUES ('693', '693', '2016-12-04 00:00:00', '1', '\\\\TestServer\\Data\\Pasports\\00692\\washadthiter.jpg');
INSERT INTO "public"."document" VALUES ('694', '694', '2016-11-20 00:00:00', '1', '\\\\TestServer\\Data\\Pasports\\00693\\oulevetiohi.jpg');
INSERT INTO "public"."document" VALUES ('695', '695', '2016-10-28 00:00:00', '1', '\\\\TestServer\\Data\\Pasports\\00694\\tere.jpg');
INSERT INTO "public"."document" VALUES ('696', '696', '2016-10-28 00:00:00', '1', '\\\\TestServer\\Data\\Pasports\\00695\\tedhinereto.jpg');
INSERT INTO "public"."document" VALUES ('697', '697', '2016-11-01 00:00:00', '1', '\\\\TestServer\\Data\\Pasports\\00696\\thethiwasst482.jpg');
INSERT INTO "public"."document" VALUES ('698', '698', '2016-10-29 00:00:00', '1', '\\\\TestServer\\Data\\Pasports\\00697\\alme.jpg');
INSERT INTO "public"."document" VALUES ('699', '699', '2016-11-15 00:00:00', '1', '\\\\TestServer\\Data\\Pasports\\00698\\ionndveas.jpg');
INSERT INTO "public"."document" VALUES ('700', '700', '2016-10-28 00:00:00', '1', '\\\\TestServer\\Data\\Pasports\\00699\\ntwasto.jpg');
INSERT INTO "public"."document" VALUES ('701', '701', '2016-10-29 00:00:00', '1', '\\\\TestServer\\Data\\Pasports\\00700\\asyousetha.jpg');
INSERT INTO "public"."document" VALUES ('702', '702', '2016-10-28 00:00:00', '1', '\\\\TestServer\\Data\\Pasports\\00701\\veveesing.jpg');
INSERT INTO "public"."document" VALUES ('703', '703', '2016-11-20 00:00:00', '1', '\\\\TestServer\\Data\\Pasports\\00702\\toleevent630.jpg');
INSERT INTO "public"."document" VALUES ('704', '704', '2016-12-05 00:00:00', '1', '\\\\TestServer\\Data\\Pasports\\00703\\iththiwithi.jpg');
INSERT INTO "public"."document" VALUES ('705', '705', '2016-11-05 00:00:00', '1', '\\\\TestServer\\Data\\Pasports\\00704\\itarwituld.jpg');
INSERT INTO "public"."document" VALUES ('706', '706', '2016-10-28 00:00:00', '1', '\\\\TestServer\\Data\\Pasports\\00705\\eatiome7.jpg');
INSERT INTO "public"."document" VALUES ('707', '707', '2016-10-31 00:00:00', '1', '\\\\TestServer\\Data\\Pasports\\00706\\esionve609.jpg');
INSERT INTO "public"."document" VALUES ('708', '708', '2016-11-27 00:00:00', '1', '\\\\TestServer\\Data\\Pasports\\00707\\tertitha.jpg');
INSERT INTO "public"."document" VALUES ('709', '709', '2016-11-13 00:00:00', '1', '\\\\TestServer\\Data\\Pasports\\00708\\thngouwas.jpg');
INSERT INTO "public"."document" VALUES ('710', '710', '2016-11-24 00:00:00', '1', '\\\\TestServer\\Data\\Pasports\\00709\\atneterome.jpg');
INSERT INTO "public"."document" VALUES ('711', '711', '2016-11-08 00:00:00', '1', '\\\\TestServer\\Data\\Pasports\\00710\\esonnothis.jpg');
INSERT INTO "public"."document" VALUES ('712', '712', '2016-11-03 00:00:00', '1', '\\\\TestServer\\Data\\Pasports\\00711\\hadstyououl.jpg');
INSERT INTO "public"."document" VALUES ('713', '713', '2016-12-09 00:00:00', '1', '\\\\TestServer\\Data\\Pasports\\00712\\tiorestour7.jpg');
INSERT INTO "public"."document" VALUES ('714', '714', '2016-10-28 00:00:00', '1', '\\\\TestServer\\Data\\Pasports\\00713\\alseingwit.jpg');
INSERT INTO "public"."document" VALUES ('715', '715', '2016-11-03 00:00:00', '1', '\\\\TestServer\\Data\\Pasports\\00714\\wasleshoith.jpg');
INSERT INTO "public"."document" VALUES ('716', '716', '2016-12-06 00:00:00', '1', '\\\\TestServer\\Data\\Pasports\\00715\\eritallar3.jpg');
INSERT INTO "public"."document" VALUES ('717', '717', '2016-11-25 00:00:00', '1', '\\\\TestServer\\Data\\Pasports\\00716\\ntshoallse.jpg');
INSERT INTO "public"."document" VALUES ('718', '718', '2016-11-29 00:00:00', '1', '\\\\TestServer\\Data\\Pasports\\00717\\erais.jpg');
INSERT INTO "public"."document" VALUES ('719', '719', '2016-11-22 00:00:00', '1', '\\\\TestServer\\Data\\Pasports\\00718\\veuldan.jpg');
INSERT INTO "public"."document" VALUES ('720', '720', '2016-11-02 00:00:00', '1', '\\\\TestServer\\Data\\Pasports\\00719\\andndmeis.jpg');
INSERT INTO "public"."document" VALUES ('721', '721', '2016-11-26 00:00:00', '1', '\\\\TestServer\\Data\\Pasports\\00720\\enseare.jpg');
INSERT INTO "public"."document" VALUES ('722', '722', '2016-11-10 00:00:00', '1', '\\\\TestServer\\Data\\Pasports\\00721\\ourhattefor.jpg');
INSERT INTO "public"."document" VALUES ('723', '723', '2016-10-28 00:00:00', '1', '\\\\TestServer\\Data\\Pasports\\00722\\hinonhistio.jpg');
INSERT INTO "public"."document" VALUES ('724', '724', '2016-11-16 00:00:00', '1', '\\\\TestServer\\Data\\Pasports\\00723\\wassttedor8.jpg');
INSERT INTO "public"."document" VALUES ('725', '725', '2016-10-28 00:00:00', '1', '\\\\TestServer\\Data\\Pasports\\00724\\allorer0.jpg');
INSERT INTO "public"."document" VALUES ('726', '726', '2016-11-26 00:00:00', '1', '\\\\TestServer\\Data\\Pasports\\00725\\threiting868.jpg');
INSERT INTO "public"."document" VALUES ('727', '727', '2016-10-28 00:00:00', '1', '\\\\TestServer\\Data\\Pasports\\00726\\heverentha.jpg');
INSERT INTO "public"."document" VALUES ('728', '728', '2016-10-28 00:00:00', '1', '\\\\TestServer\\Data\\Pasports\\00727\\astoti.jpg');
INSERT INTO "public"."document" VALUES ('729', '729', '2016-11-23 00:00:00', '1', '\\\\TestServer\\Data\\Pasports\\00728\\hihierse.jpg');
INSERT INTO "public"."document" VALUES ('730', '730', '2016-10-28 00:00:00', '1', '\\\\TestServer\\Data\\Pasports\\00729\\atwashoare349.jpg');
INSERT INTO "public"."document" VALUES ('731', '731', '2016-10-28 00:00:00', '1', '\\\\TestServer\\Data\\Pasports\\00730\\entyouveas899.jpg');
INSERT INTO "public"."document" VALUES ('732', '732', '2016-12-08 00:00:00', '1', '\\\\TestServer\\Data\\Pasports\\00731\\sttheoued715.jpg');
INSERT INTO "public"."document" VALUES ('733', '733', '2016-12-03 00:00:00', '1', '\\\\TestServer\\Data\\Pasports\\00732\\shoheteou.jpg');
INSERT INTO "public"."document" VALUES ('734', '734', '2016-10-28 00:00:00', '1', '\\\\TestServer\\Data\\Pasports\\00733\\neallisea.jpg');
INSERT INTO "public"."document" VALUES ('735', '735', '2016-10-29 00:00:00', '1', '\\\\TestServer\\Data\\Pasports\\00734\\ourmeedar.jpg');
INSERT INTO "public"."document" VALUES ('736', '736', '2016-11-18 00:00:00', '1', '\\\\TestServer\\Data\\Pasports\\00735\\sthiaresho.jpg');
INSERT INTO "public"."document" VALUES ('737', '737', '2016-11-26 00:00:00', '1', '\\\\TestServer\\Data\\Pasports\\00736\\tetioarewas.jpg');
INSERT INTO "public"."document" VALUES ('738', '738', '2016-11-20 00:00:00', '1', '\\\\TestServer\\Data\\Pasports\\00737\\hinhadionas345.jpg');
INSERT INTO "public"."document" VALUES ('739', '739', '2016-10-30 00:00:00', '1', '\\\\TestServer\\Data\\Pasports\\00738\\toen.jpg');
INSERT INTO "public"."document" VALUES ('740', '740', '2016-10-28 00:00:00', '1', '\\\\TestServer\\Data\\Pasports\\00739\\orasntor.jpg');
INSERT INTO "public"."document" VALUES ('741', '741', '2016-10-28 00:00:00', '1', '\\\\TestServer\\Data\\Pasports\\00740\\alareanse897.jpg');
INSERT INTO "public"."document" VALUES ('742', '742', '2016-12-06 00:00:00', '1', '\\\\TestServer\\Data\\Pasports\\00741\\aton358.jpg');
INSERT INTO "public"."document" VALUES ('743', '743', '2016-10-28 00:00:00', '1', '\\\\TestServer\\Data\\Pasports\\00742\\ourtihatthi.jpg');
INSERT INTO "public"."document" VALUES ('744', '744', '2016-10-28 00:00:00', '1', '\\\\TestServer\\Data\\Pasports\\00743\\ithourthis.jpg');
INSERT INTO "public"."document" VALUES ('745', '745', '2016-10-28 00:00:00', '1', '\\\\TestServer\\Data\\Pasports\\00744\\veromevewit.jpg');
INSERT INTO "public"."document" VALUES ('746', '746', '2016-11-03 00:00:00', '1', '\\\\TestServer\\Data\\Pasports\\00745\\anourenhad.jpg');
INSERT INTO "public"."document" VALUES ('747', '747', '2016-10-31 00:00:00', '1', '\\\\TestServer\\Data\\Pasports\\00746\\buthadasing.jpg');
INSERT INTO "public"."document" VALUES ('748', '748', '2016-11-22 00:00:00', '1', '\\\\TestServer\\Data\\Pasports\\00747\\seithalter.jpg');
INSERT INTO "public"."document" VALUES ('749', '749', '2016-11-11 00:00:00', '1', '\\\\TestServer\\Data\\Pasports\\00748\\hadyou.jpg');
INSERT INTO "public"."document" VALUES ('750', '750', '2016-10-28 00:00:00', '1', '\\\\TestServer\\Data\\Pasports\\00749\\andthi.jpg');
INSERT INTO "public"."document" VALUES ('751', '751', '2016-10-28 00:00:00', '1', '\\\\TestServer\\Data\\Pasports\\00750\\ithtientan.jpg');
INSERT INTO "public"."document" VALUES ('752', '752', '2016-11-03 00:00:00', '1', '\\\\TestServer\\Data\\Pasports\\00751\\orwa.jpg');
INSERT INTO "public"."document" VALUES ('753', '753', '2016-10-28 00:00:00', '1', '\\\\TestServer\\Data\\Pasports\\00752\\ndithne271.jpg');
INSERT INTO "public"."document" VALUES ('754', '754', '2016-12-06 00:00:00', '1', '\\\\TestServer\\Data\\Pasports\\00753\\ereal754.jpg');
INSERT INTO "public"."document" VALUES ('755', '755', '2016-10-28 00:00:00', '1', '\\\\TestServer\\Data\\Pasports\\00754\\eveandallbut6.jpg');
INSERT INTO "public"."document" VALUES ('756', '756', '2016-12-01 00:00:00', '1', '\\\\TestServer\\Data\\Pasports\\00755\\henthehafor.jpg');
INSERT INTO "public"."document" VALUES ('757', '757', '2016-11-28 00:00:00', '1', '\\\\TestServer\\Data\\Pasports\\00756\\verforation240.jpg');
INSERT INTO "public"."document" VALUES ('758', '758', '2016-11-04 00:00:00', '1', '\\\\TestServer\\Data\\Pasports\\00757\\alngionle.jpg');
INSERT INTO "public"."document" VALUES ('759', '759', '2016-10-28 00:00:00', '1', '\\\\TestServer\\Data\\Pasports\\00758\\tiohat.jpg');
INSERT INTO "public"."document" VALUES ('760', '760', '2016-11-30 00:00:00', '1', '\\\\TestServer\\Data\\Pasports\\00759\\herare92.jpg');
INSERT INTO "public"."document" VALUES ('761', '761', '2016-10-28 00:00:00', '1', '\\\\TestServer\\Data\\Pasports\\00760\\hees5.jpg');
INSERT INTO "public"."document" VALUES ('762', '762', '2016-10-30 00:00:00', '1', '\\\\TestServer\\Data\\Pasports\\00761\\toor992.jpg');
INSERT INTO "public"."document" VALUES ('763', '763', '2016-12-01 00:00:00', '1', '\\\\TestServer\\Data\\Pasports\\00762\\ingenthis.jpg');
INSERT INTO "public"."document" VALUES ('764', '764', '2016-12-03 00:00:00', '1', '\\\\TestServer\\Data\\Pasports\\00763\\edomeourera625.jpg');
INSERT INTO "public"."document" VALUES ('765', '765', '2016-10-28 00:00:00', '1', '\\\\TestServer\\Data\\Pasports\\00764\\andishisour.jpg');
INSERT INTO "public"."document" VALUES ('766', '766', '2016-11-06 00:00:00', '1', '\\\\TestServer\\Data\\Pasports\\00765\\erais012.jpg');
INSERT INTO "public"."document" VALUES ('767', '767', '2016-11-04 00:00:00', '1', '\\\\TestServer\\Data\\Pasports\\00766\\ournt761.jpg');
INSERT INTO "public"."document" VALUES ('768', '768', '2016-10-28 00:00:00', '1', '\\\\TestServer\\Data\\Pasports\\00767\\heryou0.jpg');
INSERT INTO "public"."document" VALUES ('769', '769', '2016-10-30 00:00:00', '1', '\\\\TestServer\\Data\\Pasports\\00768\\neevendter.jpg');
INSERT INTO "public"."document" VALUES ('770', '770', '2016-11-21 00:00:00', '1', '\\\\TestServer\\Data\\Pasports\\00769\\henenthewas.jpg');
INSERT INTO "public"."document" VALUES ('771', '771', '2016-10-28 00:00:00', '1', '\\\\TestServer\\Data\\Pasports\\00770\\oraromehin.jpg');
INSERT INTO "public"."document" VALUES ('772', '772', '2016-11-17 00:00:00', '1', '\\\\TestServer\\Data\\Pasports\\00771\\anas.jpg');
INSERT INTO "public"."document" VALUES ('773', '773', '2016-11-11 00:00:00', '1', '\\\\TestServer\\Data\\Pasports\\00772\\aretedion.jpg');
INSERT INTO "public"."document" VALUES ('774', '774', '2016-10-28 00:00:00', '1', '\\\\TestServer\\Data\\Pasports\\00773\\onhen4.jpg');
INSERT INTO "public"."document" VALUES ('775', '775', '2016-11-11 00:00:00', '1', '\\\\TestServer\\Data\\Pasports\\00774\\youvearehi067.jpg');
INSERT INTO "public"."document" VALUES ('776', '776', '2016-12-10 00:00:00', '1', '\\\\TestServer\\Data\\Pasports\\00775\\reveshoti.jpg');
INSERT INTO "public"."document" VALUES ('777', '777', '2016-11-20 00:00:00', '1', '\\\\TestServer\\Data\\Pasports\\00776\\renotshoed.jpg');
INSERT INTO "public"."document" VALUES ('778', '778', '2016-12-10 00:00:00', '1', '\\\\TestServer\\Data\\Pasports\\00777\\hetoasne.jpg');
INSERT INTO "public"."document" VALUES ('779', '779', '2016-10-28 00:00:00', '1', '\\\\TestServer\\Data\\Pasports\\00778\\atbutbut.jpg');
INSERT INTO "public"."document" VALUES ('780', '780', '2016-11-08 00:00:00', '1', '\\\\TestServer\\Data\\Pasports\\00779\\verneveter.jpg');
INSERT INTO "public"."document" VALUES ('781', '781', '2016-10-28 00:00:00', '1', '\\\\TestServer\\Data\\Pasports\\00780\\wavehale.jpg');
INSERT INTO "public"."document" VALUES ('782', '782', '2016-11-16 00:00:00', '1', '\\\\TestServer\\Data\\Pasports\\00781\\heenhat.jpg');
INSERT INTO "public"."document" VALUES ('783', '783', '2016-12-06 00:00:00', '1', '\\\\TestServer\\Data\\Pasports\\00782\\hathadar094.jpg');
INSERT INTO "public"."document" VALUES ('784', '784', '2016-11-15 00:00:00', '1', '\\\\TestServer\\Data\\Pasports\\00783\\asingnd8.jpg');
INSERT INTO "public"."document" VALUES ('785', '785', '2016-11-19 00:00:00', '1', '\\\\TestServer\\Data\\Pasports\\00784\\verveherall.jpg');
INSERT INTO "public"."document" VALUES ('786', '786', '2016-11-27 00:00:00', '1', '\\\\TestServer\\Data\\Pasports\\00785\\itverngher602.jpg');
INSERT INTO "public"."document" VALUES ('787', '787', '2016-11-17 00:00:00', '1', '\\\\TestServer\\Data\\Pasports\\00786\\ittese586.jpg');
INSERT INTO "public"."document" VALUES ('788', '788', '2016-11-06 00:00:00', '1', '\\\\TestServer\\Data\\Pasports\\00787\\oralingat.jpg');
INSERT INTO "public"."document" VALUES ('789', '789', '2016-10-28 00:00:00', '1', '\\\\TestServer\\Data\\Pasports\\00788\\heulduldat.jpg');
INSERT INTO "public"."document" VALUES ('790', '790', '2016-11-25 00:00:00', '1', '\\\\TestServer\\Data\\Pasports\\00789\\ouorbutwit.jpg');
INSERT INTO "public"."document" VALUES ('791', '791', '2016-11-13 00:00:00', '1', '\\\\TestServer\\Data\\Pasports\\00790\\esere98.jpg');
INSERT INTO "public"."document" VALUES ('792', '792', '2016-11-01 00:00:00', '1', '\\\\TestServer\\Data\\Pasports\\00791\\neent.jpg');
INSERT INTO "public"."document" VALUES ('793', '793', '2016-10-28 00:00:00', '1', '\\\\TestServer\\Data\\Pasports\\00792\\evetedit.jpg');
INSERT INTO "public"."document" VALUES ('794', '794', '2016-11-20 00:00:00', '1', '\\\\TestServer\\Data\\Pasports\\00793\\forthameit.jpg');
INSERT INTO "public"."document" VALUES ('795', '795', '2016-10-28 00:00:00', '1', '\\\\TestServer\\Data\\Pasports\\00794\\notto939.jpg');
INSERT INTO "public"."document" VALUES ('796', '796', '2016-10-28 00:00:00', '1', '\\\\TestServer\\Data\\Pasports\\00795\\shoevendoul.jpg');
INSERT INTO "public"."document" VALUES ('797', '797', '2016-11-19 00:00:00', '1', '\\\\TestServer\\Data\\Pasports\\00796\\oulstbutbut.jpg');
INSERT INTO "public"."document" VALUES ('798', '798', '2016-12-06 00:00:00', '1', '\\\\TestServer\\Data\\Pasports\\00797\\omeat.jpg');
INSERT INTO "public"."document" VALUES ('799', '799', '2016-11-06 00:00:00', '1', '\\\\TestServer\\Data\\Pasports\\00798\\thuldteere.jpg');
INSERT INTO "public"."document" VALUES ('800', '800', '2016-11-17 00:00:00', '1', '\\\\TestServer\\Data\\Pasports\\00799\\enhenandera.jpg');
INSERT INTO "public"."document" VALUES ('801', '801', '2016-12-10 00:00:00', '1', '\\\\TestServer\\Data\\Pasports\\00000\\hadhe.jpg');
INSERT INTO "public"."document" VALUES ('802', '802', '2016-10-28 00:00:00', '1', '\\\\TestServer\\Data\\Pasports\\00001\\ingto.jpg');
INSERT INTO "public"."document" VALUES ('803', '803', '2016-11-20 00:00:00', '1', '\\\\TestServer\\Data\\Pasports\\00002\\onterheted.jpg');
INSERT INTO "public"."document" VALUES ('804', '804', '2016-11-06 00:00:00', '1', '\\\\TestServer\\Data\\Pasports\\00003\\oulheninghen.jpg');
INSERT INTO "public"."document" VALUES ('805', '805', '2016-10-28 00:00:00', '1', '\\\\TestServer\\Data\\Pasports\\00004\\arenot.jpg');
INSERT INTO "public"."document" VALUES ('806', '806', '2016-10-28 00:00:00', '1', '\\\\TestServer\\Data\\Pasports\\00005\\eveal86.jpg');
INSERT INTO "public"."document" VALUES ('807', '807', '2016-10-28 00:00:00', '1', '\\\\TestServer\\Data\\Pasports\\00006\\isandterhe.jpg');
INSERT INTO "public"."document" VALUES ('808', '808', '2016-11-07 00:00:00', '1', '\\\\TestServer\\Data\\Pasports\\00007\\andasuldti.jpg');
INSERT INTO "public"."document" VALUES ('809', '809', '2016-10-28 00:00:00', '1', '\\\\TestServer\\Data\\Pasports\\00008\\hatwaontha587.jpg');
INSERT INTO "public"."document" VALUES ('810', '810', '2016-11-05 00:00:00', '1', '\\\\TestServer\\Data\\Pasports\\00009\\inherornot.jpg');
INSERT INTO "public"."document" VALUES ('811', '811', '2016-12-10 00:00:00', '1', '\\\\TestServer\\Data\\Pasports\\00010\\hinalhisted.jpg');
INSERT INTO "public"."document" VALUES ('812', '812', '2016-10-31 00:00:00', '1', '\\\\TestServer\\Data\\Pasports\\00011\\hatwithat.jpg');
INSERT INTO "public"."document" VALUES ('813', '813', '2016-10-28 00:00:00', '1', '\\\\TestServer\\Data\\Pasports\\00012\\shoeawasthi.jpg');
INSERT INTO "public"."document" VALUES ('814', '814', '2016-10-28 00:00:00', '1', '\\\\TestServer\\Data\\Pasports\\00013\\onis.jpg');
INSERT INTO "public"."document" VALUES ('815', '815', '2016-10-28 00:00:00', '1', '\\\\TestServer\\Data\\Pasports\\00014\\orteereall.jpg');
INSERT INTO "public"."document" VALUES ('816', '816', '2016-11-17 00:00:00', '1', '\\\\TestServer\\Data\\Pasports\\00015\\vertindat.jpg');
INSERT INTO "public"."document" VALUES ('817', '817', '2016-11-27 00:00:00', '1', '\\\\TestServer\\Data\\Pasports\\00016\\hiathathen601.jpg');
INSERT INTO "public"."document" VALUES ('818', '818', '2016-12-10 00:00:00', '1', '\\\\TestServer\\Data\\Pasports\\00017\\leandthing.jpg');
INSERT INTO "public"."document" VALUES ('819', '819', '2016-11-26 00:00:00', '1', '\\\\TestServer\\Data\\Pasports\\00018\\arethtier.jpg');
INSERT INTO "public"."document" VALUES ('820', '820', '2016-10-31 00:00:00', '1', '\\\\TestServer\\Data\\Pasports\\00019\\ntoulyouhe.jpg');
INSERT INTO "public"."document" VALUES ('821', '821', '2016-12-10 00:00:00', '1', '\\\\TestServer\\Data\\Pasports\\00020\\enent906.jpg');
INSERT INTO "public"."document" VALUES ('822', '822', '2016-11-12 00:00:00', '1', '\\\\TestServer\\Data\\Pasports\\00021\\notomehadhi6.jpg');
INSERT INTO "public"."document" VALUES ('823', '823', '2016-10-28 00:00:00', '1', '\\\\TestServer\\Data\\Pasports\\00022\\tiowit.jpg');
INSERT INTO "public"."document" VALUES ('824', '824', '2016-10-28 00:00:00', '1', '\\\\TestServer\\Data\\Pasports\\00023\\thiithntsho304.jpg');
INSERT INTO "public"."document" VALUES ('825', '825', '2016-10-28 00:00:00', '1', '\\\\TestServer\\Data\\Pasports\\00024\\atith.jpg');
INSERT INTO "public"."document" VALUES ('826', '826', '2016-10-28 00:00:00', '1', '\\\\TestServer\\Data\\Pasports\\00025\\wativernot.jpg');
INSERT INTO "public"."document" VALUES ('827', '827', '2016-11-01 00:00:00', '1', '\\\\TestServer\\Data\\Pasports\\00026\\hatteheris0.jpg');
INSERT INTO "public"."document" VALUES ('828', '828', '2016-12-10 00:00:00', '1', '\\\\TestServer\\Data\\Pasports\\00027\\oronndwa.jpg');
INSERT INTO "public"."document" VALUES ('829', '829', '2016-12-04 00:00:00', '1', '\\\\TestServer\\Data\\Pasports\\00028\\enterse.jpg');
INSERT INTO "public"."document" VALUES ('830', '830', '2016-12-08 00:00:00', '1', '\\\\TestServer\\Data\\Pasports\\00029\\thmeionin.jpg');
INSERT INTO "public"."document" VALUES ('831', '831', '2016-10-28 00:00:00', '1', '\\\\TestServer\\Data\\Pasports\\00030\\shoera604.jpg');
INSERT INTO "public"."document" VALUES ('832', '832', '2016-10-28 00:00:00', '1', '\\\\TestServer\\Data\\Pasports\\00031\\herstnotith.jpg');
INSERT INTO "public"."document" VALUES ('833', '833', '2016-10-28 00:00:00', '1', '\\\\TestServer\\Data\\Pasports\\00032\\ister.jpg');
INSERT INTO "public"."document" VALUES ('834', '834', '2016-10-28 00:00:00', '1', '\\\\TestServer\\Data\\Pasports\\00033\\veen542.jpg');
INSERT INTO "public"."document" VALUES ('835', '835', '2016-12-10 00:00:00', '1', '\\\\TestServer\\Data\\Pasports\\00034\\noteduldare.jpg');
INSERT INTO "public"."document" VALUES ('836', '836', '2016-10-28 00:00:00', '1', '\\\\TestServer\\Data\\Pasports\\00035\\andandhaour.jpg');
INSERT INTO "public"."document" VALUES ('837', '837', '2016-11-11 00:00:00', '1', '\\\\TestServer\\Data\\Pasports\\00036\\terournotor72.jpg');
INSERT INTO "public"."document" VALUES ('838', '838', '2016-10-28 00:00:00', '1', '\\\\TestServer\\Data\\Pasports\\00037\\seesomehin.jpg');
INSERT INTO "public"."document" VALUES ('839', '839', '2016-10-28 00:00:00', '1', '\\\\TestServer\\Data\\Pasports\\00038\\itte.jpg');
INSERT INTO "public"."document" VALUES ('840', '840', '2016-11-30 00:00:00', '1', '\\\\TestServer\\Data\\Pasports\\00039\\inhadve.jpg');
INSERT INTO "public"."document" VALUES ('841', '841', '2016-10-28 00:00:00', '1', '\\\\TestServer\\Data\\Pasports\\00040\\nttio.jpg');
INSERT INTO "public"."document" VALUES ('842', '842', '2016-10-28 00:00:00', '1', '\\\\TestServer\\Data\\Pasports\\00041\\youinteare789.jpg');
INSERT INTO "public"."document" VALUES ('843', '843', '2016-11-28 00:00:00', '1', '\\\\TestServer\\Data\\Pasports\\00042\\eaereneeve421.jpg');
INSERT INTO "public"."document" VALUES ('844', '844', '2016-11-16 00:00:00', '1', '\\\\TestServer\\Data\\Pasports\\00043\\iththaithnt.jpg');
INSERT INTO "public"."document" VALUES ('845', '845', '2016-12-10 00:00:00', '1', '\\\\TestServer\\Data\\Pasports\\00044\\oueve.jpg');
INSERT INTO "public"."document" VALUES ('846', '846', '2016-11-14 00:00:00', '1', '\\\\TestServer\\Data\\Pasports\\00045\\inatted.jpg');
INSERT INTO "public"."document" VALUES ('847', '847', '2016-10-28 00:00:00', '1', '\\\\TestServer\\Data\\Pasports\\00046\\notuldedne15.jpg');
INSERT INTO "public"."document" VALUES ('848', '848', '2016-11-07 00:00:00', '1', '\\\\TestServer\\Data\\Pasports\\00047\\hattoarome.jpg');
INSERT INTO "public"."document" VALUES ('849', '849', '2016-12-04 00:00:00', '1', '\\\\TestServer\\Data\\Pasports\\00048\\ntyou.jpg');
INSERT INTO "public"."document" VALUES ('850', '850', '2016-12-06 00:00:00', '1', '\\\\TestServer\\Data\\Pasports\\00049\\erhenuldle.jpg');
INSERT INTO "public"."document" VALUES ('851', '851', '2016-11-27 00:00:00', '1', '\\\\TestServer\\Data\\Pasports\\00050\\hattehin363.jpg');
INSERT INTO "public"."document" VALUES ('852', '852', '2016-10-28 00:00:00', '1', '\\\\TestServer\\Data\\Pasports\\00051\\henntmewit.jpg');
INSERT INTO "public"."document" VALUES ('853', '853', '2016-12-05 00:00:00', '1', '\\\\TestServer\\Data\\Pasports\\00052\\ngatinhis727.jpg');
INSERT INTO "public"."document" VALUES ('854', '854', '2016-12-10 00:00:00', '1', '\\\\TestServer\\Data\\Pasports\\00053\\hadte.jpg');
INSERT INTO "public"."document" VALUES ('855', '855', '2016-10-28 00:00:00', '1', '\\\\TestServer\\Data\\Pasports\\00054\\tialandfor353.jpg');
INSERT INTO "public"."document" VALUES ('856', '856', '2016-11-20 00:00:00', '1', '\\\\TestServer\\Data\\Pasports\\00055\\athisare74.jpg');
INSERT INTO "public"."document" VALUES ('857', '857', '2016-10-28 00:00:00', '1', '\\\\TestServer\\Data\\Pasports\\00056\\seyouter676.jpg');
INSERT INTO "public"."document" VALUES ('858', '858', '2016-10-28 00:00:00', '1', '\\\\TestServer\\Data\\Pasports\\00057\\teentionoul.jpg');
INSERT INTO "public"."document" VALUES ('859', '859', '2016-11-15 00:00:00', '1', '\\\\TestServer\\Data\\Pasports\\00058\\hinveandte.jpg');
INSERT INTO "public"."document" VALUES ('860', '860', '2016-12-07 00:00:00', '1', '\\\\TestServer\\Data\\Pasports\\00059\\thatedwitme.jpg');
INSERT INTO "public"."document" VALUES ('861', '861', '2016-10-28 00:00:00', '1', '\\\\TestServer\\Data\\Pasports\\00060\\ouineveter.jpg');
INSERT INTO "public"."document" VALUES ('862', '862', '2016-11-24 00:00:00', '1', '\\\\TestServer\\Data\\Pasports\\00061\\orforitne.jpg');
INSERT INTO "public"."document" VALUES ('863', '863', '2016-11-05 00:00:00', '1', '\\\\TestServer\\Data\\Pasports\\00062\\neera.jpg');
INSERT INTO "public"."document" VALUES ('864', '864', '2016-12-10 00:00:00', '1', '\\\\TestServer\\Data\\Pasports\\00063\\tishotiwa.jpg');
INSERT INTO "public"."document" VALUES ('865', '865', '2016-10-28 00:00:00', '1', '\\\\TestServer\\Data\\Pasports\\00064\\edhadanou13.jpg');
INSERT INTO "public"."document" VALUES ('866', '866', '2016-10-28 00:00:00', '1', '\\\\TestServer\\Data\\Pasports\\00065\\shontuldall.jpg');
INSERT INTO "public"."document" VALUES ('867', '867', '2016-10-28 00:00:00', '1', '\\\\TestServer\\Data\\Pasports\\00066\\hadandhatou.jpg');
INSERT INTO "public"."document" VALUES ('868', '868', '2016-11-09 00:00:00', '1', '\\\\TestServer\\Data\\Pasports\\00067\\isthaedti93.jpg');
INSERT INTO "public"."document" VALUES ('869', '869', '2016-11-17 00:00:00', '1', '\\\\TestServer\\Data\\Pasports\\00068\\tiobutanre586.jpg');
INSERT INTO "public"."document" VALUES ('870', '870', '2016-11-05 00:00:00', '1', '\\\\TestServer\\Data\\Pasports\\00069\\notea.jpg');
INSERT INTO "public"."document" VALUES ('871', '871', '2016-12-10 00:00:00', '1', '\\\\TestServer\\Data\\Pasports\\00070\\areyoueshen480.jpg');
INSERT INTO "public"."document" VALUES ('872', '872', '2016-12-01 00:00:00', '1', '\\\\TestServer\\Data\\Pasports\\00071\\vehis.jpg');
INSERT INTO "public"."document" VALUES ('873', '873', '2016-11-17 00:00:00', '1', '\\\\TestServer\\Data\\Pasports\\00072\\tioerendwas.jpg');
INSERT INTO "public"."document" VALUES ('874', '874', '2016-11-01 00:00:00', '1', '\\\\TestServer\\Data\\Pasports\\00073\\hatwateat.jpg');
INSERT INTO "public"."document" VALUES ('875', '875', '2016-11-09 00:00:00', '1', '\\\\TestServer\\Data\\Pasports\\00074\\anwas.jpg');
INSERT INTO "public"."document" VALUES ('876', '876', '2016-12-09 00:00:00', '1', '\\\\TestServer\\Data\\Pasports\\00075\\seomeingter12.jpg');
INSERT INTO "public"."document" VALUES ('877', '877', '2016-10-28 00:00:00', '1', '\\\\TestServer\\Data\\Pasports\\00076\\thehawasme.jpg');
INSERT INTO "public"."document" VALUES ('878', '878', '2016-11-17 00:00:00', '1', '\\\\TestServer\\Data\\Pasports\\00077\\theereerawit450.jpg');
INSERT INTO "public"."document" VALUES ('879', '879', '2016-11-17 00:00:00', '1', '\\\\TestServer\\Data\\Pasports\\00078\\butaresthin1.jpg');
INSERT INTO "public"."document" VALUES ('880', '880', '2016-11-19 00:00:00', '1', '\\\\TestServer\\Data\\Pasports\\00079\\onatalte.jpg');
INSERT INTO "public"."document" VALUES ('881', '881', '2016-12-10 00:00:00', '1', '\\\\TestServer\\Data\\Pasports\\00080\\ingwit016.jpg');
INSERT INTO "public"."document" VALUES ('882', '882', '2016-12-07 00:00:00', '1', '\\\\TestServer\\Data\\Pasports\\00081\\oulyouall216.jpg');
INSERT INTO "public"."document" VALUES ('883', '883', '2016-11-15 00:00:00', '1', '\\\\TestServer\\Data\\Pasports\\00082\\thehisatan.jpg');
INSERT INTO "public"."document" VALUES ('884', '884', '2016-10-28 00:00:00', '1', '\\\\TestServer\\Data\\Pasports\\00083\\thenging492.jpg');
INSERT INTO "public"."document" VALUES ('885', '885', '2016-10-28 00:00:00', '1', '\\\\TestServer\\Data\\Pasports\\00084\\hisarityou68.jpg');
INSERT INTO "public"."document" VALUES ('886', '886', '2016-12-10 00:00:00', '1', '\\\\TestServer\\Data\\Pasports\\00085\\edwitedver.jpg');
INSERT INTO "public"."document" VALUES ('887', '887', '2016-10-28 00:00:00', '1', '\\\\TestServer\\Data\\Pasports\\00086\\hationneal.jpg');
INSERT INTO "public"."document" VALUES ('888', '888', '2016-12-01 00:00:00', '1', '\\\\TestServer\\Data\\Pasports\\00087\\erabutalme.jpg');
INSERT INTO "public"."document" VALUES ('889', '889', '2016-12-10 00:00:00', '1', '\\\\TestServer\\Data\\Pasports\\00088\\oulan0.jpg');
INSERT INTO "public"."document" VALUES ('890', '890', '2016-10-28 00:00:00', '1', '\\\\TestServer\\Data\\Pasports\\00089\\meand862.jpg');
INSERT INTO "public"."document" VALUES ('891', '891', '2016-11-19 00:00:00', '1', '\\\\TestServer\\Data\\Pasports\\00090\\witerthing601.jpg');
INSERT INTO "public"."document" VALUES ('892', '892', '2016-10-28 00:00:00', '1', '\\\\TestServer\\Data\\Pasports\\00091\\terthevenot.jpg');
INSERT INTO "public"."document" VALUES ('893', '893', '2016-11-17 00:00:00', '1', '\\\\TestServer\\Data\\Pasports\\00092\\veoning5.jpg');
INSERT INTO "public"."document" VALUES ('894', '894', '2016-10-28 00:00:00', '1', '\\\\TestServer\\Data\\Pasports\\00093\\alan.jpg');
INSERT INTO "public"."document" VALUES ('895', '895', '2016-11-14 00:00:00', '1', '\\\\TestServer\\Data\\Pasports\\00094\\haareion520.jpg');
INSERT INTO "public"."document" VALUES ('896', '896', '2016-12-06 00:00:00', '1', '\\\\TestServer\\Data\\Pasports\\00095\\tereaitand.jpg');
INSERT INTO "public"."document" VALUES ('897', '897', '2016-10-28 00:00:00', '1', '\\\\TestServer\\Data\\Pasports\\00096\\ndat982.jpg');
INSERT INTO "public"."document" VALUES ('898', '898', '2016-10-28 00:00:00', '1', '\\\\TestServer\\Data\\Pasports\\00097\\lehadhatto.jpg');
INSERT INTO "public"."document" VALUES ('899', '899', '2016-11-22 00:00:00', '1', '\\\\TestServer\\Data\\Pasports\\00098\\ulduldbuthis424.jpg');
INSERT INTO "public"."document" VALUES ('900', '900', '2016-11-10 00:00:00', '1', '\\\\TestServer\\Data\\Pasports\\00099\\notrealltio.jpg');
INSERT INTO "public"."document" VALUES ('901', '901', '2016-11-03 00:00:00', '1', '\\\\TestServer\\Data\\Pasports\\00100\\withistha.jpg');
INSERT INTO "public"."document" VALUES ('902', '902', '2016-10-29 00:00:00', '1', '\\\\TestServer\\Data\\Pasports\\00101\\enthaent.jpg');
INSERT INTO "public"."document" VALUES ('903', '903', '2016-10-28 00:00:00', '1', '\\\\TestServer\\Data\\Pasports\\00102\\hinngher.jpg');
INSERT INTO "public"."document" VALUES ('904', '904', '2016-10-28 00:00:00', '1', '\\\\TestServer\\Data\\Pasports\\00103\\herthtoeve.jpg');
INSERT INTO "public"."document" VALUES ('905', '905', '2016-10-29 00:00:00', '1', '\\\\TestServer\\Data\\Pasports\\00104\\hadising669.jpg');
INSERT INTO "public"."document" VALUES ('906', '906', '2016-11-05 00:00:00', '1', '\\\\TestServer\\Data\\Pasports\\00105\\ingseallme.jpg');
INSERT INTO "public"."document" VALUES ('907', '907', '2016-11-03 00:00:00', '1', '\\\\TestServer\\Data\\Pasports\\00106\\hisar959.jpg');
INSERT INTO "public"."document" VALUES ('908', '908', '2016-12-06 00:00:00', '1', '\\\\TestServer\\Data\\Pasports\\00107\\renotthethi.jpg');
INSERT INTO "public"."document" VALUES ('909', '909', '2016-11-03 00:00:00', '1', '\\\\TestServer\\Data\\Pasports\\00108\\onhistheha6.jpg');
INSERT INTO "public"."document" VALUES ('910', '910', '2016-11-01 00:00:00', '1', '\\\\TestServer\\Data\\Pasports\\00109\\butandnewa.jpg');
INSERT INTO "public"."document" VALUES ('911', '911', '2016-11-22 00:00:00', '1', '\\\\TestServer\\Data\\Pasports\\00110\\orenteera.jpg');
INSERT INTO "public"."document" VALUES ('912', '912', '2016-10-28 00:00:00', '1', '\\\\TestServer\\Data\\Pasports\\00111\\ouhe9.jpg');
INSERT INTO "public"."document" VALUES ('913', '913', '2016-11-05 00:00:00', '1', '\\\\TestServer\\Data\\Pasports\\00112\\alall169.jpg');
INSERT INTO "public"."document" VALUES ('914', '914', '2016-11-12 00:00:00', '1', '\\\\TestServer\\Data\\Pasports\\00113\\youngthi.jpg');
INSERT INTO "public"."document" VALUES ('915', '915', '2016-10-28 00:00:00', '1', '\\\\TestServer\\Data\\Pasports\\00114\\ernotedas.jpg');
INSERT INTO "public"."document" VALUES ('916', '916', '2016-10-28 00:00:00', '1', '\\\\TestServer\\Data\\Pasports\\00115\\thahinndhe.jpg');
INSERT INTO "public"."document" VALUES ('917', '917', '2016-12-08 00:00:00', '1', '\\\\TestServer\\Data\\Pasports\\00116\\allshoourle0.jpg');
INSERT INTO "public"."document" VALUES ('918', '918', '2016-12-04 00:00:00', '1', '\\\\TestServer\\Data\\Pasports\\00117\\notthaourse.jpg');
INSERT INTO "public"."document" VALUES ('919', '919', '2016-10-28 00:00:00', '1', '\\\\TestServer\\Data\\Pasports\\00118\\envershois.jpg');
INSERT INTO "public"."document" VALUES ('920', '920', '2016-10-28 00:00:00', '1', '\\\\TestServer\\Data\\Pasports\\00119\\thiiserahad.jpg');
INSERT INTO "public"."document" VALUES ('921', '921', '2016-11-14 00:00:00', '1', '\\\\TestServer\\Data\\Pasports\\00120\\oulome.jpg');
INSERT INTO "public"."document" VALUES ('922', '922', '2016-11-05 00:00:00', '1', '\\\\TestServer\\Data\\Pasports\\00121\\ionityou.jpg');
INSERT INTO "public"."document" VALUES ('923', '923', '2016-11-01 00:00:00', '1', '\\\\TestServer\\Data\\Pasports\\00122\\andedteder1.jpg');
INSERT INTO "public"."document" VALUES ('924', '924', '2016-10-28 00:00:00', '1', '\\\\TestServer\\Data\\Pasports\\00123\\verentnotea.jpg');
INSERT INTO "public"."document" VALUES ('925', '925', '2016-10-28 00:00:00', '1', '\\\\TestServer\\Data\\Pasports\\00124\\ngomein.jpg');
INSERT INTO "public"."document" VALUES ('926', '926', '2016-11-28 00:00:00', '1', '\\\\TestServer\\Data\\Pasports\\00125\\ionedsthad.jpg');
INSERT INTO "public"."document" VALUES ('927', '927', '2016-11-21 00:00:00', '1', '\\\\TestServer\\Data\\Pasports\\00126\\omendionhad443.jpg');
INSERT INTO "public"."document" VALUES ('928', '928', '2016-10-28 00:00:00', '1', '\\\\TestServer\\Data\\Pasports\\00127\\lebutinal.jpg');
INSERT INTO "public"."document" VALUES ('929', '929', '2016-11-05 00:00:00', '1', '\\\\TestServer\\Data\\Pasports\\00128\\hattivering.jpg');
INSERT INTO "public"."document" VALUES ('930', '930', '2016-10-28 00:00:00', '1', '\\\\TestServer\\Data\\Pasports\\00129\\allbutleuld.jpg');
INSERT INTO "public"."document" VALUES ('931', '931', '2016-11-12 00:00:00', '1', '\\\\TestServer\\Data\\Pasports\\00130\\edstyoung.jpg');
INSERT INTO "public"."document" VALUES ('932', '932', '2016-10-28 00:00:00', '1', '\\\\TestServer\\Data\\Pasports\\00131\\onsholeing39.jpg');
INSERT INTO "public"."document" VALUES ('933', '933', '2016-11-20 00:00:00', '1', '\\\\TestServer\\Data\\Pasports\\00132\\erantwaal.jpg');
INSERT INTO "public"."document" VALUES ('934', '934', '2016-11-02 00:00:00', '1', '\\\\TestServer\\Data\\Pasports\\00133\\youarar.jpg');
INSERT INTO "public"."document" VALUES ('935', '935', '2016-11-14 00:00:00', '1', '\\\\TestServer\\Data\\Pasports\\00134\\uldth557.jpg');
INSERT INTO "public"."document" VALUES ('936', '936', '2016-11-11 00:00:00', '1', '\\\\TestServer\\Data\\Pasports\\00135\\eaeaonou988.jpg');
INSERT INTO "public"."document" VALUES ('937', '937', '2016-11-23 00:00:00', '1', '\\\\TestServer\\Data\\Pasports\\00136\\oulteat.jpg');
INSERT INTO "public"."document" VALUES ('938', '938', '2016-12-07 00:00:00', '1', '\\\\TestServer\\Data\\Pasports\\00137\\alledterere.jpg');
INSERT INTO "public"."document" VALUES ('939', '939', '2016-12-10 00:00:00', '1', '\\\\TestServer\\Data\\Pasports\\00138\\uldve894.jpg');
INSERT INTO "public"."document" VALUES ('940', '940', '2016-11-22 00:00:00', '1', '\\\\TestServer\\Data\\Pasports\\00139\\leareenst.jpg');
INSERT INTO "public"."document" VALUES ('941', '941', '2016-11-10 00:00:00', '1', '\\\\TestServer\\Data\\Pasports\\00140\\witevebut827.jpg');
INSERT INTO "public"."document" VALUES ('942', '942', '2016-11-01 00:00:00', '1', '\\\\TestServer\\Data\\Pasports\\00141\\witorterwa622.jpg');
INSERT INTO "public"."document" VALUES ('943', '943', '2016-11-03 00:00:00', '1', '\\\\TestServer\\Data\\Pasports\\00142\\leesal499.jpg');
INSERT INTO "public"."document" VALUES ('944', '944', '2016-11-11 00:00:00', '1', '\\\\TestServer\\Data\\Pasports\\00143\\verarwitoul.jpg');
INSERT INTO "public"."document" VALUES ('945', '945', '2016-11-26 00:00:00', '1', '\\\\TestServer\\Data\\Pasports\\00144\\ngeretedbut489.jpg');
INSERT INTO "public"."document" VALUES ('946', '946', '2016-11-26 00:00:00', '1', '\\\\TestServer\\Data\\Pasports\\00145\\thalehisand.jpg');
INSERT INTO "public"."document" VALUES ('947', '947', '2016-10-28 00:00:00', '1', '\\\\TestServer\\Data\\Pasports\\00146\\seeastnt.jpg');
INSERT INTO "public"."document" VALUES ('948', '948', '2016-12-02 00:00:00', '1', '\\\\TestServer\\Data\\Pasports\\00147\\hadnesene.jpg');
INSERT INTO "public"."document" VALUES ('949', '949', '2016-10-28 00:00:00', '1', '\\\\TestServer\\Data\\Pasports\\00148\\ithoungent047.jpg');
INSERT INTO "public"."document" VALUES ('950', '950', '2016-11-09 00:00:00', '1', '\\\\TestServer\\Data\\Pasports\\00149\\ereerahinare.jpg');
INSERT INTO "public"."document" VALUES ('951', '951', '2016-12-10 00:00:00', '1', '\\\\TestServer\\Data\\Pasports\\00150\\hening.jpg');
INSERT INTO "public"."document" VALUES ('952', '952', '2016-12-09 00:00:00', '1', '\\\\TestServer\\Data\\Pasports\\00151\\ingverbutto91.jpg');
INSERT INTO "public"."document" VALUES ('953', '953', '2016-11-07 00:00:00', '1', '\\\\TestServer\\Data\\Pasports\\00152\\esionisal.jpg');
INSERT INTO "public"."document" VALUES ('954', '954', '2016-11-19 00:00:00', '1', '\\\\TestServer\\Data\\Pasports\\00153\\orwas9.jpg');
INSERT INTO "public"."document" VALUES ('955', '955', '2016-11-28 00:00:00', '1', '\\\\TestServer\\Data\\Pasports\\00154\\sehabutan.jpg');
INSERT INTO "public"."document" VALUES ('956', '956', '2016-11-12 00:00:00', '1', '\\\\TestServer\\Data\\Pasports\\00155\\nderanoteve.jpg');
INSERT INTO "public"."document" VALUES ('957', '957', '2016-11-27 00:00:00', '1', '\\\\TestServer\\Data\\Pasports\\00156\\onhenalle.jpg');
INSERT INTO "public"."document" VALUES ('958', '958', '2016-12-03 00:00:00', '1', '\\\\TestServer\\Data\\Pasports\\00157\\hati935.jpg');
INSERT INTO "public"."document" VALUES ('959', '959', '2016-10-28 00:00:00', '1', '\\\\TestServer\\Data\\Pasports\\00158\\tiwas4.jpg');
INSERT INTO "public"."document" VALUES ('960', '960', '2016-11-23 00:00:00', '1', '\\\\TestServer\\Data\\Pasports\\00159\\eraalng.jpg');
INSERT INTO "public"."document" VALUES ('961', '961', '2016-10-28 00:00:00', '1', '\\\\TestServer\\Data\\Pasports\\00160\\ederterthe591.jpg');
INSERT INTO "public"."document" VALUES ('962', '962', '2016-12-09 00:00:00', '1', '\\\\TestServer\\Data\\Pasports\\00161\\anthareion.jpg');
INSERT INTO "public"."document" VALUES ('963', '963', '2016-11-10 00:00:00', '1', '\\\\TestServer\\Data\\Pasports\\00162\\seleleted.jpg');
INSERT INTO "public"."document" VALUES ('964', '964', '2016-11-26 00:00:00', '1', '\\\\TestServer\\Data\\Pasports\\00163\\thianntsho.jpg');
INSERT INTO "public"."document" VALUES ('965', '965', '2016-12-05 00:00:00', '1', '\\\\TestServer\\Data\\Pasports\\00164\\tiwitneent.jpg');
INSERT INTO "public"."document" VALUES ('966', '966', '2016-11-19 00:00:00', '1', '\\\\TestServer\\Data\\Pasports\\00165\\mend.jpg');
INSERT INTO "public"."document" VALUES ('967', '967', '2016-11-28 00:00:00', '1', '\\\\TestServer\\Data\\Pasports\\00166\\anallithat.jpg');
INSERT INTO "public"."document" VALUES ('968', '968', '2016-12-09 00:00:00', '1', '\\\\TestServer\\Data\\Pasports\\00167\\lent.jpg');
INSERT INTO "public"."document" VALUES ('969', '969', '2016-11-02 00:00:00', '1', '\\\\TestServer\\Data\\Pasports\\00168\\entwitter.jpg');
INSERT INTO "public"."document" VALUES ('970', '970', '2016-12-03 00:00:00', '1', '\\\\TestServer\\Data\\Pasports\\00169\\alhinoul.jpg');
INSERT INTO "public"."document" VALUES ('971', '971', '2016-11-10 00:00:00', '1', '\\\\TestServer\\Data\\Pasports\\00170\\erforen.jpg');
INSERT INTO "public"."document" VALUES ('972', '972', '2016-11-13 00:00:00', '1', '\\\\TestServer\\Data\\Pasports\\00171\\hiea762.jpg');
INSERT INTO "public"."document" VALUES ('973', '973', '2016-10-31 00:00:00', '1', '\\\\TestServer\\Data\\Pasports\\00172\\uldenhiser.jpg');
INSERT INTO "public"."document" VALUES ('974', '974', '2016-11-01 00:00:00', '1', '\\\\TestServer\\Data\\Pasports\\00173\\wasnt.jpg');
INSERT INTO "public"."document" VALUES ('975', '975', '2016-11-05 00:00:00', '1', '\\\\TestServer\\Data\\Pasports\\00174\\herheneaen.jpg');
INSERT INTO "public"."document" VALUES ('976', '976', '2016-12-06 00:00:00', '1', '\\\\TestServer\\Data\\Pasports\\00175\\eniserwit.jpg');
INSERT INTO "public"."document" VALUES ('977', '977', '2016-11-24 00:00:00', '1', '\\\\TestServer\\Data\\Pasports\\00176\\tiforandoul5.jpg');
INSERT INTO "public"."document" VALUES ('978', '978', '2016-10-28 00:00:00', '1', '\\\\TestServer\\Data\\Pasports\\00177\\ertoeretio.jpg');
INSERT INTO "public"."document" VALUES ('979', '979', '2016-11-28 00:00:00', '1', '\\\\TestServer\\Data\\Pasports\\00178\\eroulouhin687.jpg');
INSERT INTO "public"."document" VALUES ('980', '980', '2016-11-27 00:00:00', '1', '\\\\TestServer\\Data\\Pasports\\00179\\hintnotin.jpg');
INSERT INTO "public"."document" VALUES ('981', '981', '2016-12-08 00:00:00', '1', '\\\\TestServer\\Data\\Pasports\\00180\\stalenthi.jpg');
INSERT INTO "public"."document" VALUES ('982', '982', '2016-12-04 00:00:00', '1', '\\\\TestServer\\Data\\Pasports\\00181\\wassteve3.jpg');
INSERT INTO "public"."document" VALUES ('983', '983', '2016-10-29 00:00:00', '1', '\\\\TestServer\\Data\\Pasports\\00182\\ntthire.jpg');
INSERT INTO "public"."document" VALUES ('984', '984', '2016-12-05 00:00:00', '1', '\\\\TestServer\\Data\\Pasports\\00183\\notesou009.jpg');
INSERT INTO "public"."document" VALUES ('985', '985', '2016-10-29 00:00:00', '1', '\\\\TestServer\\Data\\Pasports\\00184\\heshoteis.jpg');
INSERT INTO "public"."document" VALUES ('986', '986', '2016-10-28 00:00:00', '1', '\\\\TestServer\\Data\\Pasports\\00185\\tededhen3.jpg');
INSERT INTO "public"."document" VALUES ('987', '987', '2016-12-04 00:00:00', '1', '\\\\TestServer\\Data\\Pasports\\00186\\areorte.jpg');
INSERT INTO "public"."document" VALUES ('988', '988', '2016-11-07 00:00:00', '1', '\\\\TestServer\\Data\\Pasports\\00187\\esnotanal.jpg');
INSERT INTO "public"."document" VALUES ('989', '989', '2016-11-17 00:00:00', '1', '\\\\TestServer\\Data\\Pasports\\00188\\andterhinle.jpg');
INSERT INTO "public"."document" VALUES ('990', '990', '2016-11-10 00:00:00', '1', '\\\\TestServer\\Data\\Pasports\\00189\\heentstas250.jpg');
INSERT INTO "public"."document" VALUES ('991', '991', '2016-11-06 00:00:00', '1', '\\\\TestServer\\Data\\Pasports\\00190\\butouing.jpg');
INSERT INTO "public"."document" VALUES ('992', '992', '2016-12-02 00:00:00', '1', '\\\\TestServer\\Data\\Pasports\\00191\\aretiteit367.jpg');
INSERT INTO "public"."document" VALUES ('993', '993', '2016-10-29 00:00:00', '1', '\\\\TestServer\\Data\\Pasports\\00192\\noteabutnt223.jpg');
INSERT INTO "public"."document" VALUES ('994', '994', '2016-11-08 00:00:00', '1', '\\\\TestServer\\Data\\Pasports\\00193\\nthien91.jpg');
INSERT INTO "public"."document" VALUES ('995', '995', '2016-11-09 00:00:00', '1', '\\\\TestServer\\Data\\Pasports\\00194\\notverareon.jpg');
INSERT INTO "public"."document" VALUES ('996', '996', '2016-11-05 00:00:00', '1', '\\\\TestServer\\Data\\Pasports\\00195\\ouingith959.jpg');
INSERT INTO "public"."document" VALUES ('997', '997', '2016-11-16 00:00:00', '1', '\\\\TestServer\\Data\\Pasports\\00196\\seter.jpg');
INSERT INTO "public"."document" VALUES ('998', '998', '2016-12-04 00:00:00', '1', '\\\\TestServer\\Data\\Pasports\\00197\\uldnot.jpg');
INSERT INTO "public"."document" VALUES ('999', '999', '2016-10-28 00:00:00', '1', '\\\\TestServer\\Data\\Pasports\\00198\\hisesonhe6.jpg');
INSERT INTO "public"."document" VALUES ('1000', '1000', '2016-11-11 00:00:00', '1', '\\\\TestServer\\Data\\Pasports\\00199\\staresho.jpg');

-- ----------------------------
-- Table structure for document_type
-- ----------------------------
DROP TABLE IF EXISTS "public"."document_type";
CREATE TABLE "public"."document_type" (
"document_type_id" int4 DEFAULT nextval('document_type_document_type_id_seq'::regclass) NOT NULL,
"type_name" varchar(50) COLLATE "default" NOT NULL,
"identity_lvl" varchar(255) COLLATE "default" NOT NULL
)
WITH (OIDS=FALSE)

;

-- ----------------------------
-- Records of document_type
-- ----------------------------
INSERT INTO "public"."document_type" VALUES ('1', 'Pasport Russian Federation', '1');

-- ----------------------------
-- Table structure for employee
-- ----------------------------
DROP TABLE IF EXISTS "public"."employee";
CREATE TABLE "public"."employee" (
"employee_id" int4 DEFAULT nextval('employee_employee_id_seq'::regclass) NOT NULL,
"person_id" int4 NOT NULL,
"salary" numeric(8,2) NOT NULL,
"employee_role_id" int4 NOT NULL
)
WITH (OIDS=FALSE)

;

-- ----------------------------
-- Records of employee
-- ----------------------------
INSERT INTO "public"."employee" VALUES ('1', '21', '30000.00', '4');
INSERT INTO "public"."employee" VALUES ('2', '22', '25000.00', '1');
INSERT INTO "public"."employee" VALUES ('3', '23', '20000.00', '2');
INSERT INTO "public"."employee" VALUES ('4', '24', '40000.00', '3');
INSERT INTO "public"."employee" VALUES ('5', '25', '25000.00', '5');
INSERT INTO "public"."employee" VALUES ('6', '26', '30000.00', '6');

-- ----------------------------
-- Table structure for employee_role
-- ----------------------------
DROP TABLE IF EXISTS "public"."employee_role";
CREATE TABLE "public"."employee_role" (
"employee_role_id" int4 DEFAULT nextval('employee_role_employee_role_id_seq'::regclass) NOT NULL,
"role_name" varchar(50) COLLATE "default" NOT NULL,
"description" varchar(255) COLLATE "default"
)
WITH (OIDS=FALSE)

;

-- ----------------------------
-- Records of employee_role
-- ----------------------------
INSERT INTO "public"."employee_role" VALUES ('1', 'Security Guard', 'Full-time');
INSERT INTO "public"."employee_role" VALUES ('2', 'Cleaning service', 'Part-time');
INSERT INTO "public"."employee_role" VALUES ('3', 'Commandant', 'Full-time');
INSERT INTO "public"."employee_role" VALUES ('4', 'Chef', 'Full-time');
INSERT INTO "public"."employee_role" VALUES ('5', 'Cook', 'Full-time');
INSERT INTO "public"."employee_role" VALUES ('6', 'Administrator', 'Full-time');

-- ----------------------------
-- Table structure for entry_check_machine
-- ----------------------------
DROP TABLE IF EXISTS "public"."entry_check_machine";
CREATE TABLE "public"."entry_check_machine" (
"ecm_id" int4 DEFAULT nextval('entry_check_machine_ecm_id_seq'::regclass) NOT NULL,
"building_id" int4 NOT NULL,
"entry_permission_id" int4 NOT NULL
)
WITH (OIDS=FALSE)

;

-- ----------------------------
-- Records of entry_check_machine
-- ----------------------------
INSERT INTO "public"."entry_check_machine" VALUES ('1', '1', '1');
INSERT INTO "public"."entry_check_machine" VALUES ('2', '1', '1');
INSERT INTO "public"."entry_check_machine" VALUES ('3', '1', '1');
INSERT INTO "public"."entry_check_machine" VALUES ('4', '1', '7');
INSERT INTO "public"."entry_check_machine" VALUES ('5', '1', '7');
INSERT INTO "public"."entry_check_machine" VALUES ('6', '1', '7');
INSERT INTO "public"."entry_check_machine" VALUES ('7', '1', '7');
INSERT INTO "public"."entry_check_machine" VALUES ('8', '2', '2');
INSERT INTO "public"."entry_check_machine" VALUES ('9', '2', '2');
INSERT INTO "public"."entry_check_machine" VALUES ('10', '2', '2');
INSERT INTO "public"."entry_check_machine" VALUES ('11', '2', '7');
INSERT INTO "public"."entry_check_machine" VALUES ('12', '2', '7');
INSERT INTO "public"."entry_check_machine" VALUES ('13', '2', '7');
INSERT INTO "public"."entry_check_machine" VALUES ('14', '2', '7');
INSERT INTO "public"."entry_check_machine" VALUES ('15', '3', '3');
INSERT INTO "public"."entry_check_machine" VALUES ('16', '3', '3');
INSERT INTO "public"."entry_check_machine" VALUES ('17', '3', '3');
INSERT INTO "public"."entry_check_machine" VALUES ('18', '3', '7');
INSERT INTO "public"."entry_check_machine" VALUES ('19', '3', '7');
INSERT INTO "public"."entry_check_machine" VALUES ('20', '3', '7');
INSERT INTO "public"."entry_check_machine" VALUES ('21', '3', '7');
INSERT INTO "public"."entry_check_machine" VALUES ('22', '4', '4');
INSERT INTO "public"."entry_check_machine" VALUES ('23', '4', '4');
INSERT INTO "public"."entry_check_machine" VALUES ('24', '4', '4');
INSERT INTO "public"."entry_check_machine" VALUES ('25', '4', '7');
INSERT INTO "public"."entry_check_machine" VALUES ('26', '4', '7');
INSERT INTO "public"."entry_check_machine" VALUES ('27', '4', '7');
INSERT INTO "public"."entry_check_machine" VALUES ('28', '4', '7');
INSERT INTO "public"."entry_check_machine" VALUES ('29', '5', '6');
INSERT INTO "public"."entry_check_machine" VALUES ('30', '5', '6');
INSERT INTO "public"."entry_check_machine" VALUES ('31', '5', '6');
INSERT INTO "public"."entry_check_machine" VALUES ('32', '5', '6');
INSERT INTO "public"."entry_check_machine" VALUES ('33', '5', '6');
INSERT INTO "public"."entry_check_machine" VALUES ('34', '5', '6');
INSERT INTO "public"."entry_check_machine" VALUES ('35', '5', '6');
INSERT INTO "public"."entry_check_machine" VALUES ('36', '5', '6');
INSERT INTO "public"."entry_check_machine" VALUES ('37', '5', '6');
INSERT INTO "public"."entry_check_machine" VALUES ('38', '5', '6');
INSERT INTO "public"."entry_check_machine" VALUES ('39', '5', '6');
INSERT INTO "public"."entry_check_machine" VALUES ('40', '5', '6');
INSERT INTO "public"."entry_check_machine" VALUES ('41', '5', '6');
INSERT INTO "public"."entry_check_machine" VALUES ('42', '5', '6');
INSERT INTO "public"."entry_check_machine" VALUES ('43', '5', '6');
INSERT INTO "public"."entry_check_machine" VALUES ('44', '5', '6');
INSERT INTO "public"."entry_check_machine" VALUES ('45', '5', '6');
INSERT INTO "public"."entry_check_machine" VALUES ('46', '5', '6');
INSERT INTO "public"."entry_check_machine" VALUES ('47', '5', '6');
INSERT INTO "public"."entry_check_machine" VALUES ('48', '5', '6');
INSERT INTO "public"."entry_check_machine" VALUES ('49', '5', '7');
INSERT INTO "public"."entry_check_machine" VALUES ('50', '5', '7');
INSERT INTO "public"."entry_check_machine" VALUES ('51', '5', '7');
INSERT INTO "public"."entry_check_machine" VALUES ('52', '5', '7');

-- ----------------------------
-- Table structure for entry_permission
-- ----------------------------
DROP TABLE IF EXISTS "public"."entry_permission";
CREATE TABLE "public"."entry_permission" (
"entry_permission_id" int4 DEFAULT nextval('entry_permission_entry_permission_id_seq'::regclass) NOT NULL,
"permission_name" varchar(100) COLLATE "default" NOT NULL
)
WITH (OIDS=FALSE)

;

-- ----------------------------
-- Records of entry_permission
-- ----------------------------
INSERT INTO "public"."entry_permission" VALUES ('1', 'apartment1');
INSERT INTO "public"."entry_permission" VALUES ('2', 'apartment2');
INSERT INTO "public"."entry_permission" VALUES ('3', 'apartment3');
INSERT INTO "public"."entry_permission" VALUES ('4', 'apartment4');
INSERT INTO "public"."entry_permission" VALUES ('5', 'TeachingBuilding');
INSERT INTO "public"."entry_permission" VALUES ('6', 'ProfessorOffice');
INSERT INTO "public"."entry_permission" VALUES ('7', 'Pantry');
INSERT INTO "public"."entry_permission" VALUES ('8', 'classroom');

-- ----------------------------
-- Table structure for entry_permission_set
-- ----------------------------
DROP TABLE IF EXISTS "public"."entry_permission_set";
CREATE TABLE "public"."entry_permission_set" (
"ep_set_id" int4 DEFAULT nextval('entry_permission_set_ep_set_id_seq'::regclass) NOT NULL,
"set_name" varchar(50) COLLATE "default" NOT NULL
)
WITH (OIDS=FALSE)

;

-- ----------------------------
-- Records of entry_permission_set
-- ----------------------------
INSERT INTO "public"."entry_permission_set" VALUES ('1', 'dorm1Student');
INSERT INTO "public"."entry_permission_set" VALUES ('2', 'dorm2Student');
INSERT INTO "public"."entry_permission_set" VALUES ('3', 'dorm3Student');
INSERT INTO "public"."entry_permission_set" VALUES ('4', 'dorm4Student');
INSERT INTO "public"."entry_permission_set" VALUES ('5', 'professor');
INSERT INTO "public"."entry_permission_set" VALUES ('6', 'staff');
INSERT INTO "public"."entry_permission_set" VALUES ('7', 'StudentLiveInOtherPlace');

-- ----------------------------
-- Table structure for ep_set_has_ep
-- ----------------------------
DROP TABLE IF EXISTS "public"."ep_set_has_ep";
CREATE TABLE "public"."ep_set_has_ep" (
"entry_permission_id" int4 NOT NULL,
"ep_set_id" int4 NOT NULL
)
WITH (OIDS=FALSE)

;

-- ----------------------------
-- Records of ep_set_has_ep
-- ----------------------------
INSERT INTO "public"."ep_set_has_ep" VALUES ('1', '1');
INSERT INTO "public"."ep_set_has_ep" VALUES ('1', '6');
INSERT INTO "public"."ep_set_has_ep" VALUES ('2', '2');
INSERT INTO "public"."ep_set_has_ep" VALUES ('2', '6');
INSERT INTO "public"."ep_set_has_ep" VALUES ('3', '3');
INSERT INTO "public"."ep_set_has_ep" VALUES ('3', '6');
INSERT INTO "public"."ep_set_has_ep" VALUES ('4', '4');
INSERT INTO "public"."ep_set_has_ep" VALUES ('4', '6');
INSERT INTO "public"."ep_set_has_ep" VALUES ('5', '1');
INSERT INTO "public"."ep_set_has_ep" VALUES ('5', '2');
INSERT INTO "public"."ep_set_has_ep" VALUES ('5', '3');
INSERT INTO "public"."ep_set_has_ep" VALUES ('5', '4');
INSERT INTO "public"."ep_set_has_ep" VALUES ('5', '5');
INSERT INTO "public"."ep_set_has_ep" VALUES ('5', '6');
INSERT INTO "public"."ep_set_has_ep" VALUES ('5', '7');
INSERT INTO "public"."ep_set_has_ep" VALUES ('6', '5');
INSERT INTO "public"."ep_set_has_ep" VALUES ('7', '6');
INSERT INTO "public"."ep_set_has_ep" VALUES ('8', '1');
INSERT INTO "public"."ep_set_has_ep" VALUES ('8', '2');
INSERT INTO "public"."ep_set_has_ep" VALUES ('8', '3');
INSERT INTO "public"."ep_set_has_ep" VALUES ('8', '4');
INSERT INTO "public"."ep_set_has_ep" VALUES ('8', '5');
INSERT INTO "public"."ep_set_has_ep" VALUES ('8', '7');

-- ----------------------------
-- Table structure for guest
-- ----------------------------
DROP TABLE IF EXISTS "public"."guest";
CREATE TABLE "public"."guest" (
"guest_id" int4 DEFAULT nextval('guest_guest_id_seq'::regclass) NOT NULL,
"person_id" int4 NOT NULL,
"guest_to_person_id" int4 NOT NULL
)
WITH (OIDS=FALSE)

;

-- ----------------------------
-- Records of guest
-- ----------------------------
INSERT INTO "public"."guest" VALUES ('1', '11', '1');
INSERT INTO "public"."guest" VALUES ('2', '12', '2');
INSERT INTO "public"."guest" VALUES ('3', '13', '3');
INSERT INTO "public"."guest" VALUES ('4', '14', '4');
INSERT INTO "public"."guest" VALUES ('5', '15', '5');
INSERT INTO "public"."guest" VALUES ('6', '16', '6');
INSERT INTO "public"."guest" VALUES ('7', '17', '7');
INSERT INTO "public"."guest" VALUES ('8', '18', '8');
INSERT INTO "public"."guest" VALUES ('9', '19', '9');
INSERT INTO "public"."guest" VALUES ('10', '20', '10');

-- ----------------------------
-- Table structure for guest_to_person
-- ----------------------------
DROP TABLE IF EXISTS "public"."guest_to_person";
CREATE TABLE "public"."guest_to_person" (
"guest_id" int4 NOT NULL,
"person_id" int4 NOT NULL,
"date_time_start" timestamp(6) NOT NULL,
"date_time_end" timestamp(6)
)
WITH (OIDS=FALSE)

;

-- ----------------------------
-- Records of guest_to_person
-- ----------------------------
INSERT INTO "public"."guest_to_person" VALUES ('1', '1', '2016-01-01 12:00:01', '2016-01-05 01:00:00');
INSERT INTO "public"."guest_to_person" VALUES ('2', '2', '2016-03-16 02:00:01', '2016-03-25 11:00:00');
INSERT INTO "public"."guest_to_person" VALUES ('3', '3', '2016-02-05 10:26:01', '2016-02-10 01:15:00');
INSERT INTO "public"."guest_to_person" VALUES ('4', '4', '2016-08-13 01:54:07', '2016-08-18 05:16:05');
INSERT INTO "public"."guest_to_person" VALUES ('5', '5', '2016-11-03 03:34:59', '2016-11-10 01:45:00');

-- ----------------------------
-- Table structure for in_out
-- ----------------------------
DROP TABLE IF EXISTS "public"."in_out";
CREATE TABLE "public"."in_out" (
"person_id" int4 NOT NULL,
"ecm_id" int4 NOT NULL,
"in_out" char(1) COLLATE "default" NOT NULL,
"date_time" timestamp(6) NOT NULL,
"accepted" bool NOT NULL
)
WITH (OIDS=FALSE)

;

-- ----------------------------
-- Records of in_out
-- ----------------------------
INSERT INTO "public"."in_out" VALUES ('1', '1', 'o', '2016-09-02 09:26:33', 't');
INSERT INTO "public"."in_out" VALUES ('1', '1', 'i', '2016-10-22 06:59:38', 't');
INSERT INTO "public"."in_out" VALUES ('1', '2', 'i', '2016-09-24 09:43:52', 't');
INSERT INTO "public"."in_out" VALUES ('1', '2', 'o', '2016-11-07 18:24:15', 't');
INSERT INTO "public"."in_out" VALUES ('1', '2', 'o', '2016-11-15 16:32:17', 't');
INSERT INTO "public"."in_out" VALUES ('1', '3', 'i', '2016-09-05 21:07:23', 't');
INSERT INTO "public"."in_out" VALUES ('1', '4', 'o', '2016-09-01 00:01:27', 't');
INSERT INTO "public"."in_out" VALUES ('1', '4', 'i', '2016-09-02 03:09:22', 't');
INSERT INTO "public"."in_out" VALUES ('1', '4', 'i', '2016-10-02 10:25:48', 't');
INSERT INTO "public"."in_out" VALUES ('1', '4', 'i', '2016-10-29 13:57:56', 't');
INSERT INTO "public"."in_out" VALUES ('1', '5', 'o', '2016-10-31 22:27:35', 't');
INSERT INTO "public"."in_out" VALUES ('1', '6', 'o', '2016-10-15 06:54:12', 't');
INSERT INTO "public"."in_out" VALUES ('1', '7', 'o', '2016-09-01 02:14:22', 't');
INSERT INTO "public"."in_out" VALUES ('1', '7', 'i', '2016-09-18 11:01:18', 't');
INSERT INTO "public"."in_out" VALUES ('1', '8', 'o', '2016-09-01 00:08:41', 't');
INSERT INTO "public"."in_out" VALUES ('1', '8', 'i', '2016-11-16 00:59:59', 't');
INSERT INTO "public"."in_out" VALUES ('1', '9', 'i', '2016-10-02 01:04:02', 'f');
INSERT INTO "public"."in_out" VALUES ('1', '9', 'o', '2016-10-09 16:02:48', 't');
INSERT INTO "public"."in_out" VALUES ('1', '9', 'i', '2016-10-12 02:35:27', 't');
INSERT INTO "public"."in_out" VALUES ('1', '10', 'o', '2016-09-06 08:16:40', 't');
INSERT INTO "public"."in_out" VALUES ('1', '10', 'o', '2016-11-16 23:59:59', 't');
INSERT INTO "public"."in_out" VALUES ('1', '11', 'i', '2016-10-08 04:57:08', 't');
INSERT INTO "public"."in_out" VALUES ('1', '11', 'o', '2016-11-06 03:17:00', 't');
INSERT INTO "public"."in_out" VALUES ('1', '11', 'i', '2016-11-15 23:59:00', 't');
INSERT INTO "public"."in_out" VALUES ('1', '12', 'i', '2016-09-18 15:35:49', 't');
INSERT INTO "public"."in_out" VALUES ('1', '13', 'o', '2016-10-23 19:47:28', 't');
INSERT INTO "public"."in_out" VALUES ('1', '13', 'o', '2016-11-15 23:59:59', 't');
INSERT INTO "public"."in_out" VALUES ('1', '14', 'o', '2016-09-01 02:04:50', 't');
INSERT INTO "public"."in_out" VALUES ('1', '14', 'i', '2016-09-01 23:16:19', 't');
INSERT INTO "public"."in_out" VALUES ('1', '14', 'o', '2016-09-02 01:31:08', 't');
INSERT INTO "public"."in_out" VALUES ('1', '15', 'o', '2016-10-10 13:01:55', 't');
INSERT INTO "public"."in_out" VALUES ('1', '17', 'o', '2016-09-03 01:04:48', 't');
INSERT INTO "public"."in_out" VALUES ('1', '18', 'i', '2016-09-01 00:00:10', 't');
INSERT INTO "public"."in_out" VALUES ('1', '18', 'i', '2016-09-11 23:15:46', 't');
INSERT INTO "public"."in_out" VALUES ('1', '18', 'o', '2016-09-26 08:37:07', 't');
INSERT INTO "public"."in_out" VALUES ('1', '18', 'o', '2016-10-17 21:43:35', 't');
INSERT INTO "public"."in_out" VALUES ('1', '18', 'o', '2016-10-26 16:14:21', 't');
INSERT INTO "public"."in_out" VALUES ('1', '19', 'i', '2016-09-01 00:00:42', 't');
INSERT INTO "public"."in_out" VALUES ('1', '19', 'i', '2016-09-01 00:13:47', 't');
INSERT INTO "public"."in_out" VALUES ('1', '19', 'o', '2016-09-03 22:47:09', 't');
INSERT INTO "public"."in_out" VALUES ('1', '21', 'i', '2016-09-03 06:03:55', 't');
INSERT INTO "public"."in_out" VALUES ('1', '21', 'i', '2016-11-11 05:33:46', 't');
INSERT INTO "public"."in_out" VALUES ('1', '22', 'i', '2016-09-28 01:43:45', 't');
INSERT INTO "public"."in_out" VALUES ('1', '22', 'i', '2016-10-11 15:01:09', 't');
INSERT INTO "public"."in_out" VALUES ('1', '22', 'o', '2016-10-19 14:39:38', 't');
INSERT INTO "public"."in_out" VALUES ('1', '22', 'i', '2016-11-04 07:59:09', 't');
INSERT INTO "public"."in_out" VALUES ('1', '23', 'i', '2016-09-01 00:00:03', 't');
INSERT INTO "public"."in_out" VALUES ('1', '23', 'o', '2016-09-01 00:05:36', 't');
INSERT INTO "public"."in_out" VALUES ('1', '25', 'i', '2016-09-01 00:00:08', 't');
INSERT INTO "public"."in_out" VALUES ('1', '25', 'i', '2016-09-25 21:54:03', 't');
INSERT INTO "public"."in_out" VALUES ('1', '25', 'i', '2016-10-29 22:27:14', 't');
INSERT INTO "public"."in_out" VALUES ('1', '25', 'o', '2016-11-04 22:20:36', 't');
INSERT INTO "public"."in_out" VALUES ('1', '26', 'o', '2016-09-13 16:39:57', 't');
INSERT INTO "public"."in_out" VALUES ('1', '27', 'i', '2016-09-01 00:58:00', 't');
INSERT INTO "public"."in_out" VALUES ('1', '27', 'o', '2016-10-30 07:18:22', 't');
INSERT INTO "public"."in_out" VALUES ('1', '28', 'o', '2016-09-01 00:00:02', 't');
INSERT INTO "public"."in_out" VALUES ('1', '28', 'o', '2016-09-01 00:01:07', 't');
INSERT INTO "public"."in_out" VALUES ('1', '28', 'i', '2016-10-05 17:42:12', 't');
INSERT INTO "public"."in_out" VALUES ('1', '29', 'o', '2016-09-01 06:55:34', 't');
INSERT INTO "public"."in_out" VALUES ('1', '29', 'o', '2016-09-01 18:02:43', 't');
INSERT INTO "public"."in_out" VALUES ('1', '29', 'o', '2016-11-16 00:00:01', 't');
INSERT INTO "public"."in_out" VALUES ('1', '30', 'i', '2016-09-19 16:52:52', 't');
INSERT INTO "public"."in_out" VALUES ('1', '32', 'o', '2016-09-01 00:00:16', 't');
INSERT INTO "public"."in_out" VALUES ('1', '32', 'i', '2016-10-18 17:12:40', 't');
INSERT INTO "public"."in_out" VALUES ('1', '33', 'i', '2016-10-03 12:54:26', 't');
INSERT INTO "public"."in_out" VALUES ('1', '34', 'i', '2016-11-14 11:48:13', 't');
INSERT INTO "public"."in_out" VALUES ('1', '35', 'i', '2016-09-01 01:59:14', 't');
INSERT INTO "public"."in_out" VALUES ('1', '35', 'o', '2016-10-21 10:12:44', 't');
INSERT INTO "public"."in_out" VALUES ('1', '35', 'i', '2016-11-02 00:11:16', 't');
INSERT INTO "public"."in_out" VALUES ('1', '35', 'i', '2016-11-14 07:36:35', 't');
INSERT INTO "public"."in_out" VALUES ('1', '36', 'o', '2016-09-09 17:14:00', 't');
INSERT INTO "public"."in_out" VALUES ('1', '37', 'i', '2016-09-01 23:58:00', 't');
INSERT INTO "public"."in_out" VALUES ('1', '37', 'o', '2016-09-18 11:43:12', 't');
INSERT INTO "public"."in_out" VALUES ('1', '37', 'o', '2016-10-18 10:12:07', 't');
INSERT INTO "public"."in_out" VALUES ('1', '38', 'i', '2016-09-01 00:00:55', 't');
INSERT INTO "public"."in_out" VALUES ('1', '38', 'o', '2016-09-09 18:40:28', 't');
INSERT INTO "public"."in_out" VALUES ('1', '39', 'i', '2016-09-01 00:10:37', 't');
INSERT INTO "public"."in_out" VALUES ('1', '39', 'o', '2016-09-01 01:47:16', 't');
INSERT INTO "public"."in_out" VALUES ('1', '39', 'o', '2016-09-04 06:24:25', 't');
INSERT INTO "public"."in_out" VALUES ('1', '39', 'o', '2016-10-30 07:45:06', 't');
INSERT INTO "public"."in_out" VALUES ('1', '42', 'i', '2016-09-01 00:00:32', 't');
INSERT INTO "public"."in_out" VALUES ('1', '42', 'o', '2016-09-02 03:20:05', 't');
INSERT INTO "public"."in_out" VALUES ('1', '42', 'i', '2016-10-04 10:09:46', 't');
INSERT INTO "public"."in_out" VALUES ('1', '43', 'o', '2016-09-06 14:57:22', 't');
INSERT INTO "public"."in_out" VALUES ('1', '44', 'i', '2016-10-04 22:49:12', 't');
INSERT INTO "public"."in_out" VALUES ('1', '45', 'o', '2016-09-01 00:02:46', 't');
INSERT INTO "public"."in_out" VALUES ('1', '45', 'i', '2016-09-02 01:48:48', 't');
INSERT INTO "public"."in_out" VALUES ('1', '45', 'o', '2016-09-02 05:40:56', 't');
INSERT INTO "public"."in_out" VALUES ('1', '45', 'o', '2016-09-06 06:50:35', 't');
INSERT INTO "public"."in_out" VALUES ('1', '45', 'o', '2016-09-06 09:13:03', 't');
INSERT INTO "public"."in_out" VALUES ('1', '46', 'i', '2016-09-18 20:28:28', 'f');
INSERT INTO "public"."in_out" VALUES ('1', '47', 'o', '2016-09-13 09:17:00', 'f');
INSERT INTO "public"."in_out" VALUES ('1', '47', 'o', '2016-10-17 21:21:42', 't');
INSERT INTO "public"."in_out" VALUES ('1', '48', 'o', '2016-09-29 17:53:45', 't');
INSERT INTO "public"."in_out" VALUES ('1', '49', 'o', '2016-10-01 14:51:00', 't');
INSERT INTO "public"."in_out" VALUES ('1', '49', 'o', '2016-10-20 21:41:22', 't');
INSERT INTO "public"."in_out" VALUES ('1', '49', 'o', '2016-11-05 19:20:20', 't');
INSERT INTO "public"."in_out" VALUES ('1', '50', 'i', '2016-09-01 02:44:58', 't');
INSERT INTO "public"."in_out" VALUES ('1', '51', 'i', '2016-09-01 01:45:11', 't');
INSERT INTO "public"."in_out" VALUES ('1', '52', 'i', '2016-11-05 06:46:02', 't');
INSERT INTO "public"."in_out" VALUES ('2', '2', 'o', '2016-10-21 05:38:29', 't');
INSERT INTO "public"."in_out" VALUES ('2', '2', 'o', '2016-11-16 23:59:01', 't');
INSERT INTO "public"."in_out" VALUES ('2', '3', 'i', '2016-11-16 00:01:01', 't');
INSERT INTO "public"."in_out" VALUES ('2', '4', 'i', '2016-09-04 09:12:57', 't');
INSERT INTO "public"."in_out" VALUES ('2', '4', 'o', '2016-10-19 10:07:03', 't');
INSERT INTO "public"."in_out" VALUES ('2', '4', 'o', '2016-11-15 14:05:11', 't');
INSERT INTO "public"."in_out" VALUES ('2', '5', 'o', '2016-09-30 19:46:40', 't');
INSERT INTO "public"."in_out" VALUES ('2', '5', 'o', '2016-10-15 04:34:43', 't');
INSERT INTO "public"."in_out" VALUES ('2', '5', 'o', '2016-10-20 14:37:05', 't');
INSERT INTO "public"."in_out" VALUES ('2', '5', 'i', '2016-10-22 12:27:35', 't');
INSERT INTO "public"."in_out" VALUES ('2', '5', 'o', '2016-11-16 23:58:01', 't');
INSERT INTO "public"."in_out" VALUES ('2', '6', 'o', '2016-09-01 00:00:08', 't');
INSERT INTO "public"."in_out" VALUES ('2', '6', 'i', '2016-10-31 05:55:56', 't');
INSERT INTO "public"."in_out" VALUES ('2', '6', 'i', '2016-11-03 13:41:33', 't');
INSERT INTO "public"."in_out" VALUES ('2', '7', 'i', '2016-09-15 03:11:29', 'f');
INSERT INTO "public"."in_out" VALUES ('2', '7', 'o', '2016-09-25 10:15:14', 't');
INSERT INTO "public"."in_out" VALUES ('2', '7', 'o', '2016-10-02 20:07:39', 't');
INSERT INTO "public"."in_out" VALUES ('2', '9', 'o', '2016-09-05 13:29:37', 't');
INSERT INTO "public"."in_out" VALUES ('2', '9', 'o', '2016-09-26 21:39:06', 't');
INSERT INTO "public"."in_out" VALUES ('2', '10', 'o', '2016-09-05 07:18:52', 't');
INSERT INTO "public"."in_out" VALUES ('2', '10', 'o', '2016-09-08 17:07:29', 't');
INSERT INTO "public"."in_out" VALUES ('2', '11', 'o', '2016-09-01 00:59:59', 't');
INSERT INTO "public"."in_out" VALUES ('2', '11', 'i', '2016-09-06 02:08:18', 't');
INSERT INTO "public"."in_out" VALUES ('2', '11', 'o', '2016-11-04 05:01:55', 't');
INSERT INTO "public"."in_out" VALUES ('2', '12', 'o', '2016-09-07 10:36:35', 't');
INSERT INTO "public"."in_out" VALUES ('2', '12', 'o', '2016-10-16 08:47:16', 't');
INSERT INTO "public"."in_out" VALUES ('2', '12', 'i', '2016-10-23 10:58:23', 't');
INSERT INTO "public"."in_out" VALUES ('2', '12', 'o', '2016-11-16 22:59:00', 't');
INSERT INTO "public"."in_out" VALUES ('2', '13', 'o', '2016-09-22 19:45:52', 'f');
INSERT INTO "public"."in_out" VALUES ('2', '13', 'o', '2016-10-26 14:28:51', 't');
INSERT INTO "public"."in_out" VALUES ('2', '14', 'o', '2016-09-01 00:00:27', 't');
INSERT INTO "public"."in_out" VALUES ('2', '14', 'o', '2016-09-02 00:47:07', 't');
INSERT INTO "public"."in_out" VALUES ('2', '14', 'i', '2016-10-03 02:06:42', 't');
INSERT INTO "public"."in_out" VALUES ('2', '14', 'o', '2016-10-09 05:18:43', 'f');
INSERT INTO "public"."in_out" VALUES ('2', '17', 'o', '2016-09-01 05:18:49', 't');
INSERT INTO "public"."in_out" VALUES ('2', '17', 'i', '2016-11-03 22:45:11', 't');
INSERT INTO "public"."in_out" VALUES ('2', '18', 'i', '2016-09-01 00:00:54', 't');
INSERT INTO "public"."in_out" VALUES ('2', '18', 'i', '2016-09-01 22:36:19', 'f');
INSERT INTO "public"."in_out" VALUES ('2', '19', 'i', '2016-09-01 00:00:26', 't');
INSERT INTO "public"."in_out" VALUES ('2', '19', 'i', '2016-09-01 07:09:09', 't');
INSERT INTO "public"."in_out" VALUES ('2', '19', 'i', '2016-09-01 23:00:59', 't');
INSERT INTO "public"."in_out" VALUES ('2', '19', 'i', '2016-10-31 13:33:53', 't');
INSERT INTO "public"."in_out" VALUES ('2', '20', 'o', '2016-09-01 00:00:07', 't');
INSERT INTO "public"."in_out" VALUES ('2', '20', 'i', '2016-09-27 08:33:59', 't');
INSERT INTO "public"."in_out" VALUES ('2', '20', 'o', '2016-10-16 10:20:12', 't');
INSERT INTO "public"."in_out" VALUES ('2', '20', 'i', '2016-11-12 22:59:13', 't');
INSERT INTO "public"."in_out" VALUES ('2', '21', 'i', '2016-11-16 00:27:44', 'f');
INSERT INTO "public"."in_out" VALUES ('2', '23', 'o', '2016-09-24 09:04:17', 't');
INSERT INTO "public"."in_out" VALUES ('2', '23', 'o', '2016-09-26 14:12:35', 't');
INSERT INTO "public"."in_out" VALUES ('2', '23', 'i', '2016-11-16 23:00:01', 't');
INSERT INTO "public"."in_out" VALUES ('2', '25', 'o', '2016-10-07 14:40:24', 't');
INSERT INTO "public"."in_out" VALUES ('2', '25', 'o', '2016-11-04 20:57:28', 't');
INSERT INTO "public"."in_out" VALUES ('2', '26', 'i', '2016-09-11 12:27:48', 't');
INSERT INTO "public"."in_out" VALUES ('2', '26', 'i', '2016-10-14 18:11:27', 't');
INSERT INTO "public"."in_out" VALUES ('2', '26', 'o', '2016-10-27 23:24:25', 't');
INSERT INTO "public"."in_out" VALUES ('2', '27', 'i', '2016-09-01 00:01:29', 't');
INSERT INTO "public"."in_out" VALUES ('2', '27', 'o', '2016-09-01 00:10:54', 'f');
INSERT INTO "public"."in_out" VALUES ('2', '27', 'i', '2016-09-02 03:45:08', 't');
INSERT INTO "public"."in_out" VALUES ('2', '28', 'o', '2016-09-01 01:15:02', 't');
INSERT INTO "public"."in_out" VALUES ('2', '29', 'i', '2016-09-01 01:08:40', 't');
INSERT INTO "public"."in_out" VALUES ('2', '29', 'i', '2016-09-22 00:12:42', 't');
INSERT INTO "public"."in_out" VALUES ('2', '29', 'i', '2016-10-22 02:14:55', 't');
INSERT INTO "public"."in_out" VALUES ('2', '29', 'i', '2016-10-22 03:27:18', 't');
INSERT INTO "public"."in_out" VALUES ('2', '31', 'o', '2016-09-01 00:00:35', 't');
INSERT INTO "public"."in_out" VALUES ('2', '31', 'i', '2016-09-08 08:15:02', 't');
INSERT INTO "public"."in_out" VALUES ('2', '31', 'i', '2016-10-09 21:23:12', 't');
INSERT INTO "public"."in_out" VALUES ('2', '32', 'o', '2016-09-01 00:05:14', 't');
INSERT INTO "public"."in_out" VALUES ('2', '32', 'o', '2016-10-19 14:11:25', 't');
INSERT INTO "public"."in_out" VALUES ('2', '32', 'o', '2016-11-08 23:16:51', 't');
INSERT INTO "public"."in_out" VALUES ('2', '32', 'i', '2016-11-15 05:04:51', 't');
INSERT INTO "public"."in_out" VALUES ('2', '33', 'i', '2016-09-03 17:31:28', 't');
INSERT INTO "public"."in_out" VALUES ('2', '33', 'o', '2016-10-16 08:52:24', 't');
INSERT INTO "public"."in_out" VALUES ('2', '35', 'i', '2016-09-02 03:53:16', 'f');
INSERT INTO "public"."in_out" VALUES ('2', '35', 'i', '2016-09-11 22:43:00', 't');
INSERT INTO "public"."in_out" VALUES ('2', '35', 'i', '2016-11-16 00:26:30', 't');
INSERT INTO "public"."in_out" VALUES ('2', '36', 'o', '2016-09-01 00:00:09', 't');
INSERT INTO "public"."in_out" VALUES ('2', '36', 'i', '2016-10-08 20:58:40', 't');
INSERT INTO "public"."in_out" VALUES ('2', '37', 'o', '2016-09-08 07:33:23', 't');
INSERT INTO "public"."in_out" VALUES ('2', '38', 'o', '2016-09-14 09:09:59', 't');
INSERT INTO "public"."in_out" VALUES ('2', '39', 'o', '2016-11-14 08:26:45', 't');
INSERT INTO "public"."in_out" VALUES ('2', '40', 'o', '2016-09-25 15:14:54', 't');
INSERT INTO "public"."in_out" VALUES ('2', '40', 'i', '2016-10-11 00:15:41', 't');
INSERT INTO "public"."in_out" VALUES ('2', '40', 'i', '2016-11-14 13:52:27', 't');
INSERT INTO "public"."in_out" VALUES ('2', '41', 'o', '2016-09-01 00:00:07', 't');
INSERT INTO "public"."in_out" VALUES ('2', '41', 'i', '2016-11-07 07:19:26', 't');
INSERT INTO "public"."in_out" VALUES ('2', '42', 'i', '2016-09-01 18:43:26', 't');
INSERT INTO "public"."in_out" VALUES ('2', '43', 'i', '2016-10-04 21:24:14', 't');
INSERT INTO "public"."in_out" VALUES ('2', '44', 'o', '2016-09-04 07:04:42', 't');
INSERT INTO "public"."in_out" VALUES ('2', '44', 'o', '2016-10-08 17:51:47', 't');
INSERT INTO "public"."in_out" VALUES ('2', '44', 'o', '2016-10-22 09:48:20', 't');
INSERT INTO "public"."in_out" VALUES ('2', '46', 'o', '2016-09-01 01:32:39', 't');
INSERT INTO "public"."in_out" VALUES ('2', '46', 'i', '2016-09-10 18:00:26', 't');
INSERT INTO "public"."in_out" VALUES ('2', '46', 'o', '2016-10-10 05:19:58', 't');
INSERT INTO "public"."in_out" VALUES ('2', '46', 'o', '2016-10-20 09:36:03', 't');
INSERT INTO "public"."in_out" VALUES ('2', '47', 'o', '2016-10-30 07:09:21', 't');
INSERT INTO "public"."in_out" VALUES ('2', '47', 'o', '2016-11-02 00:26:07', 'f');
INSERT INTO "public"."in_out" VALUES ('2', '50', 'o', '2016-09-03 16:04:12', 't');
INSERT INTO "public"."in_out" VALUES ('2', '51', 'o', '2016-09-01 00:53:56', 't');
INSERT INTO "public"."in_out" VALUES ('2', '52', 'i', '2016-09-01 00:01:01', 't');
INSERT INTO "public"."in_out" VALUES ('2', '52', 'o', '2016-10-22 16:31:02', 't');
INSERT INTO "public"."in_out" VALUES ('3', '1', 'i', '2016-09-01 00:03:40', 't');
INSERT INTO "public"."in_out" VALUES ('3', '1', 'i', '2016-09-07 17:24:00', 't');
INSERT INTO "public"."in_out" VALUES ('3', '1', 'i', '2016-10-09 20:56:14', 't');
INSERT INTO "public"."in_out" VALUES ('3', '1', 'i', '2016-11-11 15:33:51', 't');
INSERT INTO "public"."in_out" VALUES ('3', '3', 'i', '2016-09-12 19:31:19', 't');
INSERT INTO "public"."in_out" VALUES ('3', '4', 'i', '2016-09-01 00:00:52', 't');
INSERT INTO "public"."in_out" VALUES ('3', '4', 'o', '2016-09-01 02:43:14', 't');
INSERT INTO "public"."in_out" VALUES ('3', '5', 'o', '2016-11-12 14:18:25', 't');
INSERT INTO "public"."in_out" VALUES ('3', '6', 'o', '2016-11-04 07:10:39', 't');
INSERT INTO "public"."in_out" VALUES ('3', '7', 'o', '2016-09-10 20:22:45', 't');
INSERT INTO "public"."in_out" VALUES ('3', '7', 'i', '2016-10-20 15:41:09', 't');
INSERT INTO "public"."in_out" VALUES ('3', '8', 'o', '2016-09-01 21:43:02', 't');
INSERT INTO "public"."in_out" VALUES ('3', '8', 'o', '2016-09-03 17:39:11', 't');
INSERT INTO "public"."in_out" VALUES ('3', '8', 'i', '2016-10-16 00:49:51', 't');
INSERT INTO "public"."in_out" VALUES ('3', '8', 'o', '2016-11-02 02:02:37', 't');
INSERT INTO "public"."in_out" VALUES ('3', '9', 'o', '2016-09-10 19:32:08', 't');
INSERT INTO "public"."in_out" VALUES ('3', '9', 'i', '2016-10-17 03:20:23', 't');
INSERT INTO "public"."in_out" VALUES ('3', '9', 'i', '2016-11-15 10:52:39', 'f');
INSERT INTO "public"."in_out" VALUES ('3', '10', 'i', '2016-09-06 22:19:26', 't');
INSERT INTO "public"."in_out" VALUES ('3', '10', 'i', '2016-11-06 13:13:50', 't');
INSERT INTO "public"."in_out" VALUES ('3', '11', 'i', '2016-10-26 12:54:05', 't');
INSERT INTO "public"."in_out" VALUES ('3', '12', 'o', '2016-09-01 00:00:02', 't');
INSERT INTO "public"."in_out" VALUES ('3', '12', 'o', '2016-09-01 01:48:06', 't');
INSERT INTO "public"."in_out" VALUES ('3', '13', 'i', '2016-09-17 19:58:12', 't');
INSERT INTO "public"."in_out" VALUES ('3', '14', 'o', '2016-09-02 03:39:58', 't');
INSERT INTO "public"."in_out" VALUES ('3', '14', 'o', '2016-09-26 19:13:42', 't');
INSERT INTO "public"."in_out" VALUES ('3', '14', 'i', '2016-10-26 08:56:15', 't');
INSERT INTO "public"."in_out" VALUES ('3', '15', 'o', '2016-09-06 23:46:18', 't');
INSERT INTO "public"."in_out" VALUES ('3', '15', 'o', '2016-09-09 17:13:55', 't');
INSERT INTO "public"."in_out" VALUES ('3', '15', 'i', '2016-09-17 07:56:31', 't');
INSERT INTO "public"."in_out" VALUES ('3', '15', 'i', '2016-11-04 17:22:42', 't');
INSERT INTO "public"."in_out" VALUES ('3', '16', 'o', '2016-09-01 02:25:05', 't');
INSERT INTO "public"."in_out" VALUES ('3', '17', 'i', '2016-10-01 16:15:44', 't');
INSERT INTO "public"."in_out" VALUES ('3', '18', 'o', '2016-09-01 00:14:41', 't');
INSERT INTO "public"."in_out" VALUES ('3', '18', 'i', '2016-10-31 10:06:22', 't');
INSERT INTO "public"."in_out" VALUES ('3', '19', 'o', '2016-09-09 18:34:35', 't');
INSERT INTO "public"."in_out" VALUES ('3', '19', 'i', '2016-10-15 03:21:56', 't');
INSERT INTO "public"."in_out" VALUES ('3', '19', 'i', '2016-10-31 13:01:51', 't');
INSERT INTO "public"."in_out" VALUES ('3', '20', 'i', '2016-09-01 00:01:35', 't');
INSERT INTO "public"."in_out" VALUES ('3', '20', 'i', '2016-09-01 10:49:25', 't');
INSERT INTO "public"."in_out" VALUES ('3', '21', 'i', '2016-09-01 00:01:11', 't');
INSERT INTO "public"."in_out" VALUES ('3', '21', 'i', '2016-09-10 15:29:42', 't');
INSERT INTO "public"."in_out" VALUES ('3', '23', 'i', '2016-09-01 02:41:40', 't');
INSERT INTO "public"."in_out" VALUES ('3', '23', 'i', '2016-10-10 05:24:09', 't');
INSERT INTO "public"."in_out" VALUES ('3', '24', 'o', '2016-09-01 17:15:01', 't');
INSERT INTO "public"."in_out" VALUES ('3', '24', 'o', '2016-11-14 06:52:45', 't');
INSERT INTO "public"."in_out" VALUES ('3', '24', 'o', '2016-11-16 00:26:30', 't');
INSERT INTO "public"."in_out" VALUES ('3', '25', 'o', '2016-09-27 11:54:52', 't');
INSERT INTO "public"."in_out" VALUES ('3', '26', 'i', '2016-09-01 00:21:11', 't');
INSERT INTO "public"."in_out" VALUES ('3', '26', 'i', '2016-09-01 00:59:01', 't');
INSERT INTO "public"."in_out" VALUES ('3', '28', 'i', '2016-10-31 05:32:45', 't');
INSERT INTO "public"."in_out" VALUES ('3', '28', 'o', '2016-11-02 10:00:41', 't');
INSERT INTO "public"."in_out" VALUES ('3', '29', 'i', '2016-09-13 22:58:49', 't');
INSERT INTO "public"."in_out" VALUES ('3', '29', 'o', '2016-10-21 09:21:03', 't');
INSERT INTO "public"."in_out" VALUES ('3', '29', 'o', '2016-11-09 17:33:03', 't');
INSERT INTO "public"."in_out" VALUES ('3', '30', 'i', '2016-09-01 00:00:48', 't');
INSERT INTO "public"."in_out" VALUES ('3', '30', 'o', '2016-09-15 12:35:06', 't');
INSERT INTO "public"."in_out" VALUES ('3', '31', 'o', '2016-09-01 00:00:01', 't');
INSERT INTO "public"."in_out" VALUES ('3', '31', 'i', '2016-09-29 19:39:51', 't');
INSERT INTO "public"."in_out" VALUES ('3', '31', 'o', '2016-11-09 15:12:05', 't');
INSERT INTO "public"."in_out" VALUES ('3', '31', 'i', '2016-11-14 10:35:21', 't');
INSERT INTO "public"."in_out" VALUES ('3', '32', 'i', '2016-09-01 23:01:00', 't');
INSERT INTO "public"."in_out" VALUES ('3', '32', 'o', '2016-11-11 17:46:41', 't');
INSERT INTO "public"."in_out" VALUES ('3', '33', 'i', '2016-09-22 23:34:54', 'f');
INSERT INTO "public"."in_out" VALUES ('3', '33', 'i', '2016-11-04 19:28:00', 't');
INSERT INTO "public"."in_out" VALUES ('3', '34', 'o', '2016-10-03 14:33:33', 't');
INSERT INTO "public"."in_out" VALUES ('3', '35', 'o', '2016-11-15 20:38:27', 't');
INSERT INTO "public"."in_out" VALUES ('3', '36', 'i', '2016-09-01 12:24:51', 't');
INSERT INTO "public"."in_out" VALUES ('3', '37', 'i', '2016-09-01 15:47:33', 't');
INSERT INTO "public"."in_out" VALUES ('3', '37', 'o', '2016-09-01 21:24:39', 't');
INSERT INTO "public"."in_out" VALUES ('3', '37', 'o', '2016-11-03 16:47:05', 't');
INSERT INTO "public"."in_out" VALUES ('3', '38', 'o', '2016-09-01 00:01:36', 't');
INSERT INTO "public"."in_out" VALUES ('3', '38', 'o', '2016-10-26 18:30:49', 't');
INSERT INTO "public"."in_out" VALUES ('3', '39', 'i', '2016-09-23 21:47:11', 't');
INSERT INTO "public"."in_out" VALUES ('3', '40', 'o', '2016-09-11 23:34:34', 't');
INSERT INTO "public"."in_out" VALUES ('3', '40', 'o', '2016-10-05 09:04:49', 't');
INSERT INTO "public"."in_out" VALUES ('3', '40', 'i', '2016-10-24 10:50:25', 'f');
INSERT INTO "public"."in_out" VALUES ('3', '41', 'i', '2016-09-28 19:10:24', 'f');
INSERT INTO "public"."in_out" VALUES ('3', '42', 'i', '2016-09-01 00:00:03', 't');
INSERT INTO "public"."in_out" VALUES ('3', '43', 'i', '2016-09-01 00:00:01', 't');
INSERT INTO "public"."in_out" VALUES ('3', '43', 'o', '2016-09-01 01:52:34', 't');
INSERT INTO "public"."in_out" VALUES ('3', '44', 'i', '2016-09-14 22:44:39', 't');
INSERT INTO "public"."in_out" VALUES ('3', '44', 'o', '2016-09-24 20:21:28', 'f');
INSERT INTO "public"."in_out" VALUES ('3', '44', 'i', '2016-10-28 05:51:59', 't');
INSERT INTO "public"."in_out" VALUES ('3', '45', 'o', '2016-09-10 14:00:57', 't');
INSERT INTO "public"."in_out" VALUES ('3', '46', 'i', '2016-09-01 22:59:00', 't');
INSERT INTO "public"."in_out" VALUES ('3', '46', 'i', '2016-11-02 04:58:34', 't');
INSERT INTO "public"."in_out" VALUES ('3', '47', 'o', '2016-11-01 19:01:54', 'f');
INSERT INTO "public"."in_out" VALUES ('3', '48', 'i', '2016-09-01 00:05:54', 't');
INSERT INTO "public"."in_out" VALUES ('3', '48', 'i', '2016-09-05 07:06:36', 't');
INSERT INTO "public"."in_out" VALUES ('3', '48', 'i', '2016-10-14 04:08:15', 't');
INSERT INTO "public"."in_out" VALUES ('3', '48', 'i', '2016-10-19 10:38:19', 't');
INSERT INTO "public"."in_out" VALUES ('3', '49', 'i', '2016-09-05 05:49:06', 't');
INSERT INTO "public"."in_out" VALUES ('3', '49', 'o', '2016-10-26 08:00:37', 't');
INSERT INTO "public"."in_out" VALUES ('3', '49', 'i', '2016-10-30 06:47:59', 't');
INSERT INTO "public"."in_out" VALUES ('3', '50', 'o', '2016-09-13 14:12:59', 't');
INSERT INTO "public"."in_out" VALUES ('3', '50', 'o', '2016-10-14 16:16:13', 't');
INSERT INTO "public"."in_out" VALUES ('3', '50', 'o', '2016-11-10 01:37:01', 't');
INSERT INTO "public"."in_out" VALUES ('3', '50', 'i', '2016-11-13 20:35:19', 't');
INSERT INTO "public"."in_out" VALUES ('3', '52', 'i', '2016-09-29 21:47:52', 't');
INSERT INTO "public"."in_out" VALUES ('4', '1', 'o', '2016-09-01 00:00:08', 't');
INSERT INTO "public"."in_out" VALUES ('4', '1', 'o', '2016-11-08 07:23:20', 't');
INSERT INTO "public"."in_out" VALUES ('4', '2', 'o', '2016-10-10 19:15:40', 't');
INSERT INTO "public"."in_out" VALUES ('4', '3', 'o', '2016-09-01 00:00:07', 't');
INSERT INTO "public"."in_out" VALUES ('4', '3', 'o', '2016-09-10 21:23:13', 't');
INSERT INTO "public"."in_out" VALUES ('4', '3', 'o', '2016-10-04 08:13:17', 't');
INSERT INTO "public"."in_out" VALUES ('4', '4', 'o', '2016-10-05 09:08:55', 't');
INSERT INTO "public"."in_out" VALUES ('4', '5', 'i', '2016-09-01 00:00:56', 't');
INSERT INTO "public"."in_out" VALUES ('4', '5', 'i', '2016-09-01 00:01:36', 't');
INSERT INTO "public"."in_out" VALUES ('4', '5', 'i', '2016-10-23 02:12:20', 't');
INSERT INTO "public"."in_out" VALUES ('4', '5', 'i', '2016-11-12 22:42:43', 't');
INSERT INTO "public"."in_out" VALUES ('4', '6', 'i', '2016-09-30 18:39:53', 't');
INSERT INTO "public"."in_out" VALUES ('4', '6', 'o', '2016-11-02 04:38:16', 't');
INSERT INTO "public"."in_out" VALUES ('4', '7', 'i', '2016-09-01 00:03:21', 't');
INSERT INTO "public"."in_out" VALUES ('4', '7', 'i', '2016-09-01 23:59:00', 't');
INSERT INTO "public"."in_out" VALUES ('4', '7', 'o', '2016-10-12 07:48:13', 't');
INSERT INTO "public"."in_out" VALUES ('4', '8', 'o', '2016-09-01 00:02:32', 't');
INSERT INTO "public"."in_out" VALUES ('4', '9', 'i', '2016-09-01 00:08:59', 't');
INSERT INTO "public"."in_out" VALUES ('4', '9', 'o', '2016-09-30 14:55:53', 't');
INSERT INTO "public"."in_out" VALUES ('4', '10', 'i', '2016-09-01 00:00:22', 'f');
INSERT INTO "public"."in_out" VALUES ('4', '10', 'o', '2016-09-01 00:01:03', 't');
INSERT INTO "public"."in_out" VALUES ('4', '10', 'i', '2016-09-10 01:30:14', 't');
INSERT INTO "public"."in_out" VALUES ('4', '10', 'o', '2016-10-26 05:23:49', 't');
INSERT INTO "public"."in_out" VALUES ('4', '10', 'o', '2016-11-01 14:16:38', 't');
INSERT INTO "public"."in_out" VALUES ('4', '11', 'i', '2016-09-01 00:00:53', 't');
INSERT INTO "public"."in_out" VALUES ('4', '11', 'i', '2016-09-28 11:11:42', 't');
INSERT INTO "public"."in_out" VALUES ('4', '14', 'i', '2016-09-01 00:00:03', 't');
INSERT INTO "public"."in_out" VALUES ('4', '15', 'o', '2016-10-15 12:11:59', 't');
INSERT INTO "public"."in_out" VALUES ('4', '16', 'o', '2016-11-06 14:04:12', 't');
INSERT INTO "public"."in_out" VALUES ('4', '17', 'o', '2016-10-17 09:55:00', 't');
INSERT INTO "public"."in_out" VALUES ('4', '17', 'o', '2016-11-12 20:50:00', 't');
INSERT INTO "public"."in_out" VALUES ('4', '19', 'o', '2016-09-09 22:17:04', 't');
INSERT INTO "public"."in_out" VALUES ('4', '19', 'o', '2016-09-30 19:45:29', 't');
INSERT INTO "public"."in_out" VALUES ('4', '20', 'i', '2016-10-13 18:22:30', 't');
INSERT INTO "public"."in_out" VALUES ('4', '20', 'o', '2016-10-26 02:10:48', 't');
INSERT INTO "public"."in_out" VALUES ('4', '20', 'o', '2016-11-13 12:56:42', 't');
INSERT INTO "public"."in_out" VALUES ('4', '21', 'i', '2016-11-16 17:10:18', 't');
INSERT INTO "public"."in_out" VALUES ('4', '22', 'i', '2016-11-02 05:05:50', 't');
INSERT INTO "public"."in_out" VALUES ('4', '22', 'i', '2016-11-16 00:59:01', 't');
INSERT INTO "public"."in_out" VALUES ('4', '23', 'i', '2016-09-01 00:00:05', 't');
INSERT INTO "public"."in_out" VALUES ('4', '23', 'o', '2016-09-01 19:25:09', 't');
INSERT INTO "public"."in_out" VALUES ('4', '23', 'o', '2016-09-03 11:40:10', 't');
INSERT INTO "public"."in_out" VALUES ('4', '23', 'o', '2016-10-29 04:58:53', 't');
INSERT INTO "public"."in_out" VALUES ('4', '24', 'i', '2016-09-01 00:00:08', 't');
INSERT INTO "public"."in_out" VALUES ('4', '24', 'o', '2016-09-07 12:36:30', 't');
INSERT INTO "public"."in_out" VALUES ('4', '24', 'o', '2016-09-28 07:50:35', 't');
INSERT INTO "public"."in_out" VALUES ('4', '25', 'i', '2016-10-03 14:02:19', 't');
INSERT INTO "public"."in_out" VALUES ('4', '25', 'i', '2016-11-02 11:32:00', 't');
INSERT INTO "public"."in_out" VALUES ('4', '25', 'o', '2016-11-10 18:34:39', 'f');
INSERT INTO "public"."in_out" VALUES ('4', '27', 'o', '2016-09-01 00:00:07', 't');
INSERT INTO "public"."in_out" VALUES ('4', '27', 'o', '2016-09-01 00:00:30', 't');
INSERT INTO "public"."in_out" VALUES ('4', '29', 'i', '2016-09-01 00:58:01', 't');
INSERT INTO "public"."in_out" VALUES ('4', '29', 'i', '2016-09-10 06:16:22', 't');
INSERT INTO "public"."in_out" VALUES ('4', '30', 'i', '2016-09-18 21:12:38', 't');
INSERT INTO "public"."in_out" VALUES ('4', '30', 'o', '2016-11-11 07:32:50', 't');
INSERT INTO "public"."in_out" VALUES ('4', '31', 'o', '2016-09-01 00:58:37', 't');
INSERT INTO "public"."in_out" VALUES ('4', '31', 'o', '2016-09-05 17:01:18', 't');
INSERT INTO "public"."in_out" VALUES ('4', '31', 'i', '2016-10-23 18:16:01', 't');
INSERT INTO "public"."in_out" VALUES ('4', '31', 'o', '2016-11-13 09:37:12', 't');
INSERT INTO "public"."in_out" VALUES ('4', '32', 'o', '2016-10-11 18:17:23', 't');
INSERT INTO "public"."in_out" VALUES ('4', '33', 'i', '2016-09-01 00:00:05', 't');
INSERT INTO "public"."in_out" VALUES ('4', '34', 'o', '2016-09-19 02:17:02', 't');
INSERT INTO "public"."in_out" VALUES ('4', '34', 'o', '2016-10-09 01:09:31', 't');
INSERT INTO "public"."in_out" VALUES ('4', '34', 'o', '2016-10-24 22:44:39', 't');
INSERT INTO "public"."in_out" VALUES ('4', '34', 'i', '2016-11-16 22:59:01', 't');
INSERT INTO "public"."in_out" VALUES ('4', '35', 'i', '2016-09-09 18:01:56', 't');
INSERT INTO "public"."in_out" VALUES ('4', '35', 'o', '2016-10-08 21:18:13', 't');
INSERT INTO "public"."in_out" VALUES ('4', '36', 'i', '2016-10-06 08:06:41', 't');
INSERT INTO "public"."in_out" VALUES ('4', '36', 'o', '2016-10-13 05:38:18', 't');
INSERT INTO "public"."in_out" VALUES ('4', '36', 'o', '2016-10-19 04:10:10', 't');
INSERT INTO "public"."in_out" VALUES ('4', '36', 'o', '2016-11-13 22:35:08', 't');
INSERT INTO "public"."in_out" VALUES ('4', '37', 'o', '2016-10-01 23:19:07', 't');
INSERT INTO "public"."in_out" VALUES ('4', '37', 'i', '2016-10-26 14:35:45', 't');
INSERT INTO "public"."in_out" VALUES ('4', '39', 'o', '2016-09-01 00:00:06', 't');
INSERT INTO "public"."in_out" VALUES ('4', '39', 'o', '2016-09-01 00:14:51', 't');
INSERT INTO "public"."in_out" VALUES ('4', '39', 'i', '2016-10-16 23:03:02', 't');
INSERT INTO "public"."in_out" VALUES ('4', '40', 'i', '2016-09-01 00:00:01', 't');
INSERT INTO "public"."in_out" VALUES ('4', '41', 'i', '2016-09-07 09:58:00', 't');
INSERT INTO "public"."in_out" VALUES ('4', '43', 'o', '2016-09-01 00:00:08', 't');
INSERT INTO "public"."in_out" VALUES ('4', '43', 'i', '2016-09-07 00:37:09', 't');
INSERT INTO "public"."in_out" VALUES ('4', '43', 'o', '2016-10-05 13:43:55', 't');
INSERT INTO "public"."in_out" VALUES ('4', '45', 'i', '2016-09-01 00:00:47', 't');
INSERT INTO "public"."in_out" VALUES ('4', '45', 'i', '2016-09-01 01:25:33', 't');
INSERT INTO "public"."in_out" VALUES ('4', '45', 'i', '2016-09-03 03:48:50', 't');
INSERT INTO "public"."in_out" VALUES ('4', '47', 'i', '2016-09-10 13:10:46', 't');
INSERT INTO "public"."in_out" VALUES ('4', '47', 'i', '2016-09-22 21:21:20', 't');
INSERT INTO "public"."in_out" VALUES ('4', '47', 'i', '2016-10-05 17:49:57', 't');
INSERT INTO "public"."in_out" VALUES ('4', '48', 'i', '2016-09-01 00:00:32', 't');
INSERT INTO "public"."in_out" VALUES ('4', '48', 'o', '2016-09-24 06:14:55', 't');
INSERT INTO "public"."in_out" VALUES ('4', '48', 'o', '2016-11-12 11:03:03', 't');
INSERT INTO "public"."in_out" VALUES ('4', '49', 'o', '2016-09-29 06:36:56', 't');
INSERT INTO "public"."in_out" VALUES ('4', '49', 'i', '2016-11-14 13:31:58', 't');
INSERT INTO "public"."in_out" VALUES ('4', '50', 'i', '2016-10-12 06:24:36', 't');
INSERT INTO "public"."in_out" VALUES ('4', '51', 'o', '2016-09-01 02:32:45', 't');
INSERT INTO "public"."in_out" VALUES ('4', '51', 'o', '2016-09-01 23:00:01', 't');
INSERT INTO "public"."in_out" VALUES ('4', '51', 'i', '2016-09-08 13:44:28', 't');
INSERT INTO "public"."in_out" VALUES ('4', '51', 'i', '2016-09-14 04:30:22', 't');
INSERT INTO "public"."in_out" VALUES ('4', '51', 'o', '2016-10-04 08:42:59', 't');
INSERT INTO "public"."in_out" VALUES ('4', '51', 'o', '2016-10-24 23:04:02', 't');
INSERT INTO "public"."in_out" VALUES ('4', '52', 'o', '2016-09-01 00:14:02', 't');
INSERT INTO "public"."in_out" VALUES ('5', '1', 'o', '2016-09-01 23:01:59', 't');
INSERT INTO "public"."in_out" VALUES ('5', '1', 'o', '2016-09-07 01:43:21', 't');
INSERT INTO "public"."in_out" VALUES ('5', '1', 'o', '2016-09-24 17:29:02', 't');
INSERT INTO "public"."in_out" VALUES ('5', '2', 'i', '2016-09-30 16:59:11', 't');
INSERT INTO "public"."in_out" VALUES ('5', '2', 'i', '2016-10-21 20:58:20', 't');
INSERT INTO "public"."in_out" VALUES ('5', '4', 'o', '2016-09-01 00:11:24', 't');
INSERT INTO "public"."in_out" VALUES ('5', '4', 'o', '2016-09-01 00:59:00', 't');
INSERT INTO "public"."in_out" VALUES ('5', '6', 'i', '2016-10-29 00:17:33', 't');
INSERT INTO "public"."in_out" VALUES ('5', '7', 'o', '2016-11-07 07:55:04', 't');
INSERT INTO "public"."in_out" VALUES ('5', '8', 'o', '2016-09-01 22:59:40', 't');
INSERT INTO "public"."in_out" VALUES ('5', '8', 'i', '2016-09-22 20:47:54', 't');
INSERT INTO "public"."in_out" VALUES ('5', '9', 'i', '2016-09-01 09:50:33', 't');
INSERT INTO "public"."in_out" VALUES ('5', '9', 'i', '2016-10-17 17:02:14', 't');
INSERT INTO "public"."in_out" VALUES ('5', '9', 'i', '2016-10-20 20:32:24', 't');
INSERT INTO "public"."in_out" VALUES ('5', '10', 'i', '2016-10-20 12:42:43', 't');
INSERT INTO "public"."in_out" VALUES ('5', '12', 'o', '2016-09-01 02:08:01', 't');
INSERT INTO "public"."in_out" VALUES ('5', '12', 'i', '2016-09-01 20:54:28', 't');
INSERT INTO "public"."in_out" VALUES ('5', '13', 'i', '2016-10-31 12:59:20', 't');
INSERT INTO "public"."in_out" VALUES ('5', '15', 'i', '2016-09-23 10:59:14', 't');
INSERT INTO "public"."in_out" VALUES ('5', '15', 'i', '2016-10-13 08:40:39', 't');
INSERT INTO "public"."in_out" VALUES ('5', '15', 'i', '2016-10-16 18:56:01', 't');
INSERT INTO "public"."in_out" VALUES ('5', '16', 'i', '2016-09-01 00:01:06', 't');
INSERT INTO "public"."in_out" VALUES ('5', '16', 'o', '2016-10-10 08:21:53', 't');
INSERT INTO "public"."in_out" VALUES ('5', '16', 'i', '2016-10-18 19:02:59', 't');
INSERT INTO "public"."in_out" VALUES ('5', '18', 'o', '2016-09-09 16:54:03', 't');
INSERT INTO "public"."in_out" VALUES ('5', '18', 'i', '2016-09-21 01:15:38', 't');
INSERT INTO "public"."in_out" VALUES ('5', '18', 'o', '2016-10-19 11:27:35', 't');
INSERT INTO "public"."in_out" VALUES ('5', '18', 'o', '2016-11-16 23:59:00', 't');
INSERT INTO "public"."in_out" VALUES ('5', '19', 'o', '2016-09-01 22:04:24', 't');
INSERT INTO "public"."in_out" VALUES ('5', '19', 'i', '2016-09-08 06:08:21', 't');
INSERT INTO "public"."in_out" VALUES ('5', '19', 'o', '2016-10-09 03:30:33', 't');
INSERT INTO "public"."in_out" VALUES ('5', '20', 'i', '2016-09-01 01:00:01', 't');
INSERT INTO "public"."in_out" VALUES ('5', '20', 'i', '2016-09-07 10:01:43', 't');
INSERT INTO "public"."in_out" VALUES ('5', '20', 'i', '2016-10-17 07:04:38', 't');
INSERT INTO "public"."in_out" VALUES ('5', '21', 'o', '2016-09-01 01:00:00', 't');
INSERT INTO "public"."in_out" VALUES ('5', '22', 'o', '2016-09-02 05:49:12', 't');
INSERT INTO "public"."in_out" VALUES ('5', '22', 'i', '2016-10-25 13:33:21', 'f');
INSERT INTO "public"."in_out" VALUES ('5', '22', 'o', '2016-11-16 01:00:01', 't');
INSERT INTO "public"."in_out" VALUES ('5', '23', 'i', '2016-09-03 04:29:48', 't');
INSERT INTO "public"."in_out" VALUES ('5', '23', 'o', '2016-09-08 05:38:51', 't');
INSERT INTO "public"."in_out" VALUES ('5', '24', 'i', '2016-09-07 07:02:17', 't');
INSERT INTO "public"."in_out" VALUES ('5', '24', 'o', '2016-09-21 04:18:17', 't');
INSERT INTO "public"."in_out" VALUES ('5', '24', 'i', '2016-09-24 01:04:43', 't');
INSERT INTO "public"."in_out" VALUES ('5', '25', 'i', '2016-09-01 00:00:05', 't');
INSERT INTO "public"."in_out" VALUES ('5', '25', 'i', '2016-09-02 13:13:44', 't');
INSERT INTO "public"."in_out" VALUES ('5', '25', 'o', '2016-09-22 11:21:50', 't');
INSERT INTO "public"."in_out" VALUES ('5', '25', 'i', '2016-11-02 07:32:11', 't');
INSERT INTO "public"."in_out" VALUES ('5', '27', 'i', '2016-09-01 05:23:16', 't');
INSERT INTO "public"."in_out" VALUES ('5', '27', 'o', '2016-09-13 03:16:24', 't');
INSERT INTO "public"."in_out" VALUES ('5', '27', 'i', '2016-10-03 17:19:01', 't');
INSERT INTO "public"."in_out" VALUES ('5', '27', 'o', '2016-10-12 20:36:04', 't');
INSERT INTO "public"."in_out" VALUES ('5', '28', 'i', '2016-09-01 00:01:13', 't');
INSERT INTO "public"."in_out" VALUES ('5', '28', 'i', '2016-09-01 00:01:27', 't');
INSERT INTO "public"."in_out" VALUES ('5', '28', 'i', '2016-09-01 14:42:13', 't');
INSERT INTO "public"."in_out" VALUES ('5', '29', 'o', '2016-09-01 00:05:36', 't');
INSERT INTO "public"."in_out" VALUES ('5', '29', 'o', '2016-09-27 11:10:12', 't');
INSERT INTO "public"."in_out" VALUES ('5', '30', 'i', '2016-09-03 03:28:24', 't');
INSERT INTO "public"."in_out" VALUES ('5', '31', 'o', '2016-10-01 07:48:42', 't');
INSERT INTO "public"."in_out" VALUES ('5', '31', 'i', '2016-11-07 16:20:34', 't');
INSERT INTO "public"."in_out" VALUES ('5', '32', 'o', '2016-09-01 01:13:13', 't');
INSERT INTO "public"."in_out" VALUES ('5', '32', 'o', '2016-09-01 02:24:46', 't');
INSERT INTO "public"."in_out" VALUES ('5', '32', 'o', '2016-09-07 22:26:23', 't');
INSERT INTO "public"."in_out" VALUES ('5', '33', 'o', '2016-09-19 05:57:24', 't');
INSERT INTO "public"."in_out" VALUES ('5', '33', 'o', '2016-11-09 00:58:32', 't');
INSERT INTO "public"."in_out" VALUES ('5', '34', 'o', '2016-10-11 04:38:16', 't');
INSERT INTO "public"."in_out" VALUES ('5', '34', 'o', '2016-10-21 10:08:23', 't');
INSERT INTO "public"."in_out" VALUES ('5', '35', 'i', '2016-09-02 00:00:59', 't');
INSERT INTO "public"."in_out" VALUES ('5', '36', 'o', '2016-10-13 22:52:09', 't');
INSERT INTO "public"."in_out" VALUES ('5', '36', 'i', '2016-11-16 00:00:00', 't');
INSERT INTO "public"."in_out" VALUES ('5', '37', 'i', '2016-09-01 00:00:06', 't');
INSERT INTO "public"."in_out" VALUES ('5', '38', 'i', '2016-09-01 02:33:06', 't');
INSERT INTO "public"."in_out" VALUES ('5', '38', 'i', '2016-09-01 03:01:47', 't');
INSERT INTO "public"."in_out" VALUES ('5', '38', 'i', '2016-09-28 14:05:06', 't');
INSERT INTO "public"."in_out" VALUES ('5', '38', 'i', '2016-10-29 08:36:01', 't');
INSERT INTO "public"."in_out" VALUES ('5', '38', 'o', '2016-11-11 12:59:15', 't');
INSERT INTO "public"."in_out" VALUES ('5', '39', 'o', '2016-10-02 06:40:16', 't');
INSERT INTO "public"."in_out" VALUES ('5', '39', 'o', '2016-11-16 00:58:01', 't');
INSERT INTO "public"."in_out" VALUES ('5', '40', 'i', '2016-09-01 00:00:50', 't');
INSERT INTO "public"."in_out" VALUES ('5', '41', 'i', '2016-10-23 13:44:17', 't');
INSERT INTO "public"."in_out" VALUES ('5', '42', 'o', '2016-09-01 01:10:03', 't');
INSERT INTO "public"."in_out" VALUES ('5', '42', 'o', '2016-09-04 22:26:53', 't');
INSERT INTO "public"."in_out" VALUES ('5', '43', 'o', '2016-09-01 00:05:06', 't');
INSERT INTO "public"."in_out" VALUES ('5', '43', 'o', '2016-09-12 08:04:01', 't');
INSERT INTO "public"."in_out" VALUES ('5', '43', 'i', '2016-10-05 05:18:27', 't');
INSERT INTO "public"."in_out" VALUES ('5', '44', 'o', '2016-09-01 00:00:33', 't');
INSERT INTO "public"."in_out" VALUES ('5', '44', 'o', '2016-09-11 15:16:24', 't');
INSERT INTO "public"."in_out" VALUES ('5', '44', 'i', '2016-09-21 09:20:07', 't');
INSERT INTO "public"."in_out" VALUES ('5', '45', 'o', '2016-10-04 19:11:48', 't');
INSERT INTO "public"."in_out" VALUES ('5', '45', 'i', '2016-11-05 02:36:54', 't');
INSERT INTO "public"."in_out" VALUES ('5', '46', 'i', '2016-09-01 16:26:14', 't');
INSERT INTO "public"."in_out" VALUES ('5', '47', 'o', '2016-09-04 02:01:44', 't');
INSERT INTO "public"."in_out" VALUES ('5', '47', 'o', '2016-09-18 22:43:11', 't');
INSERT INTO "public"."in_out" VALUES ('5', '49', 'i', '2016-09-01 00:13:31', 't');
INSERT INTO "public"."in_out" VALUES ('5', '49', 'o', '2016-09-01 18:31:54', 't');
INSERT INTO "public"."in_out" VALUES ('5', '49', 'o', '2016-10-22 09:37:34', 't');
INSERT INTO "public"."in_out" VALUES ('5', '50', 'i', '2016-09-01 02:00:07', 't');
INSERT INTO "public"."in_out" VALUES ('5', '50', 'i', '2016-11-01 15:38:50', 't');
INSERT INTO "public"."in_out" VALUES ('5', '51', 'o', '2016-09-01 00:00:10', 't');
INSERT INTO "public"."in_out" VALUES ('5', '51', 'o', '2016-09-12 04:46:53', 't');
INSERT INTO "public"."in_out" VALUES ('5', '51', 'o', '2016-10-16 02:24:40', 't');
INSERT INTO "public"."in_out" VALUES ('6', '1', 'o', '2016-09-01 00:03:52', 'f');
INSERT INTO "public"."in_out" VALUES ('6', '1', 'i', '2016-09-01 00:08:53', 't');
INSERT INTO "public"."in_out" VALUES ('6', '1', 'i', '2016-09-01 01:13:52', 't');
INSERT INTO "public"."in_out" VALUES ('6', '1', 'o', '2016-09-10 17:50:24', 't');
INSERT INTO "public"."in_out" VALUES ('6', '2', 'o', '2016-09-08 03:26:02', 'f');
INSERT INTO "public"."in_out" VALUES ('6', '2', 'o', '2016-09-11 09:45:52', 't');
INSERT INTO "public"."in_out" VALUES ('6', '2', 'i', '2016-09-28 09:56:57', 't');
INSERT INTO "public"."in_out" VALUES ('6', '3', 'i', '2016-09-01 10:29:05', 't');
INSERT INTO "public"."in_out" VALUES ('6', '3', 'o', '2016-09-01 22:59:01', 't');
INSERT INTO "public"."in_out" VALUES ('6', '3', 'o', '2016-09-22 11:56:26', 't');
INSERT INTO "public"."in_out" VALUES ('6', '4', 'o', '2016-10-22 18:53:01', 't');
INSERT INTO "public"."in_out" VALUES ('6', '6', 'i', '2016-09-01 01:00:59', 't');
INSERT INTO "public"."in_out" VALUES ('6', '6', 'o', '2016-09-29 13:03:37', 't');
INSERT INTO "public"."in_out" VALUES ('6', '6', 'o', '2016-10-04 23:24:10', 't');
INSERT INTO "public"."in_out" VALUES ('6', '6', 'i', '2016-11-10 06:58:42', 't');
INSERT INTO "public"."in_out" VALUES ('6', '7', 'o', '2016-09-01 00:00:21', 't');
INSERT INTO "public"."in_out" VALUES ('6', '7', 'i', '2016-11-11 16:15:26', 't');
INSERT INTO "public"."in_out" VALUES ('6', '8', 'i', '2016-09-14 04:37:22', 't');
INSERT INTO "public"."in_out" VALUES ('6', '10', 'i', '2016-10-09 04:10:30', 't');
INSERT INTO "public"."in_out" VALUES ('6', '10', 'o', '2016-10-09 04:23:42', 't');
INSERT INTO "public"."in_out" VALUES ('6', '11', 'o', '2016-09-06 03:20:19', 't');
INSERT INTO "public"."in_out" VALUES ('6', '11', 'o', '2016-09-08 14:57:30', 't');
INSERT INTO "public"."in_out" VALUES ('6', '11', 'i', '2016-09-10 01:04:23', 't');
INSERT INTO "public"."in_out" VALUES ('6', '12', 'o', '2016-09-01 00:10:25', 't');
INSERT INTO "public"."in_out" VALUES ('6', '12', 'i', '2016-09-09 15:55:26', 'f');
INSERT INTO "public"."in_out" VALUES ('6', '12', 'i', '2016-10-27 03:53:52', 't');
INSERT INTO "public"."in_out" VALUES ('6', '13', 'o', '2016-09-05 15:34:50', 't');
INSERT INTO "public"."in_out" VALUES ('6', '13', 'o', '2016-09-09 01:21:20', 't');
INSERT INTO "public"."in_out" VALUES ('6', '13', 'i', '2016-10-08 23:56:00', 't');
INSERT INTO "public"."in_out" VALUES ('6', '14', 'i', '2016-09-01 00:11:57', 't');
INSERT INTO "public"."in_out" VALUES ('6', '14', 'o', '2016-09-05 11:48:05', 't');
INSERT INTO "public"."in_out" VALUES ('6', '14', 'i', '2016-09-26 00:20:25', 'f');
INSERT INTO "public"."in_out" VALUES ('6', '15', 'i', '2016-09-01 00:52:55', 't');
INSERT INTO "public"."in_out" VALUES ('6', '15', 'i', '2016-09-20 09:39:42', 't');
INSERT INTO "public"."in_out" VALUES ('6', '16', 'i', '2016-09-01 00:00:53', 't');
INSERT INTO "public"."in_out" VALUES ('6', '16', 'i', '2016-09-01 01:51:56', 't');
INSERT INTO "public"."in_out" VALUES ('6', '16', 'i', '2016-09-19 00:07:34', 't');
INSERT INTO "public"."in_out" VALUES ('6', '16', 'i', '2016-09-24 12:07:48', 't');
INSERT INTO "public"."in_out" VALUES ('6', '16', 'i', '2016-11-06 03:32:34', 't');
INSERT INTO "public"."in_out" VALUES ('6', '17', 'i', '2016-09-01 00:00:48', 't');
INSERT INTO "public"."in_out" VALUES ('6', '17', 'o', '2016-09-15 12:02:24', 't');
INSERT INTO "public"."in_out" VALUES ('6', '17', 'o', '2016-10-05 23:55:45', 't');
INSERT INTO "public"."in_out" VALUES ('6', '17', 'i', '2016-10-06 04:43:32', 't');
INSERT INTO "public"."in_out" VALUES ('6', '17', 'o', '2016-10-09 19:02:41', 't');
INSERT INTO "public"."in_out" VALUES ('6', '18', 'o', '2016-09-01 00:14:20', 't');
INSERT INTO "public"."in_out" VALUES ('6', '18', 'i', '2016-10-29 16:32:57', 't');
INSERT INTO "public"."in_out" VALUES ('6', '20', 'i', '2016-09-01 03:50:53', 't');
INSERT INTO "public"."in_out" VALUES ('6', '20', 'i', '2016-09-19 16:36:15', 't');
INSERT INTO "public"."in_out" VALUES ('6', '20', 'i', '2016-10-18 20:37:37', 't');
INSERT INTO "public"."in_out" VALUES ('6', '21', 'i', '2016-09-29 04:09:30', 't');
INSERT INTO "public"."in_out" VALUES ('6', '21', 'o', '2016-10-06 13:57:48', 't');
INSERT INTO "public"."in_out" VALUES ('6', '21', 'o', '2016-10-26 17:24:16', 't');
INSERT INTO "public"."in_out" VALUES ('6', '22', 'o', '2016-10-26 12:48:17', 't');
INSERT INTO "public"."in_out" VALUES ('6', '22', 'i', '2016-11-02 04:13:24', 't');
INSERT INTO "public"."in_out" VALUES ('6', '23', 'i', '2016-09-11 08:06:41', 't');
INSERT INTO "public"."in_out" VALUES ('6', '24', 'i', '2016-09-01 23:04:11', 't');
INSERT INTO "public"."in_out" VALUES ('6', '24', 'o', '2016-09-19 13:33:08', 't');
INSERT INTO "public"."in_out" VALUES ('6', '26', 'o', '2016-09-01 00:05:25', 't');
INSERT INTO "public"."in_out" VALUES ('6', '26', 'i', '2016-09-01 23:01:01', 't');
INSERT INTO "public"."in_out" VALUES ('6', '27', 'o', '2016-10-16 03:59:11', 't');
INSERT INTO "public"."in_out" VALUES ('6', '29', 'i', '2016-09-01 00:06:49', 't');
INSERT INTO "public"."in_out" VALUES ('6', '30', 'o', '2016-09-22 07:06:35', 't');
INSERT INTO "public"."in_out" VALUES ('6', '30', 'o', '2016-10-15 19:51:13', 't');
INSERT INTO "public"."in_out" VALUES ('6', '30', 'o', '2016-11-03 10:29:00', 't');
INSERT INTO "public"."in_out" VALUES ('6', '31', 'i', '2016-09-01 02:12:18', 't');
INSERT INTO "public"."in_out" VALUES ('6', '32', 'o', '2016-11-04 22:53:15', 't');
INSERT INTO "public"."in_out" VALUES ('6', '33', 'o', '2016-10-07 04:50:54', 't');
INSERT INTO "public"."in_out" VALUES ('6', '33', 'i', '2016-11-14 04:37:56', 't');
INSERT INTO "public"."in_out" VALUES ('6', '34', 'o', '2016-10-13 18:55:32', 't');
INSERT INTO "public"."in_out" VALUES ('6', '36', 'i', '2016-09-26 03:59:27', 't');
INSERT INTO "public"."in_out" VALUES ('6', '36', 'i', '2016-11-16 23:01:00', 'f');
INSERT INTO "public"."in_out" VALUES ('6', '38', 'i', '2016-09-01 00:01:13', 't');
INSERT INTO "public"."in_out" VALUES ('6', '38', 'o', '2016-09-01 00:11:59', 't');
INSERT INTO "public"."in_out" VALUES ('6', '39', 'o', '2016-09-09 05:58:58', 't');
INSERT INTO "public"."in_out" VALUES ('6', '39', 'o', '2016-09-16 03:47:15', 't');
INSERT INTO "public"."in_out" VALUES ('6', '39', 'i', '2016-11-03 19:40:29', 't');
INSERT INTO "public"."in_out" VALUES ('6', '40', 'i', '2016-09-08 10:21:06', 't');
INSERT INTO "public"."in_out" VALUES ('6', '41', 'o', '2016-09-01 00:01:18', 't');
INSERT INTO "public"."in_out" VALUES ('6', '42', 'i', '2016-09-01 00:00:17', 't');
INSERT INTO "public"."in_out" VALUES ('6', '42', 'o', '2016-09-01 23:58:01', 't');
INSERT INTO "public"."in_out" VALUES ('6', '43', 'o', '2016-09-01 01:11:18', 't');
INSERT INTO "public"."in_out" VALUES ('6', '43', 'o', '2016-10-03 06:57:55', 't');
INSERT INTO "public"."in_out" VALUES ('6', '44', 'i', '2016-09-01 00:09:32', 't');
INSERT INTO "public"."in_out" VALUES ('6', '45', 'o', '2016-09-14 17:57:48', 't');
INSERT INTO "public"."in_out" VALUES ('6', '46', 'i', '2016-11-16 10:49:43', 't');
INSERT INTO "public"."in_out" VALUES ('6', '47', 'i', '2016-09-01 20:01:59', 't');
INSERT INTO "public"."in_out" VALUES ('6', '47', 'o', '2016-09-06 18:27:22', 't');
INSERT INTO "public"."in_out" VALUES ('6', '47', 'i', '2016-11-16 22:59:59', 't');
INSERT INTO "public"."in_out" VALUES ('6', '48', 'o', '2016-09-01 00:00:05', 't');
INSERT INTO "public"."in_out" VALUES ('6', '48', 'o', '2016-09-03 09:21:47', 't');
INSERT INTO "public"."in_out" VALUES ('6', '48', 'o', '2016-10-02 02:18:39', 'f');
INSERT INTO "public"."in_out" VALUES ('6', '48', 'o', '2016-10-12 19:50:19', 't');
INSERT INTO "public"."in_out" VALUES ('6', '49', 'i', '2016-09-07 22:32:05', 't');
INSERT INTO "public"."in_out" VALUES ('6', '49', 'i', '2016-09-12 13:15:59', 't');
INSERT INTO "public"."in_out" VALUES ('6', '49', 'i', '2016-11-12 05:13:36', 't');
INSERT INTO "public"."in_out" VALUES ('6', '50', 'i', '2016-09-01 00:05:34', 't');
INSERT INTO "public"."in_out" VALUES ('6', '50', 'i', '2016-09-13 07:40:38', 't');
INSERT INTO "public"."in_out" VALUES ('6', '51', 'i', '2016-09-01 00:02:08', 't');
INSERT INTO "public"."in_out" VALUES ('6', '52', 'o', '2016-09-01 00:00:58', 't');
INSERT INTO "public"."in_out" VALUES ('6', '52', 'o', '2016-09-01 21:14:56', 't');
INSERT INTO "public"."in_out" VALUES ('7', '2', 'o', '2016-09-01 00:00:22', 't');
INSERT INTO "public"."in_out" VALUES ('7', '2', 'i', '2016-09-01 02:05:45', 't');
INSERT INTO "public"."in_out" VALUES ('7', '3', 'i', '2016-09-01 00:00:04', 't');
INSERT INTO "public"."in_out" VALUES ('7', '3', 'o', '2016-09-01 00:00:50', 't');
INSERT INTO "public"."in_out" VALUES ('7', '3', 'o', '2016-09-01 23:00:00', 't');
INSERT INTO "public"."in_out" VALUES ('7', '3', 'i', '2016-09-06 01:55:19', 't');
INSERT INTO "public"."in_out" VALUES ('7', '3', 'o', '2016-11-13 13:03:47', 't');
INSERT INTO "public"."in_out" VALUES ('7', '4', 'i', '2016-09-01 00:00:04', 't');
INSERT INTO "public"."in_out" VALUES ('7', '4', 'i', '2016-09-14 02:12:02', 't');
INSERT INTO "public"."in_out" VALUES ('7', '5', 'i', '2016-09-01 01:51:38', 't');
INSERT INTO "public"."in_out" VALUES ('7', '5', 'i', '2016-09-03 11:53:00', 't');
INSERT INTO "public"."in_out" VALUES ('7', '5', 'i', '2016-10-19 23:11:39', 't');
INSERT INTO "public"."in_out" VALUES ('7', '5', 'i', '2016-11-05 20:48:39', 't');
INSERT INTO "public"."in_out" VALUES ('7', '6', 'o', '2016-11-15 01:18:55', 't');
INSERT INTO "public"."in_out" VALUES ('7', '7', 'o', '2016-09-14 05:05:45', 't');
INSERT INTO "public"."in_out" VALUES ('7', '7', 'o', '2016-10-13 08:26:04', 't');
INSERT INTO "public"."in_out" VALUES ('7', '7', 'i', '2016-11-09 22:49:03', 't');
INSERT INTO "public"."in_out" VALUES ('7', '8', 'i', '2016-09-01 00:11:47', 't');
INSERT INTO "public"."in_out" VALUES ('7', '8', 'i', '2016-09-18 14:45:18', 't');
INSERT INTO "public"."in_out" VALUES ('7', '10', 'o', '2016-09-26 12:02:17', 't');
INSERT INTO "public"."in_out" VALUES ('7', '11', 'i', '2016-10-17 11:36:54', 't');
INSERT INTO "public"."in_out" VALUES ('7', '12', 'o', '2016-10-18 12:42:34', 't');
INSERT INTO "public"."in_out" VALUES ('7', '13', 'i', '2016-09-01 00:00:02', 't');
INSERT INTO "public"."in_out" VALUES ('7', '13', 'o', '2016-11-16 23:55:22', 't');
INSERT INTO "public"."in_out" VALUES ('7', '14', 'o', '2016-09-01 00:00:08', 't');
INSERT INTO "public"."in_out" VALUES ('7', '15', 'o', '2016-09-03 00:48:57', 't');
INSERT INTO "public"."in_out" VALUES ('7', '15', 'i', '2016-10-07 05:10:18', 'f');
INSERT INTO "public"."in_out" VALUES ('7', '16', 'i', '2016-09-01 00:00:05', 't');
INSERT INTO "public"."in_out" VALUES ('7', '17', 'o', '2016-09-07 13:01:10', 't');
INSERT INTO "public"."in_out" VALUES ('7', '17', 'o', '2016-09-20 22:54:26', 't');
INSERT INTO "public"."in_out" VALUES ('7', '17', 'i', '2016-10-15 21:08:24', 't');
INSERT INTO "public"."in_out" VALUES ('7', '17', 'o', '2016-10-22 07:23:29', 't');
INSERT INTO "public"."in_out" VALUES ('7', '17', 'o', '2016-10-29 02:17:06', 't');
INSERT INTO "public"."in_out" VALUES ('7', '18', 'i', '2016-09-08 14:18:45', 't');
INSERT INTO "public"."in_out" VALUES ('7', '18', 'o', '2016-09-09 23:16:28', 't');
INSERT INTO "public"."in_out" VALUES ('7', '18', 'o', '2016-09-14 20:10:33', 't');
INSERT INTO "public"."in_out" VALUES ('7', '20', 'i', '2016-09-01 00:17:35', 't');
INSERT INTO "public"."in_out" VALUES ('7', '21', 'i', '2016-09-14 08:46:33', 't');
INSERT INTO "public"."in_out" VALUES ('7', '21', 'o', '2016-09-20 01:44:09', 't');
INSERT INTO "public"."in_out" VALUES ('7', '21', 'o', '2016-10-13 11:28:08', 't');
INSERT INTO "public"."in_out" VALUES ('7', '22', 'i', '2016-09-01 00:01:59', 't');
INSERT INTO "public"."in_out" VALUES ('7', '22', 'i', '2016-09-02 03:20:36', 't');
INSERT INTO "public"."in_out" VALUES ('7', '22', 'o', '2016-09-23 02:14:13', 't');
INSERT INTO "public"."in_out" VALUES ('7', '23', 'i', '2016-10-11 17:01:09', 't');
INSERT INTO "public"."in_out" VALUES ('7', '23', 'o', '2016-11-03 13:38:43', 't');
INSERT INTO "public"."in_out" VALUES ('7', '24', 'i', '2016-09-11 12:22:57', 't');
INSERT INTO "public"."in_out" VALUES ('7', '24', 'o', '2016-11-06 03:33:05', 't');
INSERT INTO "public"."in_out" VALUES ('7', '24', 'o', '2016-11-07 22:00:11', 't');
INSERT INTO "public"."in_out" VALUES ('7', '24', 'o', '2016-11-16 00:01:00', 't');
INSERT INTO "public"."in_out" VALUES ('7', '26', 'i', '2016-09-21 01:34:22', 't');
INSERT INTO "public"."in_out" VALUES ('7', '27', 'i', '2016-09-01 00:01:24', 't');
INSERT INTO "public"."in_out" VALUES ('7', '27', 'i', '2016-09-01 02:41:42', 't');
INSERT INTO "public"."in_out" VALUES ('7', '27', 'i', '2016-11-10 22:02:18', 't');
INSERT INTO "public"."in_out" VALUES ('7', '28', 'i', '2016-10-13 13:14:24', 't');
INSERT INTO "public"."in_out" VALUES ('7', '28', 'i', '2016-11-12 10:04:10', 't');
INSERT INTO "public"."in_out" VALUES ('7', '29', 'o', '2016-09-24 14:28:12', 't');
INSERT INTO "public"."in_out" VALUES ('7', '30', 'o', '2016-09-01 18:09:59', 'f');
INSERT INTO "public"."in_out" VALUES ('7', '30', 'i', '2016-09-21 08:02:58', 't');
INSERT INTO "public"."in_out" VALUES ('7', '30', 'i', '2016-10-04 17:54:19', 't');
INSERT INTO "public"."in_out" VALUES ('7', '32', 'i', '2016-09-01 00:00:03', 't');
INSERT INTO "public"."in_out" VALUES ('7', '32', 'i', '2016-09-11 15:43:58', 't');
INSERT INTO "public"."in_out" VALUES ('7', '34', 'i', '2016-10-13 19:55:05', 't');
INSERT INTO "public"."in_out" VALUES ('7', '34', 'i', '2016-10-23 16:17:02', 't');
INSERT INTO "public"."in_out" VALUES ('7', '35', 'i', '2016-09-01 23:58:59', 't');
INSERT INTO "public"."in_out" VALUES ('7', '35', 'o', '2016-09-03 01:49:06', 't');
INSERT INTO "public"."in_out" VALUES ('7', '37', 'i', '2016-09-01 00:00:59', 't');
INSERT INTO "public"."in_out" VALUES ('7', '38', 'o', '2016-11-03 00:29:13', 't');
INSERT INTO "public"."in_out" VALUES ('7', '40', 'i', '2016-09-02 02:55:12', 'f');
INSERT INTO "public"."in_out" VALUES ('7', '41', 'i', '2016-09-01 00:00:57', 't');
INSERT INTO "public"."in_out" VALUES ('7', '41', 'o', '2016-09-01 01:36:09', 't');
INSERT INTO "public"."in_out" VALUES ('7', '41', 'o', '2016-09-03 04:46:09', 't');
INSERT INTO "public"."in_out" VALUES ('7', '41', 'o', '2016-09-12 00:40:07', 't');
INSERT INTO "public"."in_out" VALUES ('7', '41', 'i', '2016-09-17 09:31:27', 't');
INSERT INTO "public"."in_out" VALUES ('7', '41', 'o', '2016-10-13 21:59:34', 't');
INSERT INTO "public"."in_out" VALUES ('7', '42', 'i', '2016-09-01 00:00:02', 't');
INSERT INTO "public"."in_out" VALUES ('7', '42', 'o', '2016-11-02 10:43:28', 't');
INSERT INTO "public"."in_out" VALUES ('7', '42', 'o', '2016-11-09 10:22:07', 't');
INSERT INTO "public"."in_out" VALUES ('7', '42', 'i', '2016-11-16 10:56:37', 't');
INSERT INTO "public"."in_out" VALUES ('7', '43', 'o', '2016-10-22 03:28:53', 't');
INSERT INTO "public"."in_out" VALUES ('7', '44', 'o', '2016-09-13 12:15:23', 't');
INSERT INTO "public"."in_out" VALUES ('7', '44', 'o', '2016-09-15 20:02:01', 't');
INSERT INTO "public"."in_out" VALUES ('7', '44', 'o', '2016-09-20 18:23:20', 't');
INSERT INTO "public"."in_out" VALUES ('7', '44', 'o', '2016-09-30 09:16:16', 't');
INSERT INTO "public"."in_out" VALUES ('7', '44', 'i', '2016-10-01 04:20:33', 't');
INSERT INTO "public"."in_out" VALUES ('7', '45', 'o', '2016-09-01 00:00:01', 't');
INSERT INTO "public"."in_out" VALUES ('7', '45', 'i', '2016-09-01 00:00:10', 't');
INSERT INTO "public"."in_out" VALUES ('7', '45', 'o', '2016-11-16 00:58:59', 't');
INSERT INTO "public"."in_out" VALUES ('7', '46', 'i', '2016-11-02 17:03:31', 't');
INSERT INTO "public"."in_out" VALUES ('7', '46', 'o', '2016-11-13 00:28:21', 't');
INSERT INTO "public"."in_out" VALUES ('7', '47', 'o', '2016-10-08 02:54:19', 't');
INSERT INTO "public"."in_out" VALUES ('7', '48', 'o', '2016-09-28 07:36:29', 't');
INSERT INTO "public"."in_out" VALUES ('7', '49', 'o', '2016-09-01 00:08:52', 't');
INSERT INTO "public"."in_out" VALUES ('7', '50', 'o', '2016-09-01 04:03:11', 'f');
INSERT INTO "public"."in_out" VALUES ('7', '50', 'i', '2016-10-29 06:20:48', 't');
INSERT INTO "public"."in_out" VALUES ('7', '51', 'o', '2016-09-01 00:01:39', 't');
INSERT INTO "public"."in_out" VALUES ('7', '51', 'i', '2016-09-01 00:07:09', 't');
INSERT INTO "public"."in_out" VALUES ('7', '51', 'o', '2016-09-01 01:08:16', 't');
INSERT INTO "public"."in_out" VALUES ('7', '52', 'o', '2016-09-01 00:15:43', 't');
INSERT INTO "public"."in_out" VALUES ('7', '52', 'i', '2016-09-01 22:59:59', 't');
INSERT INTO "public"."in_out" VALUES ('7', '52', 'i', '2016-11-13 17:19:45', 't');
INSERT INTO "public"."in_out" VALUES ('8', '1', 'i', '2016-09-01 00:13:31', 't');
INSERT INTO "public"."in_out" VALUES ('8', '2', 'i', '2016-09-01 01:48:28', 't');
INSERT INTO "public"."in_out" VALUES ('8', '2', 'i', '2016-10-13 01:20:56', 't');
INSERT INTO "public"."in_out" VALUES ('8', '2', 'i', '2016-10-18 21:18:11', 't');
INSERT INTO "public"."in_out" VALUES ('8', '2', 'i', '2016-11-07 13:50:05', 't');
INSERT INTO "public"."in_out" VALUES ('8', '3', 'i', '2016-09-16 22:32:15', 't');
INSERT INTO "public"."in_out" VALUES ('8', '3', 'i', '2016-11-12 08:17:56', 't');
INSERT INTO "public"."in_out" VALUES ('8', '4', 'o', '2016-09-08 18:07:28', 't');
INSERT INTO "public"."in_out" VALUES ('8', '5', 'i', '2016-09-01 23:59:01', 't');
INSERT INTO "public"."in_out" VALUES ('8', '5', 'i', '2016-11-07 13:06:19', 't');
INSERT INTO "public"."in_out" VALUES ('8', '6', 'i', '2016-09-01 00:14:49', 't');
INSERT INTO "public"."in_out" VALUES ('8', '6', 'o', '2016-10-06 12:56:55', 't');
INSERT INTO "public"."in_out" VALUES ('8', '8', 'i', '2016-09-01 01:43:36', 't');
INSERT INTO "public"."in_out" VALUES ('8', '8', 'o', '2016-11-08 08:28:52', 't');
INSERT INTO "public"."in_out" VALUES ('8', '9', 'o', '2016-09-03 10:59:46', 't');
INSERT INTO "public"."in_out" VALUES ('8', '9', 'i', '2016-10-23 08:53:08', 't');
INSERT INTO "public"."in_out" VALUES ('8', '11', 'i', '2016-09-01 13:56:57', 't');
INSERT INTO "public"."in_out" VALUES ('8', '11', 'i', '2016-09-02 23:26:07', 't');
INSERT INTO "public"."in_out" VALUES ('8', '11', 'o', '2016-10-12 02:56:30', 't');
INSERT INTO "public"."in_out" VALUES ('8', '12', 'o', '2016-09-01 00:00:10', 't');
INSERT INTO "public"."in_out" VALUES ('8', '12', 'i', '2016-10-13 01:28:13', 't');
INSERT INTO "public"."in_out" VALUES ('8', '12', 'o', '2016-10-13 16:54:14', 't');
INSERT INTO "public"."in_out" VALUES ('8', '12', 'o', '2016-11-06 08:49:35', 't');
INSERT INTO "public"."in_out" VALUES ('8', '13', 'i', '2016-09-01 00:01:06', 't');
INSERT INTO "public"."in_out" VALUES ('8', '13', 'i', '2016-09-27 19:24:11', 't');
INSERT INTO "public"."in_out" VALUES ('8', '13', 'o', '2016-10-31 08:38:58', 't');
INSERT INTO "public"."in_out" VALUES ('8', '14', 'i', '2016-09-06 13:00:04', 't');
INSERT INTO "public"."in_out" VALUES ('8', '15', 'i', '2016-09-01 00:11:56', 't');
INSERT INTO "public"."in_out" VALUES ('8', '15', 'i', '2016-09-27 15:48:55', 't');
INSERT INTO "public"."in_out" VALUES ('8', '16', 'i', '2016-09-04 07:59:10', 'f');
INSERT INTO "public"."in_out" VALUES ('8', '16', 'o', '2016-09-07 05:30:56', 't');
INSERT INTO "public"."in_out" VALUES ('8', '16', 'o', '2016-10-01 17:03:14', 't');
INSERT INTO "public"."in_out" VALUES ('8', '16', 'i', '2016-10-02 16:56:49', 't');
INSERT INTO "public"."in_out" VALUES ('8', '18', 'o', '2016-11-16 23:58:59', 't');
INSERT INTO "public"."in_out" VALUES ('8', '20', 'i', '2016-10-04 20:25:04', 't');
INSERT INTO "public"."in_out" VALUES ('8', '21', 'o', '2016-09-01 00:21:15', 't');
INSERT INTO "public"."in_out" VALUES ('8', '21', 'i', '2016-09-29 13:16:17', 't');
INSERT INTO "public"."in_out" VALUES ('8', '21', 'o', '2016-10-27 12:46:16', 't');
INSERT INTO "public"."in_out" VALUES ('8', '22', 'i', '2016-10-23 02:46:12', 't');
INSERT INTO "public"."in_out" VALUES ('8', '22', 'o', '2016-11-15 23:59:01', 't');
INSERT INTO "public"."in_out" VALUES ('8', '23', 'i', '2016-10-04 11:17:09', 't');
INSERT INTO "public"."in_out" VALUES ('8', '23', 'i', '2016-11-11 21:50:27', 't');
INSERT INTO "public"."in_out" VALUES ('8', '24', 'i', '2016-09-26 08:25:14', 't');
INSERT INTO "public"."in_out" VALUES ('8', '26', 'o', '2016-09-01 00:01:22', 't');
INSERT INTO "public"."in_out" VALUES ('8', '26', 'o', '2016-09-01 02:29:14', 't');
INSERT INTO "public"."in_out" VALUES ('8', '26', 'i', '2016-09-03 06:53:55', 't');
INSERT INTO "public"."in_out" VALUES ('8', '26', 'o', '2016-09-23 19:46:40', 't');
INSERT INTO "public"."in_out" VALUES ('8', '26', 'i', '2016-10-03 11:45:08', 't');
INSERT INTO "public"."in_out" VALUES ('8', '27', 'i', '2016-09-25 12:12:03', 't');
INSERT INTO "public"."in_out" VALUES ('8', '27', 'o', '2016-09-29 15:47:41', 't');
INSERT INTO "public"."in_out" VALUES ('8', '28', 'o', '2016-10-26 05:19:18', 't');
INSERT INTO "public"."in_out" VALUES ('8', '29', 'i', '2016-09-01 02:07:57', 'f');
INSERT INTO "public"."in_out" VALUES ('8', '29', 'i', '2016-11-15 06:46:54', 't');
INSERT INTO "public"."in_out" VALUES ('8', '30', 'o', '2016-09-02 22:31:28', 't');
INSERT INTO "public"."in_out" VALUES ('8', '30', 'i', '2016-09-03 10:41:31', 't');
INSERT INTO "public"."in_out" VALUES ('8', '30', 'o', '2016-11-16 23:00:59', 't');
INSERT INTO "public"."in_out" VALUES ('8', '32', 'i', '2016-09-28 01:58:13', 't');
INSERT INTO "public"."in_out" VALUES ('8', '32', 'o', '2016-10-17 20:24:38', 't');
INSERT INTO "public"."in_out" VALUES ('8', '33', 'i', '2016-09-01 00:00:26', 't');
INSERT INTO "public"."in_out" VALUES ('8', '33', 'i', '2016-09-01 19:25:24', 't');
INSERT INTO "public"."in_out" VALUES ('8', '34', 'o', '2016-09-01 00:01:33', 't');
INSERT INTO "public"."in_out" VALUES ('8', '34', 'o', '2016-09-01 00:12:53', 't');
INSERT INTO "public"."in_out" VALUES ('8', '34', 'i', '2016-09-01 05:46:37', 't');
INSERT INTO "public"."in_out" VALUES ('8', '34', 'o', '2016-09-18 05:20:30', 't');
INSERT INTO "public"."in_out" VALUES ('8', '34', 'o', '2016-11-13 12:09:45', 't');
INSERT INTO "public"."in_out" VALUES ('8', '35', 'o', '2016-09-05 22:43:57', 't');
INSERT INTO "public"."in_out" VALUES ('8', '36', 'o', '2016-09-09 11:12:51', 't');
INSERT INTO "public"."in_out" VALUES ('8', '36', 'i', '2016-09-15 10:14:26', 't');
INSERT INTO "public"."in_out" VALUES ('8', '36', 'o', '2016-09-25 13:10:14', 't');
INSERT INTO "public"."in_out" VALUES ('8', '36', 'i', '2016-10-08 09:28:43', 't');
INSERT INTO "public"."in_out" VALUES ('8', '37', 'o', '2016-09-04 03:01:49', 't');
INSERT INTO "public"."in_out" VALUES ('8', '37', 'i', '2016-09-24 22:50:17', 't');
INSERT INTO "public"."in_out" VALUES ('8', '38', 'i', '2016-09-01 00:00:02', 't');
INSERT INTO "public"."in_out" VALUES ('8', '38', 'o', '2016-09-30 04:36:04', 't');
INSERT INTO "public"."in_out" VALUES ('8', '38', 'o', '2016-10-17 13:13:32', 't');
INSERT INTO "public"."in_out" VALUES ('8', '38', 'o', '2016-10-24 08:04:37', 't');
INSERT INTO "public"."in_out" VALUES ('8', '40', 'o', '2016-09-01 00:00:01', 't');
INSERT INTO "public"."in_out" VALUES ('8', '40', 'i', '2016-09-22 06:55:09', 't');
INSERT INTO "public"."in_out" VALUES ('8', '41', 'o', '2016-09-01 01:40:27', 't');
INSERT INTO "public"."in_out" VALUES ('8', '41', 'i', '2016-09-01 02:44:15', 't');
INSERT INTO "public"."in_out" VALUES ('8', '42', 'i', '2016-10-27 17:11:24', 't');
INSERT INTO "public"."in_out" VALUES ('8', '42', 'i', '2016-11-10 07:44:10', 't');
INSERT INTO "public"."in_out" VALUES ('8', '43', 'i', '2016-10-05 22:53:41', 't');
INSERT INTO "public"."in_out" VALUES ('8', '44', 'i', '2016-09-01 00:00:02', 't');
INSERT INTO "public"."in_out" VALUES ('8', '44', 'i', '2016-09-01 00:03:42', 't');
INSERT INTO "public"."in_out" VALUES ('8', '45', 'o', '2016-09-17 13:01:44', 't');
INSERT INTO "public"."in_out" VALUES ('8', '45', 'o', '2016-11-10 04:45:21', 't');
INSERT INTO "public"."in_out" VALUES ('8', '46', 'o', '2016-09-01 09:55:11', 't');
INSERT INTO "public"."in_out" VALUES ('8', '46', 'o', '2016-11-16 23:01:01', 't');
INSERT INTO "public"."in_out" VALUES ('8', '47', 'i', '2016-09-01 18:39:51', 't');
INSERT INTO "public"."in_out" VALUES ('8', '47', 'i', '2016-09-20 18:57:15', 't');
INSERT INTO "public"."in_out" VALUES ('8', '48', 'i', '2016-09-01 00:27:18', 't');
INSERT INTO "public"."in_out" VALUES ('8', '49', 'i', '2016-09-09 16:54:03', 't');
INSERT INTO "public"."in_out" VALUES ('8', '50', 'o', '2016-09-03 03:28:47', 't');
INSERT INTO "public"."in_out" VALUES ('8', '50', 'i', '2016-09-05 05:34:30', 't');
INSERT INTO "public"."in_out" VALUES ('8', '50', 'o', '2016-09-23 02:16:59', 't');
INSERT INTO "public"."in_out" VALUES ('8', '50', 'i', '2016-10-07 20:30:26', 't');
INSERT INTO "public"."in_out" VALUES ('8', '50', 'i', '2016-11-12 09:42:32', 't');
INSERT INTO "public"."in_out" VALUES ('8', '52', 'o', '2016-09-16 08:59:30', 't');
INSERT INTO "public"."in_out" VALUES ('8', '52', 'i', '2016-10-11 16:17:55', 't');
INSERT INTO "public"."in_out" VALUES ('9', '3', 'o', '2016-09-30 05:22:01', 't');
INSERT INTO "public"."in_out" VALUES ('9', '3', 'i', '2016-10-23 20:55:17', 't');
INSERT INTO "public"."in_out" VALUES ('9', '4', 'o', '2016-09-02 06:50:02', 't');
INSERT INTO "public"."in_out" VALUES ('9', '5', 'i', '2016-11-16 03:36:40', 't');
INSERT INTO "public"."in_out" VALUES ('9', '6', 'o', '2016-09-01 06:44:24', 't');
INSERT INTO "public"."in_out" VALUES ('9', '6', 'i', '2016-10-12 03:47:02', 't');
INSERT INTO "public"."in_out" VALUES ('9', '6', 'o', '2016-10-14 01:37:05', 't');
INSERT INTO "public"."in_out" VALUES ('9', '6', 'o', '2016-11-16 00:58:00', 'f');
INSERT INTO "public"."in_out" VALUES ('9', '7', 'o', '2016-09-01 00:00:33', 't');
INSERT INTO "public"."in_out" VALUES ('9', '8', 'i', '2016-09-01 00:08:35', 't');
INSERT INTO "public"."in_out" VALUES ('9', '8', 'o', '2016-09-03 22:21:39', 't');
INSERT INTO "public"."in_out" VALUES ('9', '8', 'o', '2016-09-14 07:32:27', 't');
INSERT INTO "public"."in_out" VALUES ('9', '9', 'o', '2016-09-01 00:13:50', 'f');
INSERT INTO "public"."in_out" VALUES ('9', '9', 'o', '2016-09-12 09:03:28', 't');
INSERT INTO "public"."in_out" VALUES ('9', '10', 'o', '2016-09-01 00:01:14', 't');
INSERT INTO "public"."in_out" VALUES ('9', '10', 'o', '2016-11-07 12:36:42', 't');
INSERT INTO "public"."in_out" VALUES ('9', '11', 'i', '2016-09-01 00:00:07', 't');
INSERT INTO "public"."in_out" VALUES ('9', '11', 'i', '2016-10-24 06:35:31', 'f');
INSERT INTO "public"."in_out" VALUES ('9', '12', 'i', '2016-09-03 17:20:55', 't');
INSERT INTO "public"."in_out" VALUES ('9', '12', 'o', '2016-09-28 18:24:33', 't');
INSERT INTO "public"."in_out" VALUES ('9', '13', 'o', '2016-11-04 13:56:09', 't');
INSERT INTO "public"."in_out" VALUES ('9', '13', 'o', '2016-11-16 01:00:59', 'f');
INSERT INTO "public"."in_out" VALUES ('9', '14', 'o', '2016-10-18 17:45:26', 't');
INSERT INTO "public"."in_out" VALUES ('9', '15', 'o', '2016-10-05 14:27:54', 't');
INSERT INTO "public"."in_out" VALUES ('9', '15', 'i', '2016-10-07 02:07:28', 't');
INSERT INTO "public"."in_out" VALUES ('9', '15', 'o', '2016-11-15 15:33:27', 't');
INSERT INTO "public"."in_out" VALUES ('9', '16', 'i', '2016-09-01 00:42:23', 'f');
INSERT INTO "public"."in_out" VALUES ('9', '16', 'o', '2016-11-07 08:45:05', 't');
INSERT INTO "public"."in_out" VALUES ('9', '17', 'o', '2016-09-26 00:05:30', 't');
INSERT INTO "public"."in_out" VALUES ('9', '17', 'o', '2016-10-25 01:52:37', 't');
INSERT INTO "public"."in_out" VALUES ('9', '19', 'i', '2016-09-01 00:00:03', 't');
INSERT INTO "public"."in_out" VALUES ('9', '19', 'i', '2016-09-01 07:22:05', 't');
INSERT INTO "public"."in_out" VALUES ('9', '20', 'i', '2016-11-11 02:35:40', 't');
INSERT INTO "public"."in_out" VALUES ('9', '22', 'o', '2016-09-19 03:13:48', 't');
INSERT INTO "public"."in_out" VALUES ('9', '22', 'o', '2016-09-27 10:00:49', 't');
INSERT INTO "public"."in_out" VALUES ('9', '23', 'i', '2016-10-21 05:53:51', 't');
INSERT INTO "public"."in_out" VALUES ('9', '24', 'o', '2016-09-01 01:48:00', 't');
INSERT INTO "public"."in_out" VALUES ('9', '25', 'i', '2016-09-02 09:19:40', 't');
INSERT INTO "public"."in_out" VALUES ('9', '25', 'i', '2016-09-08 23:00:00', 't');
INSERT INTO "public"."in_out" VALUES ('9', '25', 'i', '2016-10-07 16:11:58', 't');
INSERT INTO "public"."in_out" VALUES ('9', '25', 'o', '2016-10-30 05:39:05', 't');
INSERT INTO "public"."in_out" VALUES ('9', '26', 'i', '2016-10-09 03:47:22', 't');
INSERT INTO "public"."in_out" VALUES ('9', '26', 'i', '2016-10-19 23:46:54', 't');
INSERT INTO "public"."in_out" VALUES ('9', '27', 'o', '2016-09-01 00:34:43', 't');
INSERT INTO "public"."in_out" VALUES ('9', '27', 'o', '2016-09-11 13:24:25', 't');
INSERT INTO "public"."in_out" VALUES ('9', '28', 'o', '2016-09-03 16:40:41', 't');
INSERT INTO "public"."in_out" VALUES ('9', '28', 'o', '2016-09-16 15:59:14', 't');
INSERT INTO "public"."in_out" VALUES ('9', '28', 'o', '2016-10-28 11:01:45', 't');
INSERT INTO "public"."in_out" VALUES ('9', '30', 'o', '2016-09-06 12:16:16', 't');
INSERT INTO "public"."in_out" VALUES ('9', '30', 'i', '2016-10-07 21:59:02', 't');
INSERT INTO "public"."in_out" VALUES ('9', '30', 'o', '2016-10-24 06:50:50', 't');
INSERT INTO "public"."in_out" VALUES ('9', '32', 'i', '2016-11-13 12:08:06', 't');
INSERT INTO "public"."in_out" VALUES ('9', '33', 'i', '2016-09-01 02:43:29', 't');
INSERT INTO "public"."in_out" VALUES ('9', '33', 'i', '2016-09-05 20:58:52', 't');
INSERT INTO "public"."in_out" VALUES ('9', '33', 'i', '2016-10-15 10:10:09', 't');
INSERT INTO "public"."in_out" VALUES ('9', '35', 'o', '2016-09-01 04:56:27', 't');
INSERT INTO "public"."in_out" VALUES ('9', '35', 'o', '2016-10-11 02:41:53', 't');
INSERT INTO "public"."in_out" VALUES ('9', '35', 'o', '2016-10-26 14:46:43', 'f');
INSERT INTO "public"."in_out" VALUES ('9', '35', 'o', '2016-10-31 23:48:15', 't');
INSERT INTO "public"."in_out" VALUES ('9', '35', 'o', '2016-11-06 15:24:48', 't');
INSERT INTO "public"."in_out" VALUES ('9', '36', 'o', '2016-09-01 00:00:01', 't');
INSERT INTO "public"."in_out" VALUES ('9', '36', 'o', '2016-10-20 12:47:46', 't');
INSERT INTO "public"."in_out" VALUES ('9', '37', 'o', '2016-09-01 00:01:03', 't');
INSERT INTO "public"."in_out" VALUES ('9', '38', 'o', '2016-11-16 00:59:00', 't');
INSERT INTO "public"."in_out" VALUES ('9', '39', 'i', '2016-09-09 01:29:08', 't');
INSERT INTO "public"."in_out" VALUES ('9', '39', 'i', '2016-11-09 05:25:36', 't');
INSERT INTO "public"."in_out" VALUES ('9', '39', 'o', '2016-11-16 02:53:36', 't');
INSERT INTO "public"."in_out" VALUES ('9', '40', 'i', '2016-09-06 06:07:23', 't');
INSERT INTO "public"."in_out" VALUES ('9', '40', 'o', '2016-09-20 01:50:53', 't');
INSERT INTO "public"."in_out" VALUES ('9', '40', 'i', '2016-10-29 02:23:08', 't');
INSERT INTO "public"."in_out" VALUES ('9', '40', 'i', '2016-11-15 20:37:25', 't');
INSERT INTO "public"."in_out" VALUES ('9', '41', 'i', '2016-09-05 21:18:50', 't');
INSERT INTO "public"."in_out" VALUES ('9', '41', 'i', '2016-09-12 12:50:45', 't');
INSERT INTO "public"."in_out" VALUES ('9', '42', 'o', '2016-09-01 00:02:46', 't');
INSERT INTO "public"."in_out" VALUES ('9', '42', 'i', '2016-10-30 05:26:51', 't');
INSERT INTO "public"."in_out" VALUES ('9', '43', 'o', '2016-09-01 01:02:06', 't');
INSERT INTO "public"."in_out" VALUES ('9', '43', 'o', '2016-09-02 02:41:21', 't');
INSERT INTO "public"."in_out" VALUES ('9', '44', 'o', '2016-11-16 00:01:59', 't');
INSERT INTO "public"."in_out" VALUES ('9', '46', 'o', '2016-09-01 00:00:56', 't');
INSERT INTO "public"."in_out" VALUES ('9', '46', 'i', '2016-09-01 19:50:16', 't');
INSERT INTO "public"."in_out" VALUES ('9', '46', 'o', '2016-09-05 18:26:41', 't');
INSERT INTO "public"."in_out" VALUES ('9', '46', 'o', '2016-11-05 11:52:53', 't');
INSERT INTO "public"."in_out" VALUES ('9', '46', 'i', '2016-11-16 12:18:31', 't');
INSERT INTO "public"."in_out" VALUES ('9', '47', 'i', '2016-09-01 00:00:03', 't');
INSERT INTO "public"."in_out" VALUES ('9', '47', 'o', '2016-09-13 01:59:54', 't');
INSERT INTO "public"."in_out" VALUES ('9', '48', 'i', '2016-09-01 00:01:01', 't');
INSERT INTO "public"."in_out" VALUES ('9', '48', 'o', '2016-09-01 00:11:27', 't');
INSERT INTO "public"."in_out" VALUES ('9', '48', 'o', '2016-09-09 13:35:29', 't');
INSERT INTO "public"."in_out" VALUES ('9', '48', 'o', '2016-09-11 04:20:55', 't');
INSERT INTO "public"."in_out" VALUES ('9', '48', 'o', '2016-11-16 23:58:00', 't');
INSERT INTO "public"."in_out" VALUES ('9', '49', 'o', '2016-10-17 19:40:19', 't');
INSERT INTO "public"."in_out" VALUES ('9', '49', 'o', '2016-10-26 09:34:28', 't');
INSERT INTO "public"."in_out" VALUES ('9', '50', 'o', '2016-10-23 06:56:27', 't');
INSERT INTO "public"."in_out" VALUES ('9', '51', 'o', '2016-09-08 13:08:23', 'f');
INSERT INTO "public"."in_out" VALUES ('9', '51', 'o', '2016-10-17 12:21:11', 't');
INSERT INTO "public"."in_out" VALUES ('9', '51', 'i', '2016-11-16 23:00:00', 't');
INSERT INTO "public"."in_out" VALUES ('9', '52', 'o', '2016-09-01 00:00:02', 't');
INSERT INTO "public"."in_out" VALUES ('9', '52', 'i', '2016-09-01 23:59:59', 't');
INSERT INTO "public"."in_out" VALUES ('9', '52', 'i', '2016-10-14 06:16:51', 't');
INSERT INTO "public"."in_out" VALUES ('9', '52', 'o', '2016-11-08 10:28:52', 't');
INSERT INTO "public"."in_out" VALUES ('10', '1', 'i', '2016-09-01 00:01:00', 't');
INSERT INTO "public"."in_out" VALUES ('10', '1', 'i', '2016-09-01 00:09:15', 't');
INSERT INTO "public"."in_out" VALUES ('10', '1', 'i', '2016-09-06 09:48:51', 't');
INSERT INTO "public"."in_out" VALUES ('10', '2', 'i', '2016-09-05 20:01:07', 't');
INSERT INTO "public"."in_out" VALUES ('10', '2', 'o', '2016-10-07 08:05:54', 'f');
INSERT INTO "public"."in_out" VALUES ('10', '3', 'i', '2016-09-01 09:02:30', 't');
INSERT INTO "public"."in_out" VALUES ('10', '4', 'o', '2016-09-07 17:26:37', 't');
INSERT INTO "public"."in_out" VALUES ('10', '4', 'o', '2016-11-13 13:00:42', 't');
INSERT INTO "public"."in_out" VALUES ('10', '5', 'o', '2016-10-22 06:51:34', 't');
INSERT INTO "public"."in_out" VALUES ('10', '7', 'o', '2016-09-07 04:13:57', 't');
INSERT INTO "public"."in_out" VALUES ('10', '7', 'o', '2016-10-11 10:07:39', 't');
INSERT INTO "public"."in_out" VALUES ('10', '8', 'i', '2016-10-25 01:59:18', 't');
INSERT INTO "public"."in_out" VALUES ('10', '8', 'o', '2016-11-05 06:48:00', 't');
INSERT INTO "public"."in_out" VALUES ('10', '8', 'i', '2016-11-16 23:01:59', 't');
INSERT INTO "public"."in_out" VALUES ('10', '9', 'i', '2016-10-03 22:12:03', 't');
INSERT INTO "public"."in_out" VALUES ('10', '9', 'i', '2016-10-19 08:50:30', 't');
INSERT INTO "public"."in_out" VALUES ('10', '10', 'i', '2016-09-02 00:00:00', 't');
INSERT INTO "public"."in_out" VALUES ('10', '10', 'i', '2016-10-09 04:19:18', 't');
INSERT INTO "public"."in_out" VALUES ('10', '11', 'i', '2016-09-17 23:20:49', 't');
INSERT INTO "public"."in_out" VALUES ('10', '12', 'o', '2016-09-08 00:30:26', 't');
INSERT INTO "public"."in_out" VALUES ('10', '13', 'o', '2016-09-15 19:49:00', 't');
INSERT INTO "public"."in_out" VALUES ('10', '13', 'i', '2016-09-23 12:51:04', 't');
INSERT INTO "public"."in_out" VALUES ('10', '13', 'o', '2016-10-18 03:19:46', 't');
INSERT INTO "public"."in_out" VALUES ('10', '14', 'i', '2016-10-07 09:31:52', 't');
INSERT INTO "public"."in_out" VALUES ('10', '14', 'o', '2016-11-04 16:55:57', 't');
INSERT INTO "public"."in_out" VALUES ('10', '15', 'o', '2016-09-01 00:05:42', 't');
INSERT INTO "public"."in_out" VALUES ('10', '16', 'i', '2016-09-01 00:46:46', 't');
INSERT INTO "public"."in_out" VALUES ('10', '16', 'i', '2016-09-01 02:29:08', 't');
INSERT INTO "public"."in_out" VALUES ('10', '17', 'i', '2016-09-16 00:40:28', 't');
INSERT INTO "public"."in_out" VALUES ('10', '17', 'o', '2016-10-23 19:51:11', 't');
INSERT INTO "public"."in_out" VALUES ('10', '18', 'o', '2016-09-01 00:01:34', 't');
INSERT INTO "public"."in_out" VALUES ('10', '19', 'i', '2016-09-01 00:25:22', 't');
INSERT INTO "public"."in_out" VALUES ('10', '19', 'o', '2016-10-06 16:55:58', 't');
INSERT INTO "public"."in_out" VALUES ('10', '20', 'o', '2016-09-01 00:01:51', 't');
INSERT INTO "public"."in_out" VALUES ('10', '21', 'i', '2016-09-01 05:57:02', 't');
INSERT INTO "public"."in_out" VALUES ('10', '21', 'o', '2016-11-07 16:25:12', 't');
INSERT INTO "public"."in_out" VALUES ('10', '21', 'i', '2016-11-13 05:03:57', 't');
INSERT INTO "public"."in_out" VALUES ('10', '22', 'i', '2016-09-01 00:28:12', 't');
INSERT INTO "public"."in_out" VALUES ('10', '24', 'i', '2016-09-27 15:19:28', 't');
INSERT INTO "public"."in_out" VALUES ('10', '24', 'o', '2016-10-19 03:31:02', 't');
INSERT INTO "public"."in_out" VALUES ('10', '24', 'i', '2016-10-23 12:25:54', 't');
INSERT INTO "public"."in_out" VALUES ('10', '25', 'i', '2016-10-15 03:18:50', 't');
INSERT INTO "public"."in_out" VALUES ('10', '26', 'i', '2016-09-01 00:48:44', 't');
INSERT INTO "public"."in_out" VALUES ('10', '26', 'i', '2016-09-01 00:53:15', 't');
INSERT INTO "public"."in_out" VALUES ('10', '26', 'o', '2016-09-01 01:49:45', 'f');
INSERT INTO "public"."in_out" VALUES ('10', '28', 'o', '2016-09-01 00:00:06', 't');
INSERT INTO "public"."in_out" VALUES ('10', '28', 'o', '2016-09-01 00:32:44', 't');
INSERT INTO "public"."in_out" VALUES ('10', '28', 'i', '2016-10-06 02:45:15', 't');
INSERT INTO "public"."in_out" VALUES ('10', '28', 'o', '2016-10-30 15:42:16', 't');
INSERT INTO "public"."in_out" VALUES ('10', '29', 'i', '2016-09-19 07:45:49', 't');
INSERT INTO "public"."in_out" VALUES ('10', '30', 'o', '2016-09-01 00:00:02', 't');
INSERT INTO "public"."in_out" VALUES ('10', '30', 'i', '2016-09-08 12:49:08', 't');
INSERT INTO "public"."in_out" VALUES ('10', '31', 'i', '2016-09-04 22:57:10', 't');
INSERT INTO "public"."in_out" VALUES ('10', '31', 'i', '2016-09-24 22:16:05', 't');
INSERT INTO "public"."in_out" VALUES ('10', '31', 'i', '2016-10-18 15:06:40', 't');
INSERT INTO "public"."in_out" VALUES ('10', '31', 'o', '2016-11-16 01:00:00', 't');
INSERT INTO "public"."in_out" VALUES ('10', '31', 'i', '2016-11-16 06:58:30', 't');
INSERT INTO "public"."in_out" VALUES ('10', '32', 'i', '2016-10-04 10:46:39', 't');
INSERT INTO "public"."in_out" VALUES ('10', '33', 'o', '2016-09-01 00:13:02', 't');
INSERT INTO "public"."in_out" VALUES ('10', '33', 'i', '2016-09-01 01:41:21', 't');
INSERT INTO "public"."in_out" VALUES ('10', '33', 'o', '2016-09-11 05:01:37', 't');
INSERT INTO "public"."in_out" VALUES ('10', '33', 'o', '2016-10-31 03:38:40', 't');
INSERT INTO "public"."in_out" VALUES ('10', '34', 'i', '2016-09-02 00:00:01', 't');
INSERT INTO "public"."in_out" VALUES ('10', '34', 'i', '2016-10-19 02:54:09', 't');
INSERT INTO "public"."in_out" VALUES ('10', '34', 'o', '2016-11-13 09:54:57', 't');
INSERT INTO "public"."in_out" VALUES ('10', '36', 'o', '2016-09-01 00:07:53', 't');
INSERT INTO "public"."in_out" VALUES ('10', '37', 'i', '2016-09-01 00:18:19', 't');
INSERT INTO "public"."in_out" VALUES ('10', '37', 'i', '2016-09-01 10:10:40', 't');
INSERT INTO "public"."in_out" VALUES ('10', '37', 'i', '2016-09-18 00:23:32', 't');
INSERT INTO "public"."in_out" VALUES ('10', '37', 'o', '2016-09-24 16:39:33', 't');
INSERT INTO "public"."in_out" VALUES ('10', '37', 'o', '2016-11-13 15:56:34', 't');
INSERT INTO "public"."in_out" VALUES ('10', '38', 'o', '2016-09-01 00:10:50', 't');
INSERT INTO "public"."in_out" VALUES ('10', '39', 'i', '2016-09-15 06:39:04', 't');
INSERT INTO "public"."in_out" VALUES ('10', '39', 'i', '2016-09-18 14:44:19', 't');
INSERT INTO "public"."in_out" VALUES ('10', '40', 'i', '2016-09-01 00:11:29', 't');
INSERT INTO "public"."in_out" VALUES ('10', '40', 'o', '2016-09-01 00:58:59', 't');
INSERT INTO "public"."in_out" VALUES ('10', '40', 'o', '2016-09-01 11:54:54', 't');
INSERT INTO "public"."in_out" VALUES ('10', '41', 'o', '2016-09-01 00:00:03', 't');
INSERT INTO "public"."in_out" VALUES ('10', '41', 'i', '2016-09-14 03:56:58', 't');
INSERT INTO "public"."in_out" VALUES ('10', '41', 'o', '2016-10-29 10:15:43', 't');
INSERT INTO "public"."in_out" VALUES ('10', '42', 'i', '2016-09-01 00:00:10', 't');
INSERT INTO "public"."in_out" VALUES ('10', '42', 'i', '2016-09-01 00:00:19', 't');
INSERT INTO "public"."in_out" VALUES ('10', '43', 'i', '2016-09-01 00:00:16', 't');
INSERT INTO "public"."in_out" VALUES ('10', '43', 'o', '2016-11-03 23:36:19', 't');
INSERT INTO "public"."in_out" VALUES ('10', '43', 'i', '2016-11-05 23:46:44', 't');
INSERT INTO "public"."in_out" VALUES ('10', '45', 'o', '2016-09-01 00:14:05', 't');
INSERT INTO "public"."in_out" VALUES ('10', '45', 'i', '2016-10-07 12:00:26', 't');
INSERT INTO "public"."in_out" VALUES ('10', '45', 'i', '2016-11-11 22:37:06', 't');
INSERT INTO "public"."in_out" VALUES ('10', '46', 'i', '2016-10-31 18:45:46', 't');
INSERT INTO "public"."in_out" VALUES ('10', '46', 'i', '2016-11-16 00:00:59', 't');
INSERT INTO "public"."in_out" VALUES ('10', '47', 'i', '2016-09-07 07:49:46', 't');
INSERT INTO "public"."in_out" VALUES ('10', '47', 'o', '2016-09-27 19:23:02', 'f');
INSERT INTO "public"."in_out" VALUES ('10', '49', 'o', '2016-09-01 00:05:41', 't');
INSERT INTO "public"."in_out" VALUES ('10', '49', 'i', '2016-10-19 07:36:43', 't');
INSERT INTO "public"."in_out" VALUES ('10', '50', 'o', '2016-11-06 22:00:42', 't');
INSERT INTO "public"."in_out" VALUES ('10', '51', 'o', '2016-09-01 00:04:41', 't');
INSERT INTO "public"."in_out" VALUES ('10', '52', 'o', '2016-09-02 01:17:53', 't');
INSERT INTO "public"."in_out" VALUES ('10', '52', 'i', '2016-10-06 07:08:06', 't');
INSERT INTO "public"."in_out" VALUES ('10', '52', 'o', '2016-10-11 03:17:42', 't');
INSERT INTO "public"."in_out" VALUES ('10', '52', 'i', '2016-11-09 04:38:57', 't');
INSERT INTO "public"."in_out" VALUES ('11', '3', 'o', '2016-09-27 04:14:38', 't');
INSERT INTO "public"."in_out" VALUES ('11', '4', 'o', '2016-10-20 20:33:15', 't');
INSERT INTO "public"."in_out" VALUES ('11', '5', 'i', '2016-09-08 08:29:13', 't');
INSERT INTO "public"."in_out" VALUES ('11', '6', 'i', '2016-09-01 00:14:20', 't');
INSERT INTO "public"."in_out" VALUES ('11', '6', 'o', '2016-10-23 07:56:35', 't');
INSERT INTO "public"."in_out" VALUES ('11', '7', 'o', '2016-11-01 10:33:20', 't');
INSERT INTO "public"."in_out" VALUES ('11', '11', 'o', '2016-11-15 12:35:48', 'f');
INSERT INTO "public"."in_out" VALUES ('11', '21', 'i', '2016-10-15 08:43:33', 't');
INSERT INTO "public"."in_out" VALUES ('11', '22', 'i', '2016-10-04 10:02:36', 't');
INSERT INTO "public"."in_out" VALUES ('11', '31', 'o', '2016-10-19 02:35:35', 't');
INSERT INTO "public"."in_out" VALUES ('11', '32', 'i', '2016-09-01 00:07:09', 't');
INSERT INTO "public"."in_out" VALUES ('11', '34', 'i', '2016-10-27 14:11:42', 't');
INSERT INTO "public"."in_out" VALUES ('11', '36', 'o', '2016-10-31 21:04:37', 't');
INSERT INTO "public"."in_out" VALUES ('11', '36', 'i', '2016-11-07 06:51:42', 't');
INSERT INTO "public"."in_out" VALUES ('11', '41', 'i', '2016-09-01 00:00:07', 't');
INSERT INTO "public"."in_out" VALUES ('11', '45', 'o', '2016-09-17 04:47:41', 't');
INSERT INTO "public"."in_out" VALUES ('11', '46', 'i', '2016-09-14 11:40:22', 't');
INSERT INTO "public"."in_out" VALUES ('11', '47', 'i', '2016-09-02 13:54:15', 't');
INSERT INTO "public"."in_out" VALUES ('11', '50', 'i', '2016-10-29 11:39:08', 't');
INSERT INTO "public"."in_out" VALUES ('11', '52', 'o', '2016-10-01 22:29:42', 't');
INSERT INTO "public"."in_out" VALUES ('12', '5', 'i', '2016-09-15 18:39:00', 't');
INSERT INTO "public"."in_out" VALUES ('12', '8', 'i', '2016-09-01 00:00:05', 't');
INSERT INTO "public"."in_out" VALUES ('12', '10', 'i', '2016-09-01 00:00:02', 't');
INSERT INTO "public"."in_out" VALUES ('12', '10', 'i', '2016-09-01 23:00:01', 't');
INSERT INTO "public"."in_out" VALUES ('12', '14', 'i', '2016-09-23 20:52:56', 't');
INSERT INTO "public"."in_out" VALUES ('12', '14', 'i', '2016-10-28 00:25:40', 't');
INSERT INTO "public"."in_out" VALUES ('12', '16', 'o', '2016-10-24 06:43:54', 't');
INSERT INTO "public"."in_out" VALUES ('12', '18', 'i', '2016-09-09 21:06:59', 't');
INSERT INTO "public"."in_out" VALUES ('12', '18', 'i', '2016-11-16 20:22:01', 't');
INSERT INTO "public"."in_out" VALUES ('12', '22', 'i', '2016-09-06 12:15:35', 't');
INSERT INTO "public"."in_out" VALUES ('12', '24', 'i', '2016-10-15 13:21:01', 't');
INSERT INTO "public"."in_out" VALUES ('12', '26', 'o', '2016-09-01 00:14:34', 't');
INSERT INTO "public"."in_out" VALUES ('12', '29', 'i', '2016-09-04 02:42:11', 't');
INSERT INTO "public"."in_out" VALUES ('12', '30', 'i', '2016-09-01 11:59:22', 't');
INSERT INTO "public"."in_out" VALUES ('12', '30', 'i', '2016-11-16 23:59:01', 't');
INSERT INTO "public"."in_out" VALUES ('12', '35', 'o', '2016-10-20 10:31:43', 't');
INSERT INTO "public"."in_out" VALUES ('12', '40', 'o', '2016-10-30 19:07:54', 't');
INSERT INTO "public"."in_out" VALUES ('12', '41', 'i', '2016-09-01 00:01:17', 't');
INSERT INTO "public"."in_out" VALUES ('12', '43', 'i', '2016-09-18 00:26:22', 't');
INSERT INTO "public"."in_out" VALUES ('12', '46', 'i', '2016-10-20 15:21:47', 't');
INSERT INTO "public"."in_out" VALUES ('13', '7', 'i', '2016-09-15 06:06:45', 't');
INSERT INTO "public"."in_out" VALUES ('13', '9', 'o', '2016-10-05 00:30:55', 't');
INSERT INTO "public"."in_out" VALUES ('13', '11', 'o', '2016-11-05 10:34:33', 't');
INSERT INTO "public"."in_out" VALUES ('13', '15', 'i', '2016-09-14 12:24:11', 'f');
INSERT INTO "public"."in_out" VALUES ('13', '16', 'o', '2016-09-01 00:00:05', 't');
INSERT INTO "public"."in_out" VALUES ('13', '19', 'i', '2016-11-03 01:54:58', 't');
INSERT INTO "public"."in_out" VALUES ('13', '20', 'o', '2016-09-14 00:02:32', 'f');
INSERT INTO "public"."in_out" VALUES ('13', '28', 'o', '2016-09-30 14:37:59', 't');
INSERT INTO "public"."in_out" VALUES ('13', '29', 'i', '2016-09-01 22:38:14', 'f');
INSERT INTO "public"."in_out" VALUES ('13', '30', 'o', '2016-09-01 00:01:34', 't');
INSERT INTO "public"."in_out" VALUES ('13', '31', 'i', '2016-10-10 19:59:31', 't');
INSERT INTO "public"."in_out" VALUES ('13', '31', 'o', '2016-10-11 20:34:22', 't');
INSERT INTO "public"."in_out" VALUES ('13', '33', 'i', '2016-11-16 05:54:38', 't');
INSERT INTO "public"."in_out" VALUES ('13', '34', 'o', '2016-09-17 16:38:14', 't');
INSERT INTO "public"."in_out" VALUES ('13', '37', 'o', '2016-11-14 05:33:34', 'f');
INSERT INTO "public"."in_out" VALUES ('13', '40', 'o', '2016-09-09 15:33:52', 't');
INSERT INTO "public"."in_out" VALUES ('13', '48', 'i', '2016-09-02 10:06:16', 't');
INSERT INTO "public"."in_out" VALUES ('13', '49', 'i', '2016-09-01 01:34:04', 't');
INSERT INTO "public"."in_out" VALUES ('13', '52', 'o', '2016-10-25 08:48:31', 't');
INSERT INTO "public"."in_out" VALUES ('13', '52', 'i', '2016-11-16 00:59:01', 't');
INSERT INTO "public"."in_out" VALUES ('14', '1', 'o', '2016-10-08 06:09:53', 't');
INSERT INTO "public"."in_out" VALUES ('14', '1', 'o', '2016-11-11 20:54:13', 't');
INSERT INTO "public"."in_out" VALUES ('14', '7', 'o', '2016-09-01 00:00:01', 't');
INSERT INTO "public"."in_out" VALUES ('14', '9', 'o', '2016-11-16 00:00:59', 't');
INSERT INTO "public"."in_out" VALUES ('14', '10', 'o', '2016-09-01 18:03:56', 't');
INSERT INTO "public"."in_out" VALUES ('14', '11', 'i', '2016-10-10 12:30:41', 't');
INSERT INTO "public"."in_out" VALUES ('14', '12', 'o', '2016-11-16 00:59:59', 't');
INSERT INTO "public"."in_out" VALUES ('14', '18', 'i', '2016-09-15 23:40:36', 't');
INSERT INTO "public"."in_out" VALUES ('14', '20', 'o', '2016-09-01 10:17:41', 't');
INSERT INTO "public"."in_out" VALUES ('14', '23', 'i', '2016-10-02 16:29:28', 'f');
INSERT INTO "public"."in_out" VALUES ('14', '24', 'i', '2016-10-15 00:03:53', 't');
INSERT INTO "public"."in_out" VALUES ('14', '26', 'o', '2016-09-07 09:28:31', 't');
INSERT INTO "public"."in_out" VALUES ('14', '27', 'i', '2016-10-11 08:00:56', 't');
INSERT INTO "public"."in_out" VALUES ('14', '34', 'i', '2016-10-29 22:12:49', 't');
INSERT INTO "public"."in_out" VALUES ('14', '34', 'i', '2016-11-07 04:25:41', 't');
INSERT INTO "public"."in_out" VALUES ('14', '36', 'i', '2016-09-01 00:00:50', 't');
INSERT INTO "public"."in_out" VALUES ('14', '43', 'i', '2016-10-01 00:58:01', 't');
INSERT INTO "public"."in_out" VALUES ('14', '44', 'i', '2016-10-24 19:10:38', 't');
INSERT INTO "public"."in_out" VALUES ('14', '44', 'i', '2016-11-05 01:56:55', 't');
INSERT INTO "public"."in_out" VALUES ('14', '46', 'i', '2016-11-16 23:00:00', 't');
INSERT INTO "public"."in_out" VALUES ('15', '11', 'o', '2016-10-12 11:07:29', 't');
INSERT INTO "public"."in_out" VALUES ('15', '13', 'o', '2016-09-15 01:36:49', 't');
INSERT INTO "public"."in_out" VALUES ('15', '14', 'o', '2016-11-10 15:05:18', 't');
INSERT INTO "public"."in_out" VALUES ('15', '17', 'i', '2016-09-28 00:45:59', 't');
INSERT INTO "public"."in_out" VALUES ('15', '17', 'i', '2016-10-19 06:31:48', 't');
INSERT INTO "public"."in_out" VALUES ('15', '17', 'i', '2016-10-23 02:10:40', 't');
INSERT INTO "public"."in_out" VALUES ('15', '27', 'i', '2016-09-01 00:00:02', 't');
INSERT INTO "public"."in_out" VALUES ('15', '27', 'o', '2016-10-07 01:31:45', 't');
INSERT INTO "public"."in_out" VALUES ('15', '30', 'o', '2016-10-14 09:34:41', 't');
INSERT INTO "public"."in_out" VALUES ('15', '33', 'o', '2016-09-01 00:00:49', 't');
INSERT INTO "public"."in_out" VALUES ('15', '35', 'o', '2016-09-01 00:00:56', 't');
INSERT INTO "public"."in_out" VALUES ('15', '37', 'i', '2016-09-01 23:00:00', 't');
INSERT INTO "public"."in_out" VALUES ('15', '39', 'o', '2016-10-11 15:40:20', 't');
INSERT INTO "public"."in_out" VALUES ('15', '40', 'o', '2016-11-06 17:28:07', 't');
INSERT INTO "public"."in_out" VALUES ('15', '43', 'i', '2016-11-16 00:00:00', 't');
INSERT INTO "public"."in_out" VALUES ('15', '44', 'o', '2016-11-06 18:09:16', 't');
INSERT INTO "public"."in_out" VALUES ('15', '47', 'i', '2016-09-17 02:04:07', 't');
INSERT INTO "public"."in_out" VALUES ('15', '48', 'o', '2016-09-21 02:09:55', 't');
INSERT INTO "public"."in_out" VALUES ('15', '48', 'i', '2016-09-26 18:27:17', 't');
INSERT INTO "public"."in_out" VALUES ('15', '50', 'i', '2016-11-16 00:00:01', 't');
INSERT INTO "public"."in_out" VALUES ('16', '2', 'i', '2016-09-01 00:00:02', 't');
INSERT INTO "public"."in_out" VALUES ('16', '2', 'o', '2016-10-31 18:30:12', 't');
INSERT INTO "public"."in_out" VALUES ('16', '4', 'i', '2016-09-01 00:00:04', 't');
INSERT INTO "public"."in_out" VALUES ('16', '5', 'i', '2016-09-01 23:59:00', 'f');
INSERT INTO "public"."in_out" VALUES ('16', '6', 'o', '2016-09-01 00:10:11', 't');
INSERT INTO "public"."in_out" VALUES ('16', '9', 'i', '2016-09-01 00:00:07', 't');
INSERT INTO "public"."in_out" VALUES ('16', '12', 'o', '2016-09-01 00:00:08', 't');
INSERT INTO "public"."in_out" VALUES ('16', '12', 'o', '2016-10-03 06:32:55', 't');
INSERT INTO "public"."in_out" VALUES ('16', '13', 'i', '2016-09-01 00:00:09', 't');
INSERT INTO "public"."in_out" VALUES ('16', '13', 'o', '2016-10-10 12:08:15', 't');
INSERT INTO "public"."in_out" VALUES ('16', '16', 'i', '2016-09-01 00:00:01', 't');
INSERT INTO "public"."in_out" VALUES ('16', '16', 'o', '2016-11-15 22:59:32', 't');
INSERT INTO "public"."in_out" VALUES ('16', '24', 'o', '2016-09-04 06:56:59', 't');
INSERT INTO "public"."in_out" VALUES ('16', '26', 'o', '2016-09-01 00:14:48', 't');
INSERT INTO "public"."in_out" VALUES ('16', '29', 'o', '2016-09-01 00:06:57', 't');
INSERT INTO "public"."in_out" VALUES ('16', '35', 'o', '2016-10-20 01:40:08', 't');
INSERT INTO "public"."in_out" VALUES ('16', '42', 'o', '2016-09-01 00:03:56', 't');
INSERT INTO "public"."in_out" VALUES ('16', '42', 'i', '2016-09-01 00:55:38', 't');
INSERT INTO "public"."in_out" VALUES ('16', '47', 'i', '2016-09-29 11:14:59', 't');
INSERT INTO "public"."in_out" VALUES ('16', '48', 'i', '2016-11-16 23:00:59', 't');
INSERT INTO "public"."in_out" VALUES ('17', '2', 'i', '2016-09-01 00:00:01', 't');
INSERT INTO "public"."in_out" VALUES ('17', '3', 'i', '2016-09-01 00:00:10', 't');
INSERT INTO "public"."in_out" VALUES ('17', '7', 'o', '2016-10-28 10:40:39', 't');
INSERT INTO "public"."in_out" VALUES ('17', '18', 'i', '2016-09-09 06:09:56', 't');
INSERT INTO "public"."in_out" VALUES ('17', '19', 'i', '2016-10-18 16:28:04', 't');
INSERT INTO "public"."in_out" VALUES ('17', '21', 'o', '2016-10-14 09:35:02', 't');
INSERT INTO "public"."in_out" VALUES ('17', '22', 'i', '2016-09-15 18:45:39', 't');
INSERT INTO "public"."in_out" VALUES ('17', '23', 'o', '2016-09-04 05:34:10', 't');
INSERT INTO "public"."in_out" VALUES ('17', '25', 'i', '2016-10-19 20:56:15', 't');
INSERT INTO "public"."in_out" VALUES ('17', '33', 'o', '2016-10-30 17:03:02', 't');
INSERT INTO "public"."in_out" VALUES ('17', '38', 'o', '2016-09-01 00:01:32', 't');
INSERT INTO "public"."in_out" VALUES ('17', '38', 'i', '2016-09-09 08:20:48', 't');
INSERT INTO "public"."in_out" VALUES ('17', '39', 'o', '2016-09-01 00:00:10', 't');
INSERT INTO "public"."in_out" VALUES ('17', '40', 'i', '2016-09-21 09:52:53', 't');
INSERT INTO "public"."in_out" VALUES ('17', '41', 'o', '2016-11-11 17:25:05', 't');
INSERT INTO "public"."in_out" VALUES ('17', '43', 'i', '2016-09-01 04:25:35', 't');
INSERT INTO "public"."in_out" VALUES ('17', '45', 'o', '2016-11-16 23:00:01', 't');
INSERT INTO "public"."in_out" VALUES ('17', '50', 'i', '2016-10-18 12:07:44', 'f');
INSERT INTO "public"."in_out" VALUES ('17', '51', 'i', '2016-09-26 10:58:39', 'f');
INSERT INTO "public"."in_out" VALUES ('17', '52', 'i', '2016-09-09 19:07:21', 't');
INSERT INTO "public"."in_out" VALUES ('18', '3', 'o', '2016-10-06 19:59:12', 't');
INSERT INTO "public"."in_out" VALUES ('18', '4', 'i', '2016-09-01 00:00:02', 't');
INSERT INTO "public"."in_out" VALUES ('18', '8', 'o', '2016-09-05 05:44:34', 't');
INSERT INTO "public"."in_out" VALUES ('18', '15', 'o', '2016-09-01 01:58:29', 't');
INSERT INTO "public"."in_out" VALUES ('18', '15', 'i', '2016-09-29 00:48:54', 't');
INSERT INTO "public"."in_out" VALUES ('18', '17', 'o', '2016-10-01 22:36:02', 't');
INSERT INTO "public"."in_out" VALUES ('18', '19', 'i', '2016-09-30 06:19:37', 't');
INSERT INTO "public"."in_out" VALUES ('18', '20', 'o', '2016-09-01 00:00:12', 't');
INSERT INTO "public"."in_out" VALUES ('18', '23', 'i', '2016-09-01 01:27:20', 't');
INSERT INTO "public"."in_out" VALUES ('18', '24', 'i', '2016-09-01 00:00:38', 't');
INSERT INTO "public"."in_out" VALUES ('18', '25', 'o', '2016-09-01 00:00:15', 't');
INSERT INTO "public"."in_out" VALUES ('18', '27', 'i', '2016-10-03 10:38:08', 't');
INSERT INTO "public"."in_out" VALUES ('18', '32', 'i', '2016-09-01 13:22:55', 't');
INSERT INTO "public"."in_out" VALUES ('18', '36', 'i', '2016-11-10 22:35:50', 'f');
INSERT INTO "public"."in_out" VALUES ('18', '38', 'o', '2016-09-01 00:05:34', 't');
INSERT INTO "public"."in_out" VALUES ('18', '39', 'o', '2016-09-19 12:37:19', 't');
INSERT INTO "public"."in_out" VALUES ('18', '44', 'i', '2016-09-01 23:59:59', 't');
INSERT INTO "public"."in_out" VALUES ('18', '49', 'i', '2016-09-19 18:23:22', 't');
INSERT INTO "public"."in_out" VALUES ('18', '49', 'o', '2016-10-30 18:05:19', 't');
INSERT INTO "public"."in_out" VALUES ('18', '50', 'i', '2016-11-01 13:26:47', 't');
INSERT INTO "public"."in_out" VALUES ('19', '1', 'i', '2016-09-01 00:14:28', 't');
INSERT INTO "public"."in_out" VALUES ('19', '4', 'o', '2016-11-16 00:59:00', 't');
INSERT INTO "public"."in_out" VALUES ('19', '6', 'i', '2016-09-01 00:15:53', 't');
INSERT INTO "public"."in_out" VALUES ('19', '8', 'o', '2016-09-10 10:03:00', 't');
INSERT INTO "public"."in_out" VALUES ('19', '8', 'i', '2016-10-17 21:48:22', 't');
INSERT INTO "public"."in_out" VALUES ('19', '10', 'i', '2016-09-03 11:03:12', 't');
INSERT INTO "public"."in_out" VALUES ('19', '13', 'o', '2016-09-01 00:59:01', 't');
INSERT INTO "public"."in_out" VALUES ('19', '19', 'o', '2016-11-15 05:07:41', 't');
INSERT INTO "public"."in_out" VALUES ('19', '21', 'i', '2016-09-01 00:00:04', 't');
INSERT INTO "public"."in_out" VALUES ('19', '21', 'o', '2016-09-01 00:00:06', 't');
INSERT INTO "public"."in_out" VALUES ('19', '22', 'i', '2016-10-02 16:00:39', 't');
INSERT INTO "public"."in_out" VALUES ('19', '23', 'o', '2016-09-01 01:38:59', 't');
INSERT INTO "public"."in_out" VALUES ('19', '25', 'o', '2016-09-01 00:00:37', 't');
INSERT INTO "public"."in_out" VALUES ('19', '25', 'i', '2016-11-16 23:59:00', 't');
INSERT INTO "public"."in_out" VALUES ('19', '28', 'i', '2016-09-01 13:34:22', 't');
INSERT INTO "public"."in_out" VALUES ('19', '32', 'o', '2016-09-01 00:00:08', 't');
INSERT INTO "public"."in_out" VALUES ('19', '32', 'o', '2016-09-07 12:16:27', 't');
INSERT INTO "public"."in_out" VALUES ('19', '38', 'i', '2016-10-25 11:57:23', 't');
INSERT INTO "public"."in_out" VALUES ('19', '41', 'i', '2016-09-01 00:08:25', 't');
INSERT INTO "public"."in_out" VALUES ('19', '46', 'i', '2016-09-01 00:00:10', 't');
INSERT INTO "public"."in_out" VALUES ('20', '1', 'i', '2016-09-19 22:33:31', 't');
INSERT INTO "public"."in_out" VALUES ('20', '2', 'i', '2016-09-21 13:56:04', 't');
INSERT INTO "public"."in_out" VALUES ('20', '5', 'i', '2016-09-01 04:55:30', 't');
INSERT INTO "public"."in_out" VALUES ('20', '12', 'i', '2016-09-06 14:12:37', 't');
INSERT INTO "public"."in_out" VALUES ('20', '14', 'i', '2016-09-01 00:00:08', 't');
INSERT INTO "public"."in_out" VALUES ('20', '15', 'o', '2016-09-13 20:01:28', 't');
INSERT INTO "public"."in_out" VALUES ('20', '20', 'o', '2016-09-01 00:59:59', 't');
INSERT INTO "public"."in_out" VALUES ('20', '26', 'i', '2016-11-05 04:05:41', 't');
INSERT INTO "public"."in_out" VALUES ('20', '28', 'o', '2016-09-01 01:41:58', 't');
INSERT INTO "public"."in_out" VALUES ('20', '29', 'o', '2016-09-04 22:00:00', 't');
INSERT INTO "public"."in_out" VALUES ('20', '31', 'i', '2016-09-05 03:55:15', 't');
INSERT INTO "public"."in_out" VALUES ('20', '35', 'o', '2016-10-28 21:25:30', 't');
INSERT INTO "public"."in_out" VALUES ('20', '37', 'i', '2016-09-01 00:00:11', 't');
INSERT INTO "public"."in_out" VALUES ('20', '39', 'o', '2016-11-16 23:59:59', 't');
INSERT INTO "public"."in_out" VALUES ('20', '42', 'i', '2016-09-18 13:33:24', 't');
INSERT INTO "public"."in_out" VALUES ('20', '45', 'i', '2016-09-11 23:43:52', 't');
INSERT INTO "public"."in_out" VALUES ('20', '47', 'i', '2016-09-10 04:07:30', 't');
INSERT INTO "public"."in_out" VALUES ('20', '51', 'i', '2016-09-01 23:00:59', 't');
INSERT INTO "public"."in_out" VALUES ('20', '51', 'o', '2016-10-02 03:06:24', 't');
INSERT INTO "public"."in_out" VALUES ('20', '51', 'i', '2016-10-27 09:48:06', 't');
INSERT INTO "public"."in_out" VALUES ('21', '1', 'o', '2016-09-17 21:16:39', 't');
INSERT INTO "public"."in_out" VALUES ('21', '1', 'o', '2016-11-02 17:23:25', 't');
INSERT INTO "public"."in_out" VALUES ('21', '1', 'i', '2016-11-12 13:30:54', 't');
INSERT INTO "public"."in_out" VALUES ('21', '2', 'i', '2016-09-12 18:24:45', 't');
INSERT INTO "public"."in_out" VALUES ('21', '2', 'o', '2016-09-28 21:01:30', 't');
INSERT INTO "public"."in_out" VALUES ('21', '4', 'i', '2016-09-01 00:11:40', 't');
INSERT INTO "public"."in_out" VALUES ('21', '4', 'o', '2016-09-08 16:12:43', 't');
INSERT INTO "public"."in_out" VALUES ('21', '4', 'i', '2016-09-17 11:43:36', 't');
INSERT INTO "public"."in_out" VALUES ('21', '5', 'i', '2016-09-03 14:14:57', 't');
INSERT INTO "public"."in_out" VALUES ('21', '5', 'o', '2016-11-12 15:05:03', 't');
INSERT INTO "public"."in_out" VALUES ('21', '6', 'o', '2016-09-11 08:50:49', 't');
INSERT INTO "public"."in_out" VALUES ('21', '7', 'o', '2016-09-01 00:03:20', 'f');
INSERT INTO "public"."in_out" VALUES ('21', '8', 'o', '2016-09-21 06:41:11', 't');
INSERT INTO "public"."in_out" VALUES ('21', '8', 'o', '2016-09-23 14:51:22', 't');
INSERT INTO "public"."in_out" VALUES ('21', '8', 'i', '2016-10-12 04:19:49', 'f');
INSERT INTO "public"."in_out" VALUES ('21', '10', 'i', '2016-09-30 18:14:03', 't');
INSERT INTO "public"."in_out" VALUES ('21', '12', 'i', '2016-09-10 15:29:51', 't');
INSERT INTO "public"."in_out" VALUES ('21', '13', 'i', '2016-09-01 01:56:55', 't');
INSERT INTO "public"."in_out" VALUES ('21', '14', 'i', '2016-09-30 21:46:32', 't');
INSERT INTO "public"."in_out" VALUES ('21', '14', 'i', '2016-10-17 02:20:06', 't');
INSERT INTO "public"."in_out" VALUES ('21', '15', 'i', '2016-11-15 14:42:12', 't');
INSERT INTO "public"."in_out" VALUES ('21', '16', 'i', '2016-09-01 23:00:59', 't');
INSERT INTO "public"."in_out" VALUES ('21', '16', 'o', '2016-10-09 16:02:32', 't');
INSERT INTO "public"."in_out" VALUES ('21', '17', 'o', '2016-09-12 07:01:15', 't');
INSERT INTO "public"."in_out" VALUES ('21', '18', 'i', '2016-09-01 00:00:03', 't');
INSERT INTO "public"."in_out" VALUES ('21', '18', 'i', '2016-09-01 00:00:49', 't');
INSERT INTO "public"."in_out" VALUES ('21', '18', 'i', '2016-09-03 12:56:30', 't');
INSERT INTO "public"."in_out" VALUES ('21', '18', 'i', '2016-11-16 23:59:00', 't');
INSERT INTO "public"."in_out" VALUES ('21', '19', 'o', '2016-09-01 00:00:10', 't');
INSERT INTO "public"."in_out" VALUES ('21', '20', 'o', '2016-11-16 22:52:52', 't');
INSERT INTO "public"."in_out" VALUES ('21', '22', 'i', '2016-10-14 06:17:55', 't');
INSERT INTO "public"."in_out" VALUES ('21', '22', 'o', '2016-11-16 23:59:01', 't');
INSERT INTO "public"."in_out" VALUES ('21', '23', 'i', '2016-09-30 17:16:35', 't');
INSERT INTO "public"."in_out" VALUES ('21', '24', 'i', '2016-09-16 08:57:06', 't');
INSERT INTO "public"."in_out" VALUES ('21', '24', 'o', '2016-10-23 14:34:22', 't');
INSERT INTO "public"."in_out" VALUES ('21', '25', 'i', '2016-09-01 00:15:05', 't');
INSERT INTO "public"."in_out" VALUES ('21', '25', 'o', '2016-10-08 12:36:40', 't');
INSERT INTO "public"."in_out" VALUES ('21', '25', 'o', '2016-10-31 12:28:10', 't');
INSERT INTO "public"."in_out" VALUES ('21', '25', 'i', '2016-11-10 18:15:02', 't');
INSERT INTO "public"."in_out" VALUES ('21', '26', 'o', '2016-09-01 00:00:18', 'f');
INSERT INTO "public"."in_out" VALUES ('21', '26', 'o', '2016-11-13 07:48:55', 't');
INSERT INTO "public"."in_out" VALUES ('21', '27', 'i', '2016-09-01 00:05:58', 't');
INSERT INTO "public"."in_out" VALUES ('21', '28', 'o', '2016-10-05 09:45:34', 't');
INSERT INTO "public"."in_out" VALUES ('21', '28', 'i', '2016-11-16 03:21:35', 't');
INSERT INTO "public"."in_out" VALUES ('21', '29', 'i', '2016-10-10 06:29:20', 't');
INSERT INTO "public"."in_out" VALUES ('21', '30', 'o', '2016-09-01 00:00:06', 't');
INSERT INTO "public"."in_out" VALUES ('21', '30', 'i', '2016-11-06 01:07:36', 't');
INSERT INTO "public"."in_out" VALUES ('21', '32', 'i', '2016-09-01 00:00:57', 't');
INSERT INTO "public"."in_out" VALUES ('21', '32', 'o', '2016-09-03 20:27:54', 't');
INSERT INTO "public"."in_out" VALUES ('21', '33', 'i', '2016-11-08 08:27:43', 't');
INSERT INTO "public"."in_out" VALUES ('21', '34', 'i', '2016-09-28 01:49:23', 't');
INSERT INTO "public"."in_out" VALUES ('21', '36', 'i', '2016-09-06 14:50:02', 't');
INSERT INTO "public"."in_out" VALUES ('21', '36', 'o', '2016-10-16 02:25:37', 't');
INSERT INTO "public"."in_out" VALUES ('21', '37', 'i', '2016-09-15 11:48:05', 't');
INSERT INTO "public"."in_out" VALUES ('21', '38', 'i', '2016-09-01 00:00:03', 't');
INSERT INTO "public"."in_out" VALUES ('21', '38', 'o', '2016-09-01 00:42:43', 't');
INSERT INTO "public"."in_out" VALUES ('21', '38', 'i', '2016-11-10 08:06:23', 't');
INSERT INTO "public"."in_out" VALUES ('21', '39', 'i', '2016-10-20 00:22:51', 't');
INSERT INTO "public"."in_out" VALUES ('21', '39', 'o', '2016-11-03 23:57:55', 't');
INSERT INTO "public"."in_out" VALUES ('21', '41', 'o', '2016-10-06 19:04:45', 't');
INSERT INTO "public"."in_out" VALUES ('21', '41', 'o', '2016-11-16 23:00:00', 't');
INSERT INTO "public"."in_out" VALUES ('21', '42', 'o', '2016-09-03 19:00:32', 't');
INSERT INTO "public"."in_out" VALUES ('21', '42', 'o', '2016-10-03 04:09:12', 't');
INSERT INTO "public"."in_out" VALUES ('21', '42', 'o', '2016-10-12 23:08:42', 't');
INSERT INTO "public"."in_out" VALUES ('21', '42', 'i', '2016-11-02 23:59:18', 't');
INSERT INTO "public"."in_out" VALUES ('21', '42', 'i', '2016-11-12 21:49:57', 't');
INSERT INTO "public"."in_out" VALUES ('21', '43', 'i', '2016-09-23 20:10:36', 't');
INSERT INTO "public"."in_out" VALUES ('21', '43', 'i', '2016-10-18 19:21:55', 't');
INSERT INTO "public"."in_out" VALUES ('21', '43', 'o', '2016-11-11 07:17:48', 't');
INSERT INTO "public"."in_out" VALUES ('21', '44', 'o', '2016-09-01 02:02:28', 't');
INSERT INTO "public"."in_out" VALUES ('21', '44', 'o', '2016-09-26 09:00:34', 't');
INSERT INTO "public"."in_out" VALUES ('21', '45', 'i', '2016-09-01 00:00:10', 'f');
INSERT INTO "public"."in_out" VALUES ('21', '45', 'o', '2016-09-01 10:30:09', 't');
INSERT INTO "public"."in_out" VALUES ('21', '45', 'o', '2016-10-14 18:24:33', 't');
INSERT INTO "public"."in_out" VALUES ('21', '46', 'o', '2016-10-20 11:02:22', 't');
INSERT INTO "public"."in_out" VALUES ('21', '46', 'i', '2016-11-05 21:34:02', 't');
INSERT INTO "public"."in_out" VALUES ('21', '48', 'o', '2016-09-01 00:12:10', 't');
INSERT INTO "public"."in_out" VALUES ('21', '49', 'i', '2016-10-14 09:01:17', 't');
INSERT INTO "public"."in_out" VALUES ('21', '50', 'o', '2016-09-01 00:11:25', 't');
INSERT INTO "public"."in_out" VALUES ('21', '51', 'o', '2016-09-01 18:33:14', 't');
INSERT INTO "public"."in_out" VALUES ('21', '51', 'i', '2016-09-19 02:40:31', 't');
INSERT INTO "public"."in_out" VALUES ('21', '51', 'i', '2016-11-03 11:54:18', 't');
INSERT INTO "public"."in_out" VALUES ('21', '52', 'o', '2016-09-09 21:20:56', 't');
INSERT INTO "public"."in_out" VALUES ('22', '1', 'i', '2016-09-01 00:00:04', 't');
INSERT INTO "public"."in_out" VALUES ('22', '2', 'i', '2016-09-15 09:43:03', 't');
INSERT INTO "public"."in_out" VALUES ('22', '2', 'o', '2016-10-18 09:16:56', 't');
INSERT INTO "public"."in_out" VALUES ('22', '3', 'i', '2016-09-04 06:31:54', 't');
INSERT INTO "public"."in_out" VALUES ('22', '3', 'i', '2016-09-10 13:42:13', 't');
INSERT INTO "public"."in_out" VALUES ('22', '3', 'o', '2016-10-26 20:41:44', 't');
INSERT INTO "public"."in_out" VALUES ('22', '4', 'o', '2016-10-15 19:34:20', 't');
INSERT INTO "public"."in_out" VALUES ('22', '4', 'o', '2016-11-09 15:55:43', 't');
INSERT INTO "public"."in_out" VALUES ('22', '5', 'i', '2016-09-01 00:16:16', 't');
INSERT INTO "public"."in_out" VALUES ('22', '5', 'i', '2016-10-29 10:27:40', 't');
INSERT INTO "public"."in_out" VALUES ('22', '5', 'i', '2016-11-04 07:47:59', 't');
INSERT INTO "public"."in_out" VALUES ('22', '6', 'o', '2016-09-20 10:53:32', 't');
INSERT INTO "public"."in_out" VALUES ('22', '6', 'i', '2016-10-02 20:44:03', 't');
INSERT INTO "public"."in_out" VALUES ('22', '7', 'o', '2016-10-14 02:41:46', 't');
INSERT INTO "public"."in_out" VALUES ('22', '8', 'o', '2016-11-03 08:12:06', 't');
INSERT INTO "public"."in_out" VALUES ('22', '9', 'o', '2016-10-19 09:12:55', 't');
INSERT INTO "public"."in_out" VALUES ('22', '10', 'o', '2016-09-01 00:13:41', 'f');
INSERT INTO "public"."in_out" VALUES ('22', '10', 'i', '2016-09-01 01:06:02', 'f');
INSERT INTO "public"."in_out" VALUES ('22', '11', 'i', '2016-09-25 08:59:40', 't');
INSERT INTO "public"."in_out" VALUES ('22', '11', 'i', '2016-10-02 01:55:19', 't');
INSERT INTO "public"."in_out" VALUES ('22', '11', 'o', '2016-11-07 16:39:47', 't');
INSERT INTO "public"."in_out" VALUES ('22', '12', 'i', '2016-09-01 00:05:44', 't');
INSERT INTO "public"."in_out" VALUES ('22', '13', 'i', '2016-09-10 20:53:38', 't');
INSERT INTO "public"."in_out" VALUES ('22', '13', 'i', '2016-10-31 17:15:04', 't');
INSERT INTO "public"."in_out" VALUES ('22', '14', 'i', '2016-09-27 13:18:31', 't');
INSERT INTO "public"."in_out" VALUES ('22', '14', 'o', '2016-10-12 05:09:37', 't');
INSERT INTO "public"."in_out" VALUES ('22', '15', 'o', '2016-10-06 07:01:17', 'f');
INSERT INTO "public"."in_out" VALUES ('22', '16', 'o', '2016-10-17 08:59:58', 't');
INSERT INTO "public"."in_out" VALUES ('22', '17', 'o', '2016-09-01 00:00:03', 't');
INSERT INTO "public"."in_out" VALUES ('22', '17', 'i', '2016-09-01 00:01:39', 't');
INSERT INTO "public"."in_out" VALUES ('22', '18', 'o', '2016-10-13 06:54:22', 't');
INSERT INTO "public"."in_out" VALUES ('22', '19', 'i', '2016-09-01 02:10:05', 't');
INSERT INTO "public"."in_out" VALUES ('22', '20', 'i', '2016-09-01 00:01:18', 't');
INSERT INTO "public"."in_out" VALUES ('22', '20', 'o', '2016-09-24 18:46:46', 't');
INSERT INTO "public"."in_out" VALUES ('22', '22', 'o', '2016-09-15 13:25:21', 't');
INSERT INTO "public"."in_out" VALUES ('22', '22', 'i', '2016-09-22 18:24:07', 't');
INSERT INTO "public"."in_out" VALUES ('22', '22', 'o', '2016-09-25 12:29:25', 't');
INSERT INTO "public"."in_out" VALUES ('22', '22', 'o', '2016-09-26 03:41:52', 't');
INSERT INTO "public"."in_out" VALUES ('22', '23', 'i', '2016-09-06 12:17:21', 't');
INSERT INTO "public"."in_out" VALUES ('22', '23', 'i', '2016-10-13 06:39:05', 't');
INSERT INTO "public"."in_out" VALUES ('22', '24', 'o', '2016-09-04 10:35:58', 't');
INSERT INTO "public"."in_out" VALUES ('22', '26', 'i', '2016-09-01 01:43:23', 't');
INSERT INTO "public"."in_out" VALUES ('22', '26', 'o', '2016-10-02 03:51:07', 't');
INSERT INTO "public"."in_out" VALUES ('22', '27', 'i', '2016-09-01 00:00:30', 't');
INSERT INTO "public"."in_out" VALUES ('22', '27', 'o', '2016-10-04 08:25:16', 't');
INSERT INTO "public"."in_out" VALUES ('22', '27', 'o', '2016-10-25 12:48:05', 't');
INSERT INTO "public"."in_out" VALUES ('22', '28', 'o', '2016-10-30 15:11:19', 't');
INSERT INTO "public"."in_out" VALUES ('22', '29', 'o', '2016-09-01 00:00:27', 't');
INSERT INTO "public"."in_out" VALUES ('22', '29', 'i', '2016-09-01 11:16:22', 't');
INSERT INTO "public"."in_out" VALUES ('22', '31', 'o', '2016-09-01 03:21:16', 't');
INSERT INTO "public"."in_out" VALUES ('22', '31', 'i', '2016-10-26 14:20:22', 't');
INSERT INTO "public"."in_out" VALUES ('22', '33', 'i', '2016-09-22 21:44:07', 't');
INSERT INTO "public"."in_out" VALUES ('22', '33', 'i', '2016-11-16 12:00:21', 't');
INSERT INTO "public"."in_out" VALUES ('22', '34', 'i', '2016-09-01 03:47:25', 't');
INSERT INTO "public"."in_out" VALUES ('22', '34', 'i', '2016-11-04 19:45:50', 't');
INSERT INTO "public"."in_out" VALUES ('22', '35', 'o', '2016-09-03 16:41:29', 't');
INSERT INTO "public"."in_out" VALUES ('22', '35', 'i', '2016-09-23 23:38:21', 't');
INSERT INTO "public"."in_out" VALUES ('22', '35', 'i', '2016-10-20 21:48:05', 't');
INSERT INTO "public"."in_out" VALUES ('22', '37', 'o', '2016-10-14 03:47:42', 't');
INSERT INTO "public"."in_out" VALUES ('22', '37', 'o', '2016-11-11 14:48:27', 't');
INSERT INTO "public"."in_out" VALUES ('22', '38', 'o', '2016-09-01 00:00:58', 't');
INSERT INTO "public"."in_out" VALUES ('22', '38', 'i', '2016-09-02 09:07:09', 't');
INSERT INTO "public"."in_out" VALUES ('22', '39', 'o', '2016-10-01 19:27:08', 't');
INSERT INTO "public"."in_out" VALUES ('22', '40', 'o', '2016-09-27 00:54:02', 't');
INSERT INTO "public"."in_out" VALUES ('22', '41', 'o', '2016-09-01 00:00:02', 't');
INSERT INTO "public"."in_out" VALUES ('22', '42', 'o', '2016-09-04 17:18:02', 't');
INSERT INTO "public"."in_out" VALUES ('22', '42', 'o', '2016-10-13 01:31:28', 't');
INSERT INTO "public"."in_out" VALUES ('22', '42', 'i', '2016-11-01 15:23:40', 't');
INSERT INTO "public"."in_out" VALUES ('22', '43', 'i', '2016-09-27 07:28:24', 't');
INSERT INTO "public"."in_out" VALUES ('22', '44', 'o', '2016-09-01 00:02:39', 't');
INSERT INTO "public"."in_out" VALUES ('22', '44', 'i', '2016-09-02 23:53:26', 't');
INSERT INTO "public"."in_out" VALUES ('22', '45', 'o', '2016-09-28 22:22:06', 't');
INSERT INTO "public"."in_out" VALUES ('22', '46', 'i', '2016-09-01 01:57:25', 't');
INSERT INTO "public"."in_out" VALUES ('22', '46', 'i', '2016-09-01 22:24:41', 't');
INSERT INTO "public"."in_out" VALUES ('22', '47', 'o', '2016-09-15 01:48:13', 't');
INSERT INTO "public"."in_out" VALUES ('22', '49', 'i', '2016-09-01 00:00:02', 't');
INSERT INTO "public"."in_out" VALUES ('22', '49', 'i', '2016-09-01 03:04:14', 't');
INSERT INTO "public"."in_out" VALUES ('22', '49', 'i', '2016-11-07 04:57:50', 't');
INSERT INTO "public"."in_out" VALUES ('22', '50', 'o', '2016-09-06 12:49:16', 't');
INSERT INTO "public"."in_out" VALUES ('22', '50', 'i', '2016-09-30 01:10:12', 'f');
INSERT INTO "public"."in_out" VALUES ('22', '50', 'o', '2016-11-06 10:58:49', 't');
INSERT INTO "public"."in_out" VALUES ('22', '52', 'o', '2016-10-16 17:42:51', 't');
INSERT INTO "public"."in_out" VALUES ('22', '52', 'o', '2016-11-07 16:54:34', 't');
INSERT INTO "public"."in_out" VALUES ('23', '1', 'i', '2016-09-01 12:21:13', 't');
INSERT INTO "public"."in_out" VALUES ('23', '1', 'o', '2016-10-23 09:37:25', 't');
INSERT INTO "public"."in_out" VALUES ('23', '1', 'i', '2016-11-03 04:43:40', 't');
INSERT INTO "public"."in_out" VALUES ('23', '2', 'o', '2016-09-01 00:01:11', 't');
INSERT INTO "public"."in_out" VALUES ('23', '3', 'i', '2016-09-30 14:34:54', 't');
INSERT INTO "public"."in_out" VALUES ('23', '3', 'o', '2016-11-07 12:38:47', 't');
INSERT INTO "public"."in_out" VALUES ('23', '4', 'i', '2016-09-24 22:15:04', 't');
INSERT INTO "public"."in_out" VALUES ('23', '4', 'i', '2016-11-16 23:59:59', 't');
INSERT INTO "public"."in_out" VALUES ('23', '6', 'o', '2016-09-04 12:21:20', 't');
INSERT INTO "public"."in_out" VALUES ('23', '7', 'o', '2016-09-01 00:00:42', 'f');
INSERT INTO "public"."in_out" VALUES ('23', '7', 'o', '2016-09-09 08:33:34', 't');
INSERT INTO "public"."in_out" VALUES ('23', '7', 'i', '2016-09-11 23:43:17', 't');
INSERT INTO "public"."in_out" VALUES ('23', '7', 'i', '2016-09-12 09:02:49', 'f');
INSERT INTO "public"."in_out" VALUES ('23', '7', 'i', '2016-09-15 05:01:56', 't');
INSERT INTO "public"."in_out" VALUES ('23', '8', 'o', '2016-09-01 00:14:15', 't');
INSERT INTO "public"."in_out" VALUES ('23', '10', 'i', '2016-09-22 03:29:32', 't');
INSERT INTO "public"."in_out" VALUES ('23', '11', 'o', '2016-09-01 00:00:58', 't');
INSERT INTO "public"."in_out" VALUES ('23', '12', 'i', '2016-09-13 22:02:17', 't');
INSERT INTO "public"."in_out" VALUES ('23', '12', 'o', '2016-11-01 22:35:19', 't');
INSERT INTO "public"."in_out" VALUES ('23', '13', 'i', '2016-10-14 20:09:41', 't');
INSERT INTO "public"."in_out" VALUES ('23', '15', 'i', '2016-09-19 22:08:45', 't');
INSERT INTO "public"."in_out" VALUES ('23', '15', 'i', '2016-10-31 14:34:09', 't');
INSERT INTO "public"."in_out" VALUES ('23', '16', 'i', '2016-09-03 17:17:40', 't');
INSERT INTO "public"."in_out" VALUES ('23', '16', 'i', '2016-09-27 07:11:17', 't');
INSERT INTO "public"."in_out" VALUES ('23', '17', 'o', '2016-09-25 02:59:47', 't');
INSERT INTO "public"."in_out" VALUES ('23', '17', 'i', '2016-11-11 00:41:39', 't');
INSERT INTO "public"."in_out" VALUES ('23', '18', 'o', '2016-09-01 10:57:42', 't');
INSERT INTO "public"."in_out" VALUES ('23', '19', 'o', '2016-09-15 05:44:24', 't');
INSERT INTO "public"."in_out" VALUES ('23', '20', 'i', '2016-09-01 00:59:01', 't');
INSERT INTO "public"."in_out" VALUES ('23', '21', 'i', '2016-09-05 17:13:36', 't');
INSERT INTO "public"."in_out" VALUES ('23', '21', 'o', '2016-10-16 14:02:00', 'f');
INSERT INTO "public"."in_out" VALUES ('23', '23', 'i', '2016-09-01 00:00:01', 't');
INSERT INTO "public"."in_out" VALUES ('23', '23', 'i', '2016-09-08 04:56:25', 't');
INSERT INTO "public"."in_out" VALUES ('23', '23', 'o', '2016-09-30 02:14:29', 't');
INSERT INTO "public"."in_out" VALUES ('23', '24', 'o', '2016-09-16 08:32:29', 'f');
INSERT INTO "public"."in_out" VALUES ('23', '25', 'i', '2016-09-09 12:57:41', 't');
INSERT INTO "public"."in_out" VALUES ('23', '27', 'o', '2016-09-24 04:42:43', 't');
INSERT INTO "public"."in_out" VALUES ('23', '27', 'o', '2016-09-30 07:53:12', 't');
INSERT INTO "public"."in_out" VALUES ('23', '28', 'o', '2016-09-01 00:35:20', 't');
INSERT INTO "public"."in_out" VALUES ('23', '29', 'i', '2016-09-09 21:01:24', 't');
INSERT INTO "public"."in_out" VALUES ('23', '29', 'o', '2016-09-19 21:03:20', 't');
INSERT INTO "public"."in_out" VALUES ('23', '29', 'o', '2016-10-12 13:30:18', 't');
INSERT INTO "public"."in_out" VALUES ('23', '30', 'o', '2016-09-01 00:17:07', 't');
INSERT INTO "public"."in_out" VALUES ('23', '30', 'i', '2016-09-09 14:39:06', 't');
INSERT INTO "public"."in_out" VALUES ('23', '31', 'i', '2016-09-01 00:00:01', 't');
INSERT INTO "public"."in_out" VALUES ('23', '31', 'o', '2016-09-01 00:00:36', 't');
INSERT INTO "public"."in_out" VALUES ('23', '33', 'o', '2016-09-01 23:00:01', 't');
INSERT INTO "public"."in_out" VALUES ('23', '33', 'o', '2016-09-03 12:04:51', 't');
INSERT INTO "public"."in_out" VALUES ('23', '33', 'o', '2016-09-04 13:20:08', 't');
INSERT INTO "public"."in_out" VALUES ('23', '33', 'i', '2016-09-16 10:23:46', 't');
INSERT INTO "public"."in_out" VALUES ('23', '34', 'o', '2016-10-02 13:15:44', 'f');
INSERT INTO "public"."in_out" VALUES ('23', '34', 'i', '2016-10-04 21:58:41', 't');
INSERT INTO "public"."in_out" VALUES ('23', '35', 'o', '2016-09-01 01:39:05', 't');
INSERT INTO "public"."in_out" VALUES ('23', '35', 'i', '2016-09-01 13:29:14', 't');
INSERT INTO "public"."in_out" VALUES ('23', '36', 'o', '2016-09-01 00:28:39', 't');
INSERT INTO "public"."in_out" VALUES ('23', '36', 'i', '2016-09-04 16:52:29', 't');
INSERT INTO "public"."in_out" VALUES ('23', '36', 'o', '2016-11-16 00:59:00', 't');
INSERT INTO "public"."in_out" VALUES ('23', '37', 'i', '2016-09-01 00:15:29', 't');
INSERT INTO "public"."in_out" VALUES ('23', '37', 'o', '2016-10-02 05:27:18', 't');
INSERT INTO "public"."in_out" VALUES ('23', '37', 'o', '2016-10-15 07:11:01', 't');
INSERT INTO "public"."in_out" VALUES ('23', '37', 'i', '2016-10-29 12:15:09', 't');
INSERT INTO "public"."in_out" VALUES ('23', '38', 'i', '2016-10-21 14:44:09', 't');
INSERT INTO "public"."in_out" VALUES ('23', '39', 'o', '2016-09-01 00:00:08', 't');
INSERT INTO "public"."in_out" VALUES ('23', '40', 'o', '2016-11-11 13:48:36', 't');
INSERT INTO "public"."in_out" VALUES ('23', '41', 'o', '2016-09-01 00:00:05', 't');
INSERT INTO "public"."in_out" VALUES ('23', '41', 'o', '2016-09-12 08:02:52', 't');
INSERT INTO "public"."in_out" VALUES ('23', '41', 'o', '2016-10-06 11:01:44', 't');
INSERT INTO "public"."in_out" VALUES ('23', '41', 'o', '2016-10-14 09:39:14', 't');
INSERT INTO "public"."in_out" VALUES ('23', '41', 'o', '2016-10-15 08:03:24', 't');
INSERT INTO "public"."in_out" VALUES ('23', '44', 'o', '2016-10-16 09:55:36', 't');
INSERT INTO "public"."in_out" VALUES ('23', '45', 'o', '2016-09-01 00:59:00', 't');
INSERT INTO "public"."in_out" VALUES ('23', '47', 'o', '2016-09-01 00:00:03', 't');
INSERT INTO "public"."in_out" VALUES ('23', '47', 'i', '2016-10-08 16:50:53', 'f');
INSERT INTO "public"."in_out" VALUES ('23', '48', 'o', '2016-09-01 01:02:46', 'f');
INSERT INTO "public"."in_out" VALUES ('23', '48', 'o', '2016-09-09 12:34:24', 't');
INSERT INTO "public"."in_out" VALUES ('23', '49', 'i', '2016-09-01 00:01:14', 't');
INSERT INTO "public"."in_out" VALUES ('23', '49', 'i', '2016-10-07 07:30:43', 't');
INSERT INTO "public"."in_out" VALUES ('23', '50', 'i', '2016-11-09 01:09:28', 't');
INSERT INTO "public"."in_out" VALUES ('23', '51', 'o', '2016-09-01 00:09:51', 't');
INSERT INTO "public"."in_out" VALUES ('23', '51', 'i', '2016-09-01 20:20:44', 't');
INSERT INTO "public"."in_out" VALUES ('23', '51', 'i', '2016-10-13 05:54:42', 'f');
INSERT INTO "public"."in_out" VALUES ('23', '51', 'o', '2016-10-18 14:37:52', 't');
INSERT INTO "public"."in_out" VALUES ('23', '52', 'i', '2016-09-01 00:00:03', 't');
INSERT INTO "public"."in_out" VALUES ('23', '52', 'o', '2016-09-27 15:40:31', 't');
INSERT INTO "public"."in_out" VALUES ('24', '1', 'o', '2016-11-01 06:24:39', 't');
INSERT INTO "public"."in_out" VALUES ('24', '2', 'o', '2016-09-01 00:12:29', 't');
INSERT INTO "public"."in_out" VALUES ('24', '2', 'i', '2016-10-15 18:11:30', 't');
INSERT INTO "public"."in_out" VALUES ('24', '2', 'i', '2016-10-27 21:28:07', 't');
INSERT INTO "public"."in_out" VALUES ('24', '3', 'o', '2016-09-01 01:38:17', 't');
INSERT INTO "public"."in_out" VALUES ('24', '4', 'o', '2016-09-01 00:49:54', 't');
INSERT INTO "public"."in_out" VALUES ('24', '4', 'i', '2016-11-15 05:51:42', 't');
INSERT INTO "public"."in_out" VALUES ('24', '5', 'i', '2016-09-08 10:48:39', 't');
INSERT INTO "public"."in_out" VALUES ('24', '6', 'o', '2016-09-01 00:00:04', 't');
INSERT INTO "public"."in_out" VALUES ('24', '6', 'i', '2016-09-09 05:18:19', 't');
INSERT INTO "public"."in_out" VALUES ('24', '8', 'o', '2016-09-08 10:25:51', 't');
INSERT INTO "public"."in_out" VALUES ('24', '8', 'i', '2016-10-07 11:31:01', 't');
INSERT INTO "public"."in_out" VALUES ('24', '8', 'i', '2016-11-04 02:05:37', 't');
INSERT INTO "public"."in_out" VALUES ('24', '9', 'i', '2016-09-01 00:01:35', 't');
INSERT INTO "public"."in_out" VALUES ('24', '9', 'i', '2016-09-01 22:46:58', 'f');
INSERT INTO "public"."in_out" VALUES ('24', '9', 'o', '2016-10-21 02:01:49', 'f');
INSERT INTO "public"."in_out" VALUES ('24', '10', 'o', '2016-10-19 11:59:59', 't');
INSERT INTO "public"."in_out" VALUES ('24', '11', 'i', '2016-09-01 00:01:14', 't');
INSERT INTO "public"."in_out" VALUES ('24', '11', 'i', '2016-09-10 11:16:17', 't');
INSERT INTO "public"."in_out" VALUES ('24', '11', 'i', '2016-10-13 15:00:48', 't');
INSERT INTO "public"."in_out" VALUES ('24', '12', 'i', '2016-09-16 15:12:32', 't');
INSERT INTO "public"."in_out" VALUES ('24', '12', 'o', '2016-09-27 21:48:11', 't');
INSERT INTO "public"."in_out" VALUES ('24', '12', 'o', '2016-10-10 12:56:09', 't');
INSERT INTO "public"."in_out" VALUES ('24', '12', 'o', '2016-10-22 20:58:40', 't');
INSERT INTO "public"."in_out" VALUES ('24', '13', 'o', '2016-09-29 18:40:46', 't');
INSERT INTO "public"."in_out" VALUES ('24', '14', 'i', '2016-09-02 23:03:56', 't');
INSERT INTO "public"."in_out" VALUES ('24', '15', 'o', '2016-09-01 21:15:33', 't');
INSERT INTO "public"."in_out" VALUES ('24', '15', 'o', '2016-09-09 12:52:57', 't');
INSERT INTO "public"."in_out" VALUES ('24', '15', 'o', '2016-11-03 02:52:48', 't');
INSERT INTO "public"."in_out" VALUES ('24', '16', 'o', '2016-09-12 07:56:06', 't');
INSERT INTO "public"."in_out" VALUES ('24', '16', 'i', '2016-11-13 00:41:37', 't');
INSERT INTO "public"."in_out" VALUES ('24', '18', 'o', '2016-10-04 21:52:58', 't');
INSERT INTO "public"."in_out" VALUES ('24', '19', 'o', '2016-09-01 00:01:13', 't');
INSERT INTO "public"."in_out" VALUES ('24', '19', 'o', '2016-09-01 01:42:04', 't');
INSERT INTO "public"."in_out" VALUES ('24', '19', 'o', '2016-09-21 10:17:38', 't');
INSERT INTO "public"."in_out" VALUES ('24', '19', 'i', '2016-10-23 08:32:46', 't');
INSERT INTO "public"."in_out" VALUES ('24', '20', 'i', '2016-10-28 21:57:43', 't');
INSERT INTO "public"."in_out" VALUES ('24', '20', 'i', '2016-10-29 10:02:38', 't');
INSERT INTO "public"."in_out" VALUES ('24', '21', 'i', '2016-09-21 06:49:44', 't');
INSERT INTO "public"."in_out" VALUES ('24', '21', 'i', '2016-10-24 19:03:06', 't');
INSERT INTO "public"."in_out" VALUES ('24', '22', 'i', '2016-10-16 20:26:25', 't');
INSERT INTO "public"."in_out" VALUES ('24', '22', 'o', '2016-11-14 12:07:39', 't');
INSERT INTO "public"."in_out" VALUES ('24', '24', 'i', '2016-09-13 18:17:26', 'f');
INSERT INTO "public"."in_out" VALUES ('24', '24', 'i', '2016-09-14 19:12:25', 'f');
INSERT INTO "public"."in_out" VALUES ('24', '24', 'o', '2016-09-25 02:58:26', 't');
INSERT INTO "public"."in_out" VALUES ('24', '24', 'i', '2016-10-31 20:31:38', 't');
INSERT INTO "public"."in_out" VALUES ('24', '26', 'o', '2016-09-01 00:01:07', 't');
INSERT INTO "public"."in_out" VALUES ('24', '27', 'i', '2016-09-01 02:22:44', 't');
INSERT INTO "public"."in_out" VALUES ('24', '28', 'o', '2016-09-01 00:00:06', 't');
INSERT INTO "public"."in_out" VALUES ('24', '28', 'i', '2016-09-01 19:02:45', 't');
INSERT INTO "public"."in_out" VALUES ('24', '28', 'i', '2016-10-20 13:20:16', 't');
INSERT INTO "public"."in_out" VALUES ('24', '31', 'i', '2016-11-04 06:58:30', 't');
INSERT INTO "public"."in_out" VALUES ('24', '31', 'o', '2016-11-09 04:43:59', 'f');
INSERT INTO "public"."in_out" VALUES ('24', '31', 'o', '2016-11-14 16:57:23', 't');
INSERT INTO "public"."in_out" VALUES ('24', '32', 'i', '2016-09-01 00:00:02', 't');
INSERT INTO "public"."in_out" VALUES ('24', '33', 'o', '2016-09-01 23:00:00', 't');
INSERT INTO "public"."in_out" VALUES ('24', '34', 'o', '2016-10-25 00:09:43', 't');
INSERT INTO "public"."in_out" VALUES ('24', '34', 'i', '2016-10-29 21:13:12', 't');
INSERT INTO "public"."in_out" VALUES ('24', '35', 'i', '2016-10-26 03:04:02', 't');
INSERT INTO "public"."in_out" VALUES ('24', '35', 'i', '2016-11-11 05:56:27', 't');
INSERT INTO "public"."in_out" VALUES ('24', '36', 'o', '2016-09-02 03:38:13', 't');
INSERT INTO "public"."in_out" VALUES ('24', '36', 'i', '2016-09-05 17:13:32', 't');
INSERT INTO "public"."in_out" VALUES ('24', '37', 'o', '2016-09-21 01:34:49', 't');
INSERT INTO "public"."in_out" VALUES ('24', '37', 'i', '2016-10-18 05:57:59', 't');
INSERT INTO "public"."in_out" VALUES ('24', '38', 'i', '2016-09-01 00:00:43', 't');
INSERT INTO "public"."in_out" VALUES ('24', '38', 'i', '2016-11-16 00:59:59', 'f');
INSERT INTO "public"."in_out" VALUES ('24', '40', 'o', '2016-09-01 02:07:30', 't');
INSERT INTO "public"."in_out" VALUES ('24', '41', 'i', '2016-09-22 17:38:09', 't');
INSERT INTO "public"."in_out" VALUES ('24', '41', 'o', '2016-11-16 17:34:19', 't');
INSERT INTO "public"."in_out" VALUES ('24', '44', 'i', '2016-09-01 00:12:03', 't');
INSERT INTO "public"."in_out" VALUES ('24', '44', 'i', '2016-09-17 12:06:37', 't');
INSERT INTO "public"."in_out" VALUES ('24', '45', 'i', '2016-10-08 09:34:13', 't');
INSERT INTO "public"."in_out" VALUES ('24', '45', 'o', '2016-10-29 06:18:53', 't');
INSERT INTO "public"."in_out" VALUES ('24', '46', 'o', '2016-09-01 00:00:56', 't');
INSERT INTO "public"."in_out" VALUES ('24', '46', 'o', '2016-09-01 00:06:40', 't');
INSERT INTO "public"."in_out" VALUES ('24', '46', 'o', '2016-09-01 00:07:40', 't');
INSERT INTO "public"."in_out" VALUES ('24', '47', 'o', '2016-11-09 08:54:32', 't');
INSERT INTO "public"."in_out" VALUES ('24', '48', 'i', '2016-09-01 00:00:09', 'f');
INSERT INTO "public"."in_out" VALUES ('24', '48', 'o', '2016-09-01 02:30:03', 't');
INSERT INTO "public"."in_out" VALUES ('24', '49', 'i', '2016-11-01 06:44:36', 't');
INSERT INTO "public"."in_out" VALUES ('24', '50', 'o', '2016-11-16 19:41:13', 't');
INSERT INTO "public"."in_out" VALUES ('24', '52', 'o', '2016-09-01 00:00:06', 't');
INSERT INTO "public"."in_out" VALUES ('24', '52', 'o', '2016-09-01 23:59:59', 't');
INSERT INTO "public"."in_out" VALUES ('25', '2', 'o', '2016-09-20 05:30:01', 't');
INSERT INTO "public"."in_out" VALUES ('25', '2', 'i', '2016-10-11 11:10:58', 't');
INSERT INTO "public"."in_out" VALUES ('25', '3', 'i', '2016-11-16 00:00:00', 't');
INSERT INTO "public"."in_out" VALUES ('25', '4', 'i', '2016-10-13 17:43:53', 't');
INSERT INTO "public"."in_out" VALUES ('25', '5', 'o', '2016-09-01 00:59:59', 't');
INSERT INTO "public"."in_out" VALUES ('25', '5', 'o', '2016-09-05 03:39:01', 't');
INSERT INTO "public"."in_out" VALUES ('25', '5', 'o', '2016-09-16 17:22:49', 't');
INSERT INTO "public"."in_out" VALUES ('25', '6', 'o', '2016-09-01 23:59:00', 't');
INSERT INTO "public"."in_out" VALUES ('25', '6', 'i', '2016-09-07 11:01:26', 't');
INSERT INTO "public"."in_out" VALUES ('25', '7', 'o', '2016-09-01 01:21:34', 't');
INSERT INTO "public"."in_out" VALUES ('25', '9', 'i', '2016-09-01 00:01:22', 't');
INSERT INTO "public"."in_out" VALUES ('25', '9', 'o', '2016-10-08 12:35:10', 't');
INSERT INTO "public"."in_out" VALUES ('25', '10', 'i', '2016-09-25 18:44:49', 't');
INSERT INTO "public"."in_out" VALUES ('25', '11', 'o', '2016-10-04 08:54:39', 't');
INSERT INTO "public"."in_out" VALUES ('25', '12', 'o', '2016-11-04 10:50:06', 't');
INSERT INTO "public"."in_out" VALUES ('25', '13', 'o', '2016-09-01 21:00:14', 't');
INSERT INTO "public"."in_out" VALUES ('25', '13', 'i', '2016-10-25 16:09:49', 't');
INSERT INTO "public"."in_out" VALUES ('25', '14', 'o', '2016-10-12 03:05:26', 't');
INSERT INTO "public"."in_out" VALUES ('25', '14', 'o', '2016-10-20 13:04:02', 't');
INSERT INTO "public"."in_out" VALUES ('25', '15', 'o', '2016-10-16 05:01:02', 't');
INSERT INTO "public"."in_out" VALUES ('25', '16', 'o', '2016-09-10 09:03:29', 't');
INSERT INTO "public"."in_out" VALUES ('25', '16', 'o', '2016-09-18 02:58:06', 't');
INSERT INTO "public"."in_out" VALUES ('25', '16', 'o', '2016-09-23 10:53:59', 't');
INSERT INTO "public"."in_out" VALUES ('25', '17', 'i', '2016-09-01 00:01:51', 't');
INSERT INTO "public"."in_out" VALUES ('25', '17', 'o', '2016-09-10 11:56:23', 't');
INSERT INTO "public"."in_out" VALUES ('25', '17', 'i', '2016-11-08 19:15:07', 't');
INSERT INTO "public"."in_out" VALUES ('25', '18', 'i', '2016-09-01 00:00:10', 't');
INSERT INTO "public"."in_out" VALUES ('25', '18', 'i', '2016-09-01 00:00:11', 't');
INSERT INTO "public"."in_out" VALUES ('25', '18', 'i', '2016-10-05 22:45:01', 't');
INSERT INTO "public"."in_out" VALUES ('25', '19', 'i', '2016-09-01 00:14:08', 't');
INSERT INTO "public"."in_out" VALUES ('25', '20', 'i', '2016-09-01 00:01:11', 't');
INSERT INTO "public"."in_out" VALUES ('25', '20', 'o', '2016-11-07 07:07:40', 't');
INSERT INTO "public"."in_out" VALUES ('25', '21', 'i', '2016-10-30 15:42:52', 't');
INSERT INTO "public"."in_out" VALUES ('25', '22', 'i', '2016-09-03 16:58:21', 't');
INSERT INTO "public"."in_out" VALUES ('25', '23', 'i', '2016-09-10 05:50:11', 't');
INSERT INTO "public"."in_out" VALUES ('25', '23', 'o', '2016-11-14 00:48:03', 'f');
INSERT INTO "public"."in_out" VALUES ('25', '25', 'o', '2016-09-06 17:49:34', 't');
INSERT INTO "public"."in_out" VALUES ('25', '25', 'o', '2016-10-10 06:17:23', 't');
INSERT INTO "public"."in_out" VALUES ('25', '26', 'i', '2016-10-05 08:50:01', 't');
INSERT INTO "public"."in_out" VALUES ('25', '27', 'i', '2016-10-02 09:08:07', 't');
INSERT INTO "public"."in_out" VALUES ('25', '27', 'o', '2016-11-15 18:06:42', 't');
INSERT INTO "public"."in_out" VALUES ('25', '28', 'i', '2016-09-18 00:39:04', 't');
INSERT INTO "public"."in_out" VALUES ('25', '30', 'o', '2016-09-01 00:11:38', 't');
INSERT INTO "public"."in_out" VALUES ('25', '30', 'o', '2016-09-17 01:21:22', 't');
INSERT INTO "public"."in_out" VALUES ('25', '30', 'o', '2016-10-05 18:35:01', 't');
INSERT INTO "public"."in_out" VALUES ('25', '30', 'o', '2016-11-16 01:26:29', 't');
INSERT INTO "public"."in_out" VALUES ('25', '31', 'i', '2016-09-01 01:11:54', 't');
INSERT INTO "public"."in_out" VALUES ('25', '32', 'i', '2016-11-16 23:00:59', 't');
INSERT INTO "public"."in_out" VALUES ('25', '33', 'i', '2016-09-01 00:00:01', 't');
INSERT INTO "public"."in_out" VALUES ('25', '33', 'i', '2016-11-14 03:06:54', 't');
INSERT INTO "public"."in_out" VALUES ('25', '34', 'i', '2016-09-01 00:36:18', 't');
INSERT INTO "public"."in_out" VALUES ('25', '35', 'i', '2016-09-22 01:42:28', 'f');
INSERT INTO "public"."in_out" VALUES ('25', '37', 'i', '2016-09-08 20:03:51', 't');
INSERT INTO "public"."in_out" VALUES ('25', '38', 'i', '2016-10-13 13:59:43', 't');
INSERT INTO "public"."in_out" VALUES ('25', '39', 'o', '2016-09-01 00:07:20', 't');
INSERT INTO "public"."in_out" VALUES ('25', '39', 'i', '2016-09-01 06:25:30', 't');
INSERT INTO "public"."in_out" VALUES ('25', '39', 'i', '2016-09-05 03:30:04', 't');
INSERT INTO "public"."in_out" VALUES ('25', '39', 'o', '2016-09-09 16:34:20', 't');
INSERT INTO "public"."in_out" VALUES ('25', '39', 'o', '2016-11-08 19:55:32', 't');
INSERT INTO "public"."in_out" VALUES ('25', '40', 'o', '2016-09-22 04:12:12', 't');
INSERT INTO "public"."in_out" VALUES ('25', '40', 'o', '2016-11-14 21:06:24', 't');
INSERT INTO "public"."in_out" VALUES ('25', '40', 'o', '2016-11-16 00:59:01', 't');
INSERT INTO "public"."in_out" VALUES ('25', '42', 'i', '2016-11-05 05:30:36', 't');
INSERT INTO "public"."in_out" VALUES ('25', '43', 'i', '2016-09-01 00:00:02', 'f');
INSERT INTO "public"."in_out" VALUES ('25', '43', 'i', '2016-09-02 17:32:56', 't');
INSERT INTO "public"."in_out" VALUES ('25', '43', 'i', '2016-09-11 20:34:08', 't');
INSERT INTO "public"."in_out" VALUES ('25', '43', 'i', '2016-10-22 12:39:06', 't');
INSERT INTO "public"."in_out" VALUES ('25', '44', 'i', '2016-09-01 00:00:30', 't');
INSERT INTO "public"."in_out" VALUES ('25', '44', 'o', '2016-09-12 23:21:31', 't');
INSERT INTO "public"."in_out" VALUES ('25', '45', 'o', '2016-09-01 17:45:55', 't');
INSERT INTO "public"."in_out" VALUES ('25', '46', 'i', '2016-09-22 22:34:34', 't');
INSERT INTO "public"."in_out" VALUES ('25', '46', 'o', '2016-10-10 04:42:45', 't');
INSERT INTO "public"."in_out" VALUES ('25', '47', 'o', '2016-09-19 21:51:31', 't');
INSERT INTO "public"."in_out" VALUES ('25', '47', 'o', '2016-11-05 00:56:13', 't');
INSERT INTO "public"."in_out" VALUES ('25', '47', 'o', '2016-11-16 01:30:11', 't');
INSERT INTO "public"."in_out" VALUES ('25', '48', 'i', '2016-10-04 13:21:14', 't');
INSERT INTO "public"."in_out" VALUES ('25', '49', 'o', '2016-09-18 01:38:52', 't');
INSERT INTO "public"."in_out" VALUES ('25', '49', 'i', '2016-09-20 10:28:18', 't');
INSERT INTO "public"."in_out" VALUES ('25', '50', 'o', '2016-09-01 00:00:06', 't');
INSERT INTO "public"."in_out" VALUES ('25', '50', 'o', '2016-10-08 10:41:12', 't');
INSERT INTO "public"."in_out" VALUES ('25', '51', 'o', '2016-10-25 18:37:18', 't');
INSERT INTO "public"."in_out" VALUES ('25', '52', 'i', '2016-09-05 06:47:55', 'f');
INSERT INTO "public"."in_out" VALUES ('25', '52', 'i', '2016-11-02 11:02:30', 't');
INSERT INTO "public"."in_out" VALUES ('26', '1', 'o', '2016-10-22 20:45:07', 't');
INSERT INTO "public"."in_out" VALUES ('26', '3', 'o', '2016-09-01 16:30:01', 't');
INSERT INTO "public"."in_out" VALUES ('26', '3', 'o', '2016-09-22 21:18:39', 't');
INSERT INTO "public"."in_out" VALUES ('26', '3', 'i', '2016-11-15 18:06:14', 't');
INSERT INTO "public"."in_out" VALUES ('26', '6', 'o', '2016-09-01 00:01:39', 't');
INSERT INTO "public"."in_out" VALUES ('26', '7', 'o', '2016-09-05 05:11:16', 't');
INSERT INTO "public"."in_out" VALUES ('26', '7', 'o', '2016-11-10 20:52:27', 'f');
INSERT INTO "public"."in_out" VALUES ('26', '8', 'o', '2016-09-01 00:01:56', 't');
INSERT INTO "public"."in_out" VALUES ('26', '8', 'i', '2016-10-02 10:34:30', 't');
INSERT INTO "public"."in_out" VALUES ('26', '9', 'i', '2016-09-01 00:00:06', 't');
INSERT INTO "public"."in_out" VALUES ('26', '9', 'i', '2016-09-03 09:07:43', 't');
INSERT INTO "public"."in_out" VALUES ('26', '9', 'o', '2016-09-17 18:31:12', 't');
INSERT INTO "public"."in_out" VALUES ('26', '9', 'i', '2016-10-05 14:28:48', 't');
INSERT INTO "public"."in_out" VALUES ('26', '10', 'i', '2016-09-01 00:00:59', 't');
INSERT INTO "public"."in_out" VALUES ('26', '10', 'i', '2016-09-01 00:13:07', 't');
INSERT INTO "public"."in_out" VALUES ('26', '10', 'i', '2016-09-05 09:16:25', 't');
INSERT INTO "public"."in_out" VALUES ('26', '11', 'o', '2016-09-01 00:01:26', 't');
INSERT INTO "public"."in_out" VALUES ('26', '12', 'i', '2016-09-01 00:00:09', 't');
INSERT INTO "public"."in_out" VALUES ('26', '13', 'o', '2016-09-09 12:53:00', 't');
INSERT INTO "public"."in_out" VALUES ('26', '13', 'i', '2016-09-11 01:33:34', 't');
INSERT INTO "public"."in_out" VALUES ('26', '13', 'o', '2016-09-21 17:32:35', 't');
INSERT INTO "public"."in_out" VALUES ('26', '14', 'o', '2016-09-01 23:13:50', 't');
INSERT INTO "public"."in_out" VALUES ('26', '14', 'i', '2016-09-02 20:45:47', 't');
INSERT INTO "public"."in_out" VALUES ('26', '15', 'o', '2016-09-01 00:16:02', 't');
INSERT INTO "public"."in_out" VALUES ('26', '17', 'o', '2016-09-01 01:39:22', 't');
INSERT INTO "public"."in_out" VALUES ('26', '17', 'i', '2016-09-06 01:15:26', 't');
INSERT INTO "public"."in_out" VALUES ('26', '19', 'i', '2016-11-11 13:42:07', 't');
INSERT INTO "public"."in_out" VALUES ('26', '20', 'i', '2016-10-15 18:19:08', 't');
INSERT INTO "public"."in_out" VALUES ('26', '21', 'o', '2016-09-01 00:00:06', 't');
INSERT INTO "public"."in_out" VALUES ('26', '21', 'i', '2016-09-09 00:42:19', 't');
INSERT INTO "public"."in_out" VALUES ('26', '21', 'o', '2016-11-06 13:49:49', 't');
INSERT INTO "public"."in_out" VALUES ('26', '21', 'o', '2016-11-16 00:00:59', 't');
INSERT INTO "public"."in_out" VALUES ('26', '22', 'i', '2016-10-16 19:40:51', 't');
INSERT INTO "public"."in_out" VALUES ('26', '23', 'o', '2016-09-01 00:01:20', 't');
INSERT INTO "public"."in_out" VALUES ('26', '23', 'i', '2016-09-16 23:20:50', 't');
INSERT INTO "public"."in_out" VALUES ('26', '24', 'o', '2016-09-16 21:00:04', 't');
INSERT INTO "public"."in_out" VALUES ('26', '24', 'i', '2016-11-15 22:27:45', 't');
INSERT INTO "public"."in_out" VALUES ('26', '25', 'o', '2016-09-01 02:24:01', 't');
INSERT INTO "public"."in_out" VALUES ('26', '25', 'i', '2016-09-08 08:12:58', 't');
INSERT INTO "public"."in_out" VALUES ('26', '26', 'o', '2016-09-20 11:51:01', 't');
INSERT INTO "public"."in_out" VALUES ('26', '26', 'i', '2016-10-05 08:09:21', 't');
INSERT INTO "public"."in_out" VALUES ('26', '26', 'i', '2016-10-10 16:04:08', 't');
INSERT INTO "public"."in_out" VALUES ('26', '28', 'i', '2016-09-20 08:44:28', 't');
INSERT INTO "public"."in_out" VALUES ('26', '28', 'i', '2016-11-16 23:00:01', 't');
INSERT INTO "public"."in_out" VALUES ('26', '29', 'i', '2016-09-18 08:24:45', 't');
INSERT INTO "public"."in_out" VALUES ('26', '29', 'o', '2016-09-26 15:03:27', 't');
INSERT INTO "public"."in_out" VALUES ('26', '29', 'o', '2016-10-24 04:05:56', 't');
INSERT INTO "public"."in_out" VALUES ('26', '29', 'i', '2016-11-16 00:46:12', 't');
INSERT INTO "public"."in_out" VALUES ('26', '30', 'i', '2016-11-03 13:26:39', 't');
INSERT INTO "public"."in_out" VALUES ('26', '30', 'i', '2016-11-11 17:48:49', 't');
INSERT INTO "public"."in_out" VALUES ('26', '31', 'i', '2016-09-02 09:54:25', 't');
INSERT INTO "public"."in_out" VALUES ('26', '32', 'o', '2016-09-01 00:00:16', 't');
INSERT INTO "public"."in_out" VALUES ('26', '32', 'i', '2016-09-01 00:01:00', 't');
INSERT INTO "public"."in_out" VALUES ('26', '32', 'o', '2016-10-27 16:05:12', 't');
INSERT INTO "public"."in_out" VALUES ('26', '32', 'i', '2016-10-30 05:39:00', 't');
INSERT INTO "public"."in_out" VALUES ('26', '32', 'o', '2016-11-09 02:07:37', 't');
INSERT INTO "public"."in_out" VALUES ('26', '34', 'i', '2016-09-17 00:39:20', 't');
INSERT INTO "public"."in_out" VALUES ('26', '34', 'i', '2016-11-09 00:13:20', 't');
INSERT INTO "public"."in_out" VALUES ('26', '35', 'o', '2016-09-01 00:00:13', 't');
INSERT INTO "public"."in_out" VALUES ('26', '35', 'o', '2016-10-30 23:30:06', 't');
INSERT INTO "public"."in_out" VALUES ('26', '36', 'o', '2016-09-03 08:25:38', 't');
INSERT INTO "public"."in_out" VALUES ('26', '36', 'o', '2016-09-04 16:36:54', 't');
INSERT INTO "public"."in_out" VALUES ('26', '36', 'o', '2016-11-08 05:51:51', 't');
INSERT INTO "public"."in_out" VALUES ('26', '38', 'o', '2016-10-08 13:20:58', 't');
INSERT INTO "public"."in_out" VALUES ('26', '39', 'i', '2016-09-01 00:00:03', 't');
INSERT INTO "public"."in_out" VALUES ('26', '40', 'i', '2016-09-24 13:43:26', 't');
INSERT INTO "public"."in_out" VALUES ('26', '40', 'o', '2016-10-09 06:20:40', 't');
INSERT INTO "public"."in_out" VALUES ('26', '40', 'i', '2016-10-10 03:35:08', 't');
INSERT INTO "public"."in_out" VALUES ('26', '40', 'o', '2016-11-16 00:00:01', 't');
INSERT INTO "public"."in_out" VALUES ('26', '42', 'i', '2016-11-09 21:41:09', 't');
INSERT INTO "public"."in_out" VALUES ('26', '43', 'i', '2016-09-26 23:09:20', 't');
INSERT INTO "public"."in_out" VALUES ('26', '44', 'o', '2016-09-01 23:59:01', 't');
INSERT INTO "public"."in_out" VALUES ('26', '45', 'o', '2016-09-01 10:12:15', 't');
INSERT INTO "public"."in_out" VALUES ('26', '45', 'i', '2016-10-28 10:52:45', 't');
INSERT INTO "public"."in_out" VALUES ('26', '47', 'o', '2016-09-01 10:10:15', 't');
INSERT INTO "public"."in_out" VALUES ('26', '47', 'i', '2016-09-12 19:46:13', 't');
INSERT INTO "public"."in_out" VALUES ('26', '48', 'o', '2016-09-01 00:00:29', 't');
INSERT INTO "public"."in_out" VALUES ('26', '48', 'i', '2016-09-02 03:53:48', 't');
INSERT INTO "public"."in_out" VALUES ('26', '48', 'i', '2016-10-27 17:44:57', 't');
INSERT INTO "public"."in_out" VALUES ('26', '48', 'i', '2016-11-05 12:05:48', 't');
INSERT INTO "public"."in_out" VALUES ('26', '49', 'i', '2016-10-20 16:47:21', 't');
INSERT INTO "public"."in_out" VALUES ('26', '50', 'o', '2016-10-14 03:10:56', 't');
INSERT INTO "public"."in_out" VALUES ('26', '51', 'o', '2016-10-03 06:19:47', 'f');
INSERT INTO "public"."in_out" VALUES ('26', '52', 'o', '2016-09-08 01:46:00', 't');

-- ----------------------------
-- Table structure for lives_in
-- ----------------------------
DROP TABLE IF EXISTS "public"."lives_in";
CREATE TABLE "public"."lives_in" (
"person_id" int4 NOT NULL,
"apartment_number" int4 NOT NULL,
"building_id" int4 NOT NULL,
"date_time_start" timestamp(6) NOT NULL
)
WITH (OIDS=FALSE)

;

-- ----------------------------
-- Records of lives_in
-- ----------------------------
INSERT INTO "public"."lives_in" VALUES ('1', '100', '1', '2016-08-30 00:00:00');
INSERT INTO "public"."lives_in" VALUES ('2', '100', '1', '2016-08-30 00:00:00');
INSERT INTO "public"."lives_in" VALUES ('3', '100', '1', '2016-08-26 00:00:00');
INSERT INTO "public"."lives_in" VALUES ('4', '100', '1', '2016-08-21 00:00:00');
INSERT INTO "public"."lives_in" VALUES ('5', '100', '1', '2016-08-16 00:00:00');
INSERT INTO "public"."lives_in" VALUES ('6', '100', '2', '2016-08-19 00:00:00');
INSERT INTO "public"."lives_in" VALUES ('7', '100', '2', '2016-08-20 00:00:00');
INSERT INTO "public"."lives_in" VALUES ('8', '100', '3', '2016-08-17 00:00:00');
INSERT INTO "public"."lives_in" VALUES ('9', '100', '4', '2016-08-27 00:00:00');
INSERT INTO "public"."lives_in" VALUES ('10', '101', '1', '2016-08-30 00:00:00');
INSERT INTO "public"."lives_in" VALUES ('21', '101', '2', '2015-06-21 00:00:00');
INSERT INTO "public"."lives_in" VALUES ('22', '101', '3', '2014-12-13 00:00:00');
INSERT INTO "public"."lives_in" VALUES ('23', '101', '4', '2014-10-10 00:00:00');
INSERT INTO "public"."lives_in" VALUES ('24', '102', '1', '2014-10-22 00:00:00');
INSERT INTO "public"."lives_in" VALUES ('25', '102', '2', '2016-02-06 00:00:00');
INSERT INTO "public"."lives_in" VALUES ('26', '102', '3', '2015-04-20 00:00:00');

-- ----------------------------
-- Table structure for operations_log
-- ----------------------------
DROP TABLE IF EXISTS "public"."operations_log";
CREATE TABLE "public"."operations_log" (
"id" int4 DEFAULT nextval('operations_log_id_seq'::regclass) NOT NULL,
"date_time" timestamp(6) NOT NULL,
"description" varchar(255) COLLATE "default" NOT NULL
)
WITH (OIDS=FALSE)

;

-- ----------------------------
-- Records of operations_log
-- ----------------------------

-- ----------------------------
-- Table structure for p_set_has_p
-- ----------------------------
DROP TABLE IF EXISTS "public"."p_set_has_p";
CREATE TABLE "public"."p_set_has_p" (
"permission_set_id" int4 NOT NULL,
"table_name" varchar(50) COLLATE "default" NOT NULL,
"action_id" int4 NOT NULL
)
WITH (OIDS=FALSE)

;

-- ----------------------------
-- Records of p_set_has_p
-- ----------------------------

-- ----------------------------
-- Table structure for permission
-- ----------------------------
DROP TABLE IF EXISTS "public"."permission";
CREATE TABLE "public"."permission" (
"table_name" varchar(50) COLLATE "default" DEFAULT ''::character varying NOT NULL,
"action_id" int4 DEFAULT 0 NOT NULL
)
WITH (OIDS=FALSE)

;

-- ----------------------------
-- Records of permission
-- ----------------------------

-- ----------------------------
-- Table structure for permission_set
-- ----------------------------
DROP TABLE IF EXISTS "public"."permission_set";
CREATE TABLE "public"."permission_set" (
"permission_set_id" int4 DEFAULT nextval('permission_set_permission_set_id_seq'::regclass) NOT NULL,
"set_name" varchar(50) COLLATE "default" NOT NULL
)
WITH (OIDS=FALSE)

;

-- ----------------------------
-- Records of permission_set
-- ----------------------------

-- ----------------------------
-- Table structure for person
-- ----------------------------
DROP TABLE IF EXISTS "public"."person";
CREATE TABLE "public"."person" (
"person_id" int4 DEFAULT nextval('person_person_id_seq'::regclass) NOT NULL,
"first_name" varchar(50) COLLATE "default" NOT NULL,
"middle_name" varchar(50) COLLATE "default",
"family_name" varchar(50) COLLATE "default" NOT NULL,
"date_of_birth" timestamp(6) NOT NULL,
"gender" char(1) COLLATE "default" NOT NULL,
"main_document_id" int4 NOT NULL
)
WITH (OIDS=FALSE)

;

-- ----------------------------
-- Records of person
-- ----------------------------
INSERT INTO "public"."person" VALUES ('1', 'Luciano', null, 'Madrid', '1995-10-22 00:00:00', 'M', '1');
INSERT INTO "public"."person" VALUES ('2', 'Aurelio', null, 'Shay', '1984-02-20 00:00:00', 'M', '2');
INSERT INTO "public"."person" VALUES ('3', 'Elden', null, 'Janes', '1998-07-04 00:00:00', 'M', '3');
INSERT INTO "public"."person" VALUES ('4', 'Shon', null, 'Valdes', '1987-06-25 00:00:00', 'M', '4');
INSERT INTO "public"."person" VALUES ('5', 'Harris', null, 'Carman', '1986-01-06 00:00:00', 'M', '5');
INSERT INTO "public"."person" VALUES ('6', 'Joesph', null, 'Shea', '1990-09-28 00:00:00', 'M', '6');
INSERT INTO "public"."person" VALUES ('7', 'Claud', null, 'Bartlett', '1995-05-30 00:00:00', 'M', '7');
INSERT INTO "public"."person" VALUES ('8', 'Willard', null, 'Carmichael', '1997-02-26 00:00:00', 'M', '8');
INSERT INTO "public"."person" VALUES ('9', 'Harrison', null, 'Randall', '1988-11-20 00:00:00', 'M', '9');
INSERT INTO "public"."person" VALUES ('10', 'Joey', null, 'Valdez', '1994-05-28 00:00:00', 'M', '10');
INSERT INTO "public"."person" VALUES ('11', 'Noble', null, 'Mosher', '1995-06-28 00:00:00', 'M', '11');
INSERT INTO "public"."person" VALUES ('12', 'Sidney', null, 'Goforth', '1994-03-01 00:00:00', 'M', '12');
INSERT INTO "public"."person" VALUES ('13', 'Curtis', null, 'Shearer', '1992-06-10 00:00:00', 'M', '13');
INSERT INTO "public"."person" VALUES ('14', 'Lucien', null, 'Valencia', '1994-08-25 00:00:00', 'M', '14');
INSERT INTO "public"."person" VALUES ('15', 'Noe', null, 'Bartley', '1987-06-20 00:00:00', 'M', '15');
INSERT INTO "public"."person" VALUES ('16', 'Austin', null, 'Randle', '1992-03-23 00:00:00', 'M', '16');
INSERT INTO "public"."person" VALUES ('17', 'Claude', null, 'Madrigal', '1992-11-09 00:00:00', 'M', '17');
INSERT INTO "public"."person" VALUES ('18', 'Harry', null, 'Carmona', '1994-05-01 00:00:00', 'M', '18');
INSERT INTO "public"."person" VALUES ('19', 'Lucio', null, 'Barton', '1992-02-09 00:00:00', 'M', '19');
INSERT INTO "public"."person" VALUES ('20', 'Noel', null, 'Dowdy', '1946-01-08 00:00:00', 'M', '20');
INSERT INTO "public"."person" VALUES ('21', 'John', null, 'Sheehan', '1948-03-13 00:00:00', 'M', '21');
INSERT INTO "public"."person" VALUES ('22', 'William', null, 'Jansen', '1990-12-23 00:00:00', 'M', '22');
INSERT INTO "public"."person" VALUES ('23', 'Harvey', null, 'Madsen', '1994-11-22 00:00:00', 'M', '23');
INSERT INTO "public"."person" VALUES ('24', 'Eldon', null, 'Mosier', '1989-12-07 00:00:00', 'M', '24');
INSERT INTO "public"."person" VALUES ('25', 'Silas', null, 'Randolph', '1997-12-07 00:00:00', 'M', '25');
INSERT INTO "public"."person" VALUES ('26', 'Lucius', null, 'Carnahan', '1997-01-09 00:00:00', 'M', '26');
INSERT INTO "public"."person" VALUES ('27', 'Nolan', null, 'Goins', '1996-01-25 00:00:00', 'M', '27');
INSERT INTO "public"."person" VALUES ('28', 'Cyril', null, 'Janssen', '1992-10-04 00:00:00', 'M', '28');
INSERT INTO "public"."person" VALUES ('29', 'Johnathan', null, 'Dowell', '1991-12-23 00:00:00', 'M', '29');
INSERT INTO "public"."person" VALUES ('30', 'Avery', null, 'Valenti', '1989-04-27 00:00:00', 'M', '30');
INSERT INTO "public"."person" VALUES ('31', 'Williams', null, 'Maes', '1948-07-17 00:00:00', 'M', '31');
INSERT INTO "public"."person" VALUES ('32', 'Luigi', null, 'Jaramillo', '1994-01-04 00:00:00', 'M', '32');
INSERT INTO "public"."person" VALUES ('33', 'Simon', null, 'Mosley', '1993-02-13 00:00:00', 'M', '33');
INSERT INTO "public"."person" VALUES ('34', 'Willian', null, 'Sheets', '1986-01-10 00:00:00', 'M', '34');
INSERT INTO "public"."person" VALUES ('35', 'Eldridge', null, 'Maestas', '1994-03-10 00:00:00', 'M', '35');
INSERT INTO "public"."person" VALUES ('36', 'Cyrus', null, 'Gold', '1992-04-01 00:00:00', 'M', '36');
INSERT INTO "public"."person" VALUES ('37', 'Claudio', null, 'Valentin', '1986-02-20 00:00:00', 'M', '37');
INSERT INTO "public"."person" VALUES ('38', 'Solomon', null, 'Basham', '1998-11-15 00:00:00', 'M', '38');
INSERT INTO "public"."person" VALUES ('39', 'Norbert', null, 'Dowling', '1988-03-11 00:00:00', 'M', '39');
INSERT INTO "public"."person" VALUES ('40', 'Hassan', null, 'Jarrell', '1996-09-05 00:00:00', 'M', '40');
INSERT INTO "public"."person" VALUES ('41', 'Willie', null, 'Raney', '1992-06-20 00:00:00', 'M', '41');
INSERT INTO "public"."person" VALUES ('42', 'Elias', null, 'Magana', '1993-02-21 00:00:00', 'M', '42');
INSERT INTO "public"."person" VALUES ('43', 'Barney', null, 'Jarrett', '1995-03-25 00:00:00', 'M', '43');
INSERT INTO "public"."person" VALUES ('44', 'Dale', null, 'Moss', '1997-08-31 00:00:00', 'M', '44');
INSERT INTO "public"."person" VALUES ('45', 'Sonny', null, 'Sheffield', '1989-03-18 00:00:00', 'M', '45');
INSERT INTO "public"."person" VALUES ('46', 'Elijah', null, 'Rangel', '1998-08-13 00:00:00', 'M', '46');
INSERT INTO "public"."person" VALUES ('47', 'Clay', null, 'Valentine', '1994-11-20 00:00:00', 'M', '47');
INSERT INTO "public"."person" VALUES ('48', 'Barrett', null, 'Goldberg', '1975-12-25 00:00:00', 'M', '48');
INSERT INTO "public"."person" VALUES ('49', 'Johnathon', null, 'Carnes', '1986-02-12 00:00:00', 'M', '49');
INSERT INTO "public"."person" VALUES ('50', 'Clayton', null, 'Magee', '1993-12-20 00:00:00', 'M', '50');
INSERT INTO "public"."person" VALUES ('51', 'Willis', null, 'Shelby', '1948-02-10 00:00:00', 'M', '51');
INSERT INTO "public"."person" VALUES ('52', 'Spencer', null, 'Jarvis', '1991-07-03 00:00:00', 'M', '52');
INSERT INTO "public"."person" VALUES ('53', 'Willy', null, 'Valenzuela', '1992-02-22 00:00:00', 'M', '53');
INSERT INTO "public"."person" VALUES ('54', 'Stacey', null, 'Sheldon', '1995-05-22 00:00:00', 'M', '54');
INSERT INTO "public"."person" VALUES ('55', 'Barry', null, 'Bass', '1990-11-12 00:00:00', 'M', '55');
INSERT INTO "public"."person" VALUES ('56', 'Wilmer', null, 'Maguire', '1992-04-19 00:00:00', 'M', '56');
INSERT INTO "public"."person" VALUES ('57', 'Hayden', null, 'Valerio', '1993-06-07 00:00:00', 'M', '57');
INSERT INTO "public"."person" VALUES ('58', 'Clement', null, 'Shell', '1986-05-07 00:00:00', 'M', '58');
INSERT INTO "public"."person" VALUES ('59', 'Stacy', null, 'Downey', '1987-07-08 00:00:00', 'M', '59');
INSERT INTO "public"."person" VALUES ('60', 'Wilson', null, 'Jasper', '1987-10-08 00:00:00', 'M', '60');
INSERT INTO "public"."person" VALUES ('61', 'Luis', null, 'Carney', '1994-08-26 00:00:00', 'M', '61');
INSERT INTO "public"."person" VALUES ('62', 'Norberto', null, 'Bassett', '1951-10-10 00:00:00', 'M', '62');
INSERT INTO "public"."person" VALUES ('63', 'Johnie', null, 'Valle', '1997-04-07 00:00:00', 'M', '63');
INSERT INTO "public"."person" VALUES ('64', 'Haywood', null, 'Caron', '1988-03-31 00:00:00', 'M', '64');
INSERT INTO "public"."person" VALUES ('65', 'Johnnie', null, 'Shelley', '1991-04-22 00:00:00', 'M', '65');
INSERT INTO "public"."person" VALUES ('66', 'Stan', null, 'Motley', '1985-10-23 00:00:00', 'M', '66');
INSERT INTO "public"."person" VALUES ('67', 'Bart', null, 'Batchelor', '1975-11-29 00:00:00', 'M', '67');
INSERT INTO "public"."person" VALUES ('68', 'Dallas', null, 'Mahaffey', '1997-04-23 00:00:00', 'M', '68');
INSERT INTO "public"."person" VALUES ('69', 'Eliseo', null, 'Jay', '1988-08-28 00:00:00', 'M', '69');
INSERT INTO "public"."person" VALUES ('70', 'Heath', null, 'Mahan', '1995-04-28 00:00:00', 'M', '70');
INSERT INTO "public"."person" VALUES ('71', 'Clemente', null, 'Carpenter', '1991-06-23 00:00:00', 'M', '71');
INSERT INTO "public"."person" VALUES ('72', 'Dalton', null, 'Vallejo', '1992-07-19 00:00:00', 'M', '72');
INSERT INTO "public"."person" VALUES ('73', 'Wilton', null, 'Shelton', '1986-01-09 00:00:00', 'M', '73');
INSERT INTO "public"."person" VALUES ('74', 'Elisha', null, 'Golden', '1986-06-26 00:00:00', 'M', '74');
INSERT INTO "public"."person" VALUES ('75', 'Luke', null, 'Downing', '1995-03-28 00:00:00', 'M', '75');
INSERT INTO "public"."person" VALUES ('76', 'Barton', null, 'Jaynes', '1986-01-02 00:00:00', 'M', '76');
INSERT INTO "public"."person" VALUES ('77', 'Stanford', null, 'Maher', '1966-07-01 00:00:00', 'M', '77');
INSERT INTO "public"."person" VALUES ('78', 'Damian', null, 'Valles', '1991-05-04 00:00:00', 'M', '78');
INSERT INTO "public"."person" VALUES ('79', 'Johnny', null, 'Goldman', '1991-01-19 00:00:00', 'M', '79');
INSERT INTO "public"."person" VALUES ('80', 'Norman', null, 'Rankin', '1986-07-20 00:00:00', 'M', '80');
INSERT INTO "public"."person" VALUES ('81', 'Hector', null, 'Shepard', '1996-01-06 00:00:00', 'M', '81');
INSERT INTO "public"."person" VALUES ('82', 'Johnson', null, 'Mott', '1987-09-29 00:00:00', 'M', '82');
INSERT INTO "public"."person" VALUES ('83', 'Lupe', null, 'Downs', '1992-02-23 00:00:00', 'M', '83');
INSERT INTO "public"."person" VALUES ('84', 'Elliot', null, 'Goldsmith', '1990-09-20 00:00:00', 'M', '84');
INSERT INTO "public"."person" VALUES ('85', 'Cleo', null, 'Ransom', '1995-07-10 00:00:00', 'M', '85');
INSERT INTO "public"."person" VALUES ('86', 'Basil', null, 'Moulton', '1996-01-19 00:00:00', 'M', '86');
INSERT INTO "public"."person" VALUES ('87', 'Normand', null, 'Bateman', '1997-03-29 00:00:00', 'M', '87');
INSERT INTO "public"."person" VALUES ('88', 'Cletus', null, 'Doyle', '1986-04-08 00:00:00', 'M', '88');
INSERT INTO "public"."person" VALUES ('89', 'Luther', null, 'Goldstein', '1986-03-16 00:00:00', 'M', '89');
INSERT INTO "public"."person" VALUES ('90', 'Henry', null, 'Jean', '1996-01-21 00:00:00', 'M', '90');
INSERT INTO "public"."person" VALUES ('91', 'Norris', null, 'Van', '1989-09-10 00:00:00', 'M', '91');
INSERT INTO "public"."person" VALUES ('92', 'Beau', null, 'Mahon', '1986-04-05 00:00:00', 'M', '92');
INSERT INTO "public"."person" VALUES ('93', 'Winford', null, 'Shephard', '1946-01-05 00:00:00', 'M', '93');
INSERT INTO "public"."person" VALUES ('94', 'Lyle', null, 'Dozier', '1993-04-16 00:00:00', 'M', '94');
INSERT INTO "public"."person" VALUES ('95', 'Numbers', null, 'Gomes', '1991-01-11 00:00:00', 'M', '95');
INSERT INTO "public"."person" VALUES ('96', 'Cleveland', null, 'Vanburen', '1998-11-25 00:00:00', 'M', '96');
INSERT INTO "public"."person" VALUES ('97', 'Stanley', null, 'Carr', '1965-12-13 00:00:00', 'M', '97');
INSERT INTO "public"."person" VALUES ('98', 'Jon', null, 'Shepherd', '1991-11-13 00:00:00', 'M', '98');
INSERT INTO "public"."person" VALUES ('99', 'Winfred', null, 'Drake', '1995-12-18 00:00:00', 'M', '99');
INSERT INTO "public"."person" VALUES ('100', 'Stanton', null, 'Gomez', '1987-09-08 00:00:00', 'M', '100');
INSERT INTO "public"."person" VALUES ('101', 'Ben', null, 'Vance', '1989-12-24 00:00:00', 'M', '101');
INSERT INTO "public"."person" VALUES ('102', 'Lyman', null, 'Sheppard', '1988-01-26 00:00:00', 'M', '102');
INSERT INTO "public"."person" VALUES ('103', 'Winston', null, 'Vandyke', '1953-09-08 00:00:00', 'M', '103');
INSERT INTO "public"."person" VALUES ('104', 'Cliff', null, 'Draper', '1987-10-05 00:00:00', 'M', '104');
INSERT INTO "public"."person" VALUES ('105', 'Benedict', null, 'Sheridan', '1988-01-11 00:00:00', 'M', '105');
INSERT INTO "public"."person" VALUES ('106', 'Octavio', null, 'Rapp', '1986-03-23 00:00:00', 'M', '106');
INSERT INTO "public"."person" VALUES ('107', 'Clifford', null, 'Mount', '1995-04-20 00:00:00', 'M', '107');
INSERT INTO "public"."person" VALUES ('108', 'Lyndon', null, 'Rash', '1986-12-04 00:00:00', 'M', '108');
INSERT INTO "public"."person" VALUES ('109', 'Benito', null, 'Mowery', '1946-01-04 00:00:00', 'M', '109');
INSERT INTO "public"."person" VALUES ('110', 'Stefan', null, 'Gonsalves', '1988-09-24 00:00:00', 'M', '110');
INSERT INTO "public"."person" VALUES ('111', 'Clifton', null, 'Rasmussen', '1996-09-05 00:00:00', 'M', '111');
INSERT INTO "public"."person" VALUES ('112', 'Damien', null, 'Jefferies', '1992-04-28 00:00:00', 'M', '112');
INSERT INTO "public"."person" VALUES ('113', 'Herb', null, 'Bates', '1986-01-09 00:00:00', 'M', '113');
INSERT INTO "public"."person" VALUES ('114', 'Benjamin', null, 'Drayton', '1989-03-26 00:00:00', 'M', '114');
INSERT INTO "public"."person" VALUES ('115', 'Jonah', null, 'Carranza', '1986-04-28 00:00:00', 'M', '115');
INSERT INTO "public"."person" VALUES ('116', 'Elliott', null, 'Batista', '1978-05-22 00:00:00', 'M', '116');
INSERT INTO "public"."person" VALUES ('117', 'Woodrow', null, 'Vang', '1989-04-26 00:00:00', 'M', '117');
INSERT INTO "public"."person" VALUES ('118', 'Clint', null, 'Carrasco', '1990-03-23 00:00:00', 'M', '118');
INSERT INTO "public"."person" VALUES ('119', 'Damion', null, 'Moya', '1946-03-31 00:00:00', 'M', '119');
INSERT INTO "public"."person" VALUES ('120', 'Herbert', null, 'Sherman', '1993-04-26 00:00:00', 'M', '120');
INSERT INTO "public"."person" VALUES ('121', 'Bennett', null, 'Mahoney', '1997-08-06 00:00:00', 'M', '121');
INSERT INTO "public"."person" VALUES ('122', 'Clinton', null, 'Jeffers', '1992-09-21 00:00:00', 'M', '122');
INSERT INTO "public"."person" VALUES ('123', 'Odell', null, 'Gonzales', '1989-06-25 00:00:00', 'M', '123');
INSERT INTO "public"."person" VALUES ('124', 'Stephan', null, 'Maier', '1998-02-04 00:00:00', 'M', '124');
INSERT INTO "public"."person" VALUES ('125', 'Wyatt', null, 'Ratcliff', '1958-03-01 00:00:00', 'M', '125');
INSERT INTO "public"."person" VALUES ('126', 'Bennie', null, 'Batiste', '1986-04-11 00:00:00', 'M', '126');
INSERT INTO "public"."person" VALUES ('127', 'Ellis', null, 'Jefferson', '1997-06-09 00:00:00', 'M', '127');
INSERT INTO "public"."person" VALUES ('128', 'Clyde', null, 'Moye', '1987-08-13 00:00:00', 'M', '128');
INSERT INTO "public"."person" VALUES ('129', 'Lynn', null, 'Main', '1990-06-01 00:00:00', 'M', '129');
INSERT INTO "public"."person" VALUES ('130', 'Odis', null, 'Jeffery', '1995-08-23 00:00:00', 'M', '130');
INSERT INTO "public"."person" VALUES ('131', 'Damon', null, 'Vanhoose', '1989-03-26 00:00:00', 'M', '131');
INSERT INTO "public"."person" VALUES ('132', 'Ellsworth', null, 'Carrier', '1990-02-18 00:00:00', 'M', '132');
INSERT INTO "public"."person" VALUES ('133', 'Jonas', null, 'Batson', '1996-02-27 00:00:00', 'M', '133');
INSERT INTO "public"."person" VALUES ('134', 'Lynwood', null, 'Major', '1994-03-27 00:00:00', 'M', '134');
INSERT INTO "public"."person" VALUES ('135', 'Olen', null, 'Carrillo', '1988-09-09 00:00:00', 'M', '135');
INSERT INTO "public"."person" VALUES ('136', 'Mac', null, 'Jeffrey', '1994-03-17 00:00:00', 'M', '136');
INSERT INTO "public"."person" VALUES ('137', 'Olin', null, 'Drew', '1993-05-06 00:00:00', 'M', '137');
INSERT INTO "public"."person" VALUES ('138', 'Mack', null, 'Ratliff', '1998-03-26 00:00:00', 'M', '138');
INSERT INTO "public"."person" VALUES ('139', 'Dan', null, 'Majors', '1997-04-21 00:00:00', 'M', '139');
INSERT INTO "public"."person" VALUES ('140', 'Heriberto', null, 'Moyer', '1989-11-27 00:00:00', 'M', '140');
INSERT INTO "public"."person" VALUES ('141', 'Stephen', null, 'Jeffries', '1985-05-11 00:00:00', 'M', '141');
INSERT INTO "public"."person" VALUES ('142', 'Benny', null, 'Rau', '1991-10-27 00:00:00', 'M', '142');
INSERT INTO "public"."person" VALUES ('143', 'Xavier', null, 'Battaglia', '1988-10-18 00:00:00', 'M', '143');
INSERT INTO "public"."person" VALUES ('144', 'Oliver', null, 'Maki', '1993-06-20 00:00:00', 'M', '144');
INSERT INTO "public"."person" VALUES ('145', 'Elmer', null, 'Jenkins', '1986-01-30 00:00:00', 'M', '145');
INSERT INTO "public"."person" VALUES ('146', 'Dana', null, 'Sherrill', '1993-10-27 00:00:00', 'M', '146');
INSERT INTO "public"."person" VALUES ('147', 'Jonathan', null, 'Vanhorn', '1988-01-07 00:00:00', 'M', '147');
INSERT INTO "public"."person" VALUES ('148', 'Major', null, 'Mueller', '1993-01-02 00:00:00', 'M', '148');
INSERT INTO "public"."person" VALUES ('149', 'Elmo', null, 'Carrington', '1994-05-06 00:00:00', 'M', '149');
INSERT INTO "public"."person" VALUES ('150', 'Herman', null, 'Batten', '1988-06-10 00:00:00', 'M', '150');
INSERT INTO "public"."person" VALUES ('151', 'Cody', null, 'Malcolm', '1991-08-23 00:00:00', 'M', '151');
INSERT INTO "public"."person" VALUES ('152', 'Sterling', null, 'Jennings', '1992-02-28 00:00:00', 'M', '152');
INSERT INTO "public"."person" VALUES ('153', 'Dane', null, 'Sherrod', '1986-03-01 00:00:00', 'M', '153');
INSERT INTO "public"."person" VALUES ('154', 'Jonathon', null, 'Vanmeter', '1993-09-02 00:00:00', 'M', '154');
INSERT INTO "public"."person" VALUES ('155', 'Ollie', null, 'Sherwood', '1995-05-15 00:00:00', 'M', '155');
INSERT INTO "public"."person" VALUES ('156', 'Zachariah', null, 'Vann', '1989-11-25 00:00:00', 'M', '156');
INSERT INTO "public"."person" VALUES ('157', 'Benton', null, 'Carrion', '1988-05-21 00:00:00', 'M', '157');
INSERT INTO "public"."person" VALUES ('158', 'Colby', null, 'Shields', '1974-10-20 00:00:00', 'M', '158');
INSERT INTO "public"."person" VALUES ('159', 'Eloy', null, 'Battle', '1998-01-18 00:00:00', 'M', '159');
INSERT INTO "public"."person" VALUES ('160', 'Bernard', null, 'Gonzalez', '1996-12-08 00:00:00', 'M', '160');
INSERT INTO "public"."person" VALUES ('161', 'Danial', null, 'Rauch', '1988-01-16 00:00:00', 'M', '161');
INSERT INTO "public"."person" VALUES ('162', 'Cole', null, 'Maldonado', '1990-12-03 00:00:00', 'M', '162');
INSERT INTO "public"."person" VALUES ('163', 'Bernardo', null, 'Carroll', '1986-01-05 00:00:00', 'M', '163');
INSERT INTO "public"."person" VALUES ('164', 'Herschel', null, 'Battles', '1994-06-20 00:00:00', 'M', '164');
INSERT INTO "public"."person" VALUES ('165', 'Malcolm', null, 'Jensen', '1975-12-15 00:00:00', 'M', '165');
INSERT INTO "public"."person" VALUES ('166', 'Steve', null, 'Malley', '1948-12-29 00:00:00', 'M', '166');
INSERT INTO "public"."person" VALUES ('167', 'Zachary', null, 'Driscoll', '1991-03-19 00:00:00', 'M', '167');
INSERT INTO "public"."person" VALUES ('168', 'Omar', null, 'Gooch', '1992-06-02 00:00:00', 'M', '168');
INSERT INTO "public"."person" VALUES ('169', 'Jordan', null, 'Mullen', '1988-10-05 00:00:00', 'M', '169');
INSERT INTO "public"."person" VALUES ('170', 'Malcom', null, 'Driver', '1946-03-31 00:00:00', 'M', '170');
INSERT INTO "public"."person" VALUES ('171', 'Hershel', null, 'Jenson', '1990-01-28 00:00:00', 'M', '171');
INSERT INTO "public"."person" VALUES ('172', 'Elroy', null, 'Vanover', '1986-02-14 00:00:00', 'M', '172');
INSERT INTO "public"."person" VALUES ('173', 'Omer', null, 'Gooden', '1996-04-06 00:00:00', 'M', '173');
INSERT INTO "public"."person" VALUES ('174', 'Malik', null, 'Rawlings', '1993-04-06 00:00:00', 'M', '174');
INSERT INTO "public"."person" VALUES ('175', 'Jordon', null, 'Shifflett', '1990-11-14 00:00:00', 'M', '175');
INSERT INTO "public"."person" VALUES ('176', 'Coleman', null, 'Vanwinkle', '1992-05-17 00:00:00', 'M', '176');
INSERT INTO "public"."person" VALUES ('177', 'Bernie', null, 'Shin', '1996-03-03 00:00:00', 'M', '177');
INSERT INTO "public"."person" VALUES ('178', 'Steven', null, 'Drummond', '1993-05-19 00:00:00', 'M', '178');
INSERT INTO "public"."person" VALUES ('179', 'Oren', null, 'Muller', '1992-06-27 00:00:00', 'M', '179');
INSERT INTO "public"."person" VALUES ('180', 'Hilario', null, 'Carson', '1993-10-11 00:00:00', 'M', '180');
INSERT INTO "public"."person" VALUES ('181', 'Jorge', null, 'Varela', '1990-10-16 00:00:00', 'M', '181');
INSERT INTO "public"."person" VALUES ('182', 'Man', null, 'Mallory', '1994-07-23 00:00:00', 'M', '182');
INSERT INTO "public"."person" VALUES ('183', 'Zack', null, 'Jernigan', '1987-02-26 00:00:00', 'M', '183');
INSERT INTO "public"."person" VALUES ('184', 'Daniel', null, 'Goodman', '1986-01-02 00:00:00', 'M', '184');
INSERT INTO "public"."person" VALUES ('185', 'Hilton', null, 'Rawlins', '1998-09-08 00:00:00', 'M', '185');
INSERT INTO "public"."person" VALUES ('186', 'Jose', null, 'Shinn', '1990-01-09 00:00:00', 'M', '186');
INSERT INTO "public"."person" VALUES ('187', 'Stevie', null, 'Drury', '1987-01-20 00:00:00', 'M', '187');
INSERT INTO "public"."person" VALUES ('188', 'Colin', null, 'Vargas', '1988-11-07 00:00:00', 'M', '188');
INSERT INTO "public"."person" VALUES ('189', 'Berry', null, 'Batts', '1968-08-10 00:00:00', 'M', '189');
INSERT INTO "public"."person" VALUES ('190', 'Orlando', null, 'Shipley', '1997-06-10 00:00:00', 'M', '190');
INSERT INTO "public"."person" VALUES ('191', 'Manual', null, 'Varner', '1952-09-25 00:00:00', 'M', '191');
INSERT INTO "public"."person" VALUES ('192', 'Orval', null, 'Shipman', '1987-07-26 00:00:00', 'M', '192');
INSERT INTO "public"."person" VALUES ('193', 'Hipolito', null, 'Varney', '1991-11-13 00:00:00', 'M', '193');
INSERT INTO "public"."person" VALUES ('194', 'Elton', null, 'Carswell', '1998-04-01 00:00:00', 'M', '194');
INSERT INTO "public"."person" VALUES ('195', 'Danilo', null, 'Malloy', '1996-04-24 00:00:00', 'M', '195');
INSERT INTO "public"."person" VALUES ('196', 'Manuel', null, 'Mulligan', '1998-03-17 00:00:00', 'M', '196');
INSERT INTO "public"."person" VALUES ('197', 'Collin', null, 'Jessup', '1957-07-10 00:00:00', 'M', '197');
INSERT INTO "public"."person" VALUES ('198', 'Josef', null, 'Rawls', '1988-02-22 00:00:00', 'M', '198');
INSERT INTO "public"."person" VALUES ('199', 'Bert', null, 'Mullin', '1986-02-19 00:00:00', 'M', '199');
INSERT INTO "public"."person" VALUES ('200', 'Elvin', null, 'Rayburn', '1990-05-03 00:00:00', 'M', '200');
INSERT INTO "public"."person" VALUES ('201', 'Hiram', null, 'Mullins', '1990-05-09 00:00:00', 'M', '201');
INSERT INTO "public"."person" VALUES ('202', 'Zackary', null, 'Rayford', '1986-02-19 00:00:00', 'M', '202');
INSERT INTO "public"."person" VALUES ('203', 'Dannie', null, 'Mullis', '1997-06-21 00:00:00', 'M', '203');
INSERT INTO "public"."person" VALUES ('204', 'Joseph', null, 'Shipp', '1986-10-14 00:00:00', 'M', '204');
INSERT INTO "public"."person" VALUES ('205', 'Stewart', null, 'Goodrich', '1995-09-05 00:00:00', 'M', '205');
INSERT INTO "public"."person" VALUES ('206', 'Zane', null, 'Raymond', '1997-07-03 00:00:00', 'M', '206');
INSERT INTO "public"."person" VALUES ('207', 'Colton', null, 'Duarte', '1998-06-10 00:00:00', 'M', '207');
INSERT INTO "public"."person" VALUES ('208', 'Orville', null, 'Goodson', '1987-06-02 00:00:00', 'M', '208');
INSERT INTO "public"."person" VALUES ('209', 'Stuart', null, 'Muncy', '1985-05-18 00:00:00', 'M', '209');
INSERT INTO "public"."person" VALUES ('210', 'Hobert', null, 'Malone', '1987-06-15 00:00:00', 'M', '210');
INSERT INTO "public"."person" VALUES ('211', 'Rey', null, 'Raynor', '1991-08-06 00:00:00', 'M', '211');
INSERT INTO "public"."person" VALUES ('212', 'Elvis', null, 'Vasquez', '1990-08-01 00:00:00', 'M', '212');
INSERT INTO "public"."person" VALUES ('213', 'Danny', null, 'Dube', '1986-01-10 00:00:00', 'M', '213');
INSERT INTO "public"."person" VALUES ('214', 'Sung', null, 'Jeter', '1988-02-29 00:00:00', 'M', '214');
INSERT INTO "public"."person" VALUES ('215', 'Josh', null, 'Maloney', '1987-06-13 00:00:00', 'M', '215');
INSERT INTO "public"."person" VALUES ('216', 'Marc', null, 'Bauer', '1995-10-13 00:00:00', 'M', '216');
INSERT INTO "public"."person" VALUES ('217', 'Bertram', null, 'Jett', '1992-03-25 00:00:00', 'M', '217');
INSERT INTO "public"."person" VALUES ('218', 'Reyes', null, 'Shirley', '1992-11-19 00:00:00', 'M', '218');
INSERT INTO "public"."person" VALUES ('219', 'Sydney', null, 'Carter', '1986-01-08 00:00:00', 'M', '219');
INSERT INTO "public"."person" VALUES ('220', 'Elwood', null, 'Baugh', '1995-04-01 00:00:00', 'M', '220');
INSERT INTO "public"."person" VALUES ('221', 'Columbus', null, 'Cartwright', '1958-02-12 00:00:00', 'M', '221');
INSERT INTO "public"."person" VALUES ('222', 'Oscar', null, 'Mancini', '1987-03-02 00:00:00', 'M', '222');
INSERT INTO "public"."person" VALUES ('223', 'Marcel', null, 'Baughman', '1997-12-17 00:00:00', 'M', '223');
INSERT INTO "public"."person" VALUES ('224', 'Otis', null, 'Goodwin', '1987-05-25 00:00:00', 'M', '224');
INSERT INTO "public"."person" VALUES ('225', 'Bill', null, 'Jewell', '1998-12-30 00:00:00', 'M', '225');
INSERT INTO "public"."person" VALUES ('226', 'Reynaldo', null, 'Mundy', '1987-02-21 00:00:00', 'M', '226');
INSERT INTO "public"."person" VALUES ('227', 'Sylvester', null, 'Razo', '1989-08-09 00:00:00', 'M', '227');
INSERT INTO "public"."person" VALUES ('228', 'Hollis', null, 'Muniz', '1987-03-14 00:00:00', 'M', '228');
INSERT INTO "public"."person" VALUES ('229', 'Joshua', null, 'Read', '1997-08-31 00:00:00', 'M', '229');
INSERT INTO "public"."person" VALUES ('230', 'Marcelino', null, 'Vaughan', '1986-01-09 00:00:00', 'M', '230');
INSERT INTO "public"."person" VALUES ('231', 'Connie', null, 'Mancuso', '1995-10-28 00:00:00', 'M', '231');
INSERT INTO "public"."person" VALUES ('232', 'Homer', null, 'Dubois', '1996-07-25 00:00:00', 'M', '232');
INSERT INTO "public"."person" VALUES ('233', 'Otto', null, 'Gordon', '1998-12-08 00:00:00', 'M', '233');
INSERT INTO "public"."person" VALUES ('234', 'Josiah', null, 'Munn', '1987-09-08 00:00:00', 'M', '234');
INSERT INTO "public"."person" VALUES ('235', 'Rhett', null, 'Caruso', '1996-10-16 00:00:00', 'M', '235');
INSERT INTO "public"."person" VALUES ('236', 'Marcellus', null, 'Dubose', '1986-03-05 00:00:00', 'M', '236');
INSERT INTO "public"."person" VALUES ('237', 'Dante', null, 'Shively', '1990-01-11 00:00:00', 'M', '237');
INSERT INTO "public"."person" VALUES ('238', 'Emanuel', null, 'Baum', '1986-01-07 00:00:00', 'M', '238');
INSERT INTO "public"."person" VALUES ('239', 'Darell', null, 'Reagan', '1992-04-10 00:00:00', 'M', '239');
INSERT INTO "public"."person" VALUES ('240', 'Hong', null, 'Jewett', '1986-03-24 00:00:00', 'M', '240');
INSERT INTO "public"."person" VALUES ('241', 'Jospeh', null, 'Munoz', '1986-01-04 00:00:00', 'M', '241');
INSERT INTO "public"."person" VALUES ('242', 'Emerson', null, 'Reardon', '1997-12-03 00:00:00', 'M', '242');
INSERT INTO "public"."person" VALUES ('243', 'Billie', null, 'Vaughn', '1997-08-06 00:00:00', 'M', '243');
INSERT INTO "public"."person" VALUES ('244', 'Horace', null, 'Carvalho', '1984-05-18 00:00:00', 'M', '244');
INSERT INTO "public"."person" VALUES ('245', 'Tad', null, 'Gorham', '1989-08-05 00:00:00', 'M', '245');
INSERT INTO "public"."person" VALUES ('246', 'Daren', null, 'Munson', '1994-03-30 00:00:00', 'M', '246');
INSERT INTO "public"."person" VALUES ('247', 'Emery', null, 'Bauman', '1947-08-03 00:00:00', 'M', '247');
INSERT INTO "public"."person" VALUES ('248', 'Josue', null, 'Shockley', '1992-10-12 00:00:00', 'M', '248');
INSERT INTO "public"."person" VALUES ('249', 'Owen', null, 'Duckett', '1994-08-05 00:00:00', 'M', '249');
INSERT INTO "public"."person" VALUES ('250', 'Horacio', null, 'Vaught', '1994-05-23 00:00:00', 'M', '250');
INSERT INTO "public"."person" VALUES ('251', 'Marcelo', null, 'Reaves', '1997-05-07 00:00:00', 'M', '251');
INSERT INTO "public"."person" VALUES ('252', 'Darin', null, 'Murdock', '1992-01-26 00:00:00', 'M', '252');
INSERT INTO "public"."person" VALUES ('253', 'Juan', null, 'Maness', '1948-09-08 00:00:00', 'M', '253');
INSERT INTO "public"."person" VALUES ('254', 'Pablo', null, 'Jimenez', '1997-04-12 00:00:00', 'M', '254');
INSERT INTO "public"."person" VALUES ('255', 'Conrad', null, 'Shoemaker', '1997-07-17 00:00:00', 'M', '255');
INSERT INTO "public"."person" VALUES ('256', 'Marco', null, 'Carver', '1996-12-30 00:00:00', 'M', '256');
INSERT INTO "public"."person" VALUES ('257', 'Billy', null, 'Mangum', '1998-12-14 00:00:00', 'M', '257');
INSERT INTO "public"."person" VALUES ('258', 'Palmer', null, 'Gorman', '1988-05-10 00:00:00', 'M', '258');
INSERT INTO "public"."person" VALUES ('259', 'Hosea', null, 'Jobe', '1987-09-13 00:00:00', 'M', '259');
INSERT INTO "public"."person" VALUES ('260', 'Cordell', null, 'Duckworth', '1991-01-19 00:00:00', 'M', '260');
INSERT INTO "public"."person" VALUES ('261', 'Blaine', null, 'Rector', '1991-01-11 00:00:00', 'M', '261');
INSERT INTO "public"."person" VALUES ('262', 'Jude', null, 'Goss', '1997-11-19 00:00:00', 'M', '262');
INSERT INTO "public"."person" VALUES ('263', 'Corey', null, 'Baumann', '1986-03-06 00:00:00', 'M', '263');
INSERT INTO "public"."person" VALUES ('264', 'Blair', null, 'Cary', '1986-02-08 00:00:00', 'M', '264');
INSERT INTO "public"."person" VALUES ('265', 'Houston', null, 'Murillo', '1994-07-26 00:00:00', 'M', '265');
INSERT INTO "public"."person" VALUES ('266', 'Emil', null, 'Dudley', '1993-02-05 00:00:00', 'M', '266');
INSERT INTO "public"."person" VALUES ('267', 'Judson', null, 'Redd', '1993-07-07 00:00:00', 'M', '267');
INSERT INTO "public"."person" VALUES ('268', 'Ricardo', null, 'Gossett', '1990-05-28 00:00:00', 'M', '268');
INSERT INTO "public"."person" VALUES ('269', 'Tanner', null, 'Vazquez', '1986-01-04 00:00:00', 'M', '269');
INSERT INTO "public"."person" VALUES ('270', 'Rich', null, 'Baumgartner', '1995-11-08 00:00:00', 'M', '270');
INSERT INTO "public"."person" VALUES ('271', 'Howard', null, 'Duff', '1992-03-26 00:00:00', 'M', '271');
INSERT INTO "public"."person" VALUES ('272', 'Taylor', null, 'Shook', '1992-10-04 00:00:00', 'M', '272');
INSERT INTO "public"."person" VALUES ('273', 'Jules', null, 'Vega', '1990-08-26 00:00:00', 'M', '273');
INSERT INTO "public"."person" VALUES ('274', 'Hoyt', null, 'Casas', '1994-05-16 00:00:00', 'M', '274');
INSERT INTO "public"."person" VALUES ('275', 'Richard', null, 'Murphy', '1998-09-15 00:00:00', 'M', '275');
INSERT INTO "public"."person" VALUES ('276', 'Ted', null, 'Redden', '1991-07-09 00:00:00', 'M', '276');
INSERT INTO "public"."person" VALUES ('277', 'Julian', null, 'Bautista', '1992-11-13 00:00:00', 'M', '277');
INSERT INTO "public"."person" VALUES ('278', 'Dario', null, 'Manley', '1986-05-12 00:00:00', 'M', '278');
INSERT INTO "public"."person" VALUES ('279', 'Richie', null, 'Murray', '1997-09-05 00:00:00', 'M', '279');
INSERT INTO "public"."person" VALUES ('280', 'Marcos', null, 'Joe', '1992-08-23 00:00:00', 'M', '280');
INSERT INTO "public"."person" VALUES ('281', 'Hubert', null, 'Mann', '1991-01-20 00:00:00', 'M', '281');
INSERT INTO "public"."person" VALUES ('282', 'Emile', null, 'Case', '1993-10-05 00:00:00', 'M', '282');
INSERT INTO "public"."person" VALUES ('283', 'Paris', null, 'Shore', '1995-09-13 00:00:00', 'M', '283');
INSERT INTO "public"."person" VALUES ('284', 'Teddy', null, 'Gough', '1995-09-21 00:00:00', 'M', '284');
INSERT INTO "public"."person" VALUES ('285', 'Cornelius', null, 'Duffy', '1951-07-15 00:00:00', 'M', '285');
INSERT INTO "public"."person" VALUES ('286', 'Marcus', null, 'Velasco', '1987-07-10 00:00:00', 'M', '286');
INSERT INTO "public"."person" VALUES ('287', 'Blake', null, 'Shores', '1989-02-07 00:00:00', 'M', '287');
INSERT INTO "public"."person" VALUES ('288', 'Cornell', null, 'Velasquez', '1997-08-14 00:00:00', 'M', '288');
INSERT INTO "public"."person" VALUES ('289', 'Darius', null, 'Baxley', '1992-03-13 00:00:00', 'M', '289');
INSERT INTO "public"."person" VALUES ('290', 'Bo', null, 'Johansen', '1967-12-20 00:00:00', 'M', '290');
INSERT INTO "public"."person" VALUES ('291', 'Julio', null, 'Gould', '1996-08-13 00:00:00', 'M', '291');
INSERT INTO "public"."person" VALUES ('292', 'Huey', null, 'Reddick', '1989-03-19 00:00:00', 'M', '292');
INSERT INTO "public"."person" VALUES ('293', 'Parker', null, 'Casey', '1991-11-27 00:00:00', 'M', '293');
INSERT INTO "public"."person" VALUES ('294', 'Cortez', null, 'Short', '1986-04-01 00:00:00', 'M', '294');
INSERT INTO "public"."person" VALUES ('295', 'Julius', null, 'Velazquez', '1957-01-25 00:00:00', 'M', '295');
INSERT INTO "public"."person" VALUES ('296', 'Rick', null, 'Shorter', '1993-05-26 00:00:00', 'M', '296');
INSERT INTO "public"."person" VALUES ('297', 'Bob', null, 'Velez', '1986-05-18 00:00:00', 'M', '297');
INSERT INTO "public"."person" VALUES ('298', 'Cory', null, 'Baxter', '1997-04-22 00:00:00', 'M', '298');
INSERT INTO "public"."person" VALUES ('299', 'Teodoro', null, 'Cash', '1991-10-28 00:00:00', 'M', '299');
INSERT INTO "public"."person" VALUES ('300', 'Margarito', null, 'Manning', '1994-03-09 00:00:00', 'M', '300');
INSERT INTO "public"."person" VALUES ('301', 'Pasquale', null, 'John', '1996-01-28 00:00:00', 'M', '301');
INSERT INTO "public"."person" VALUES ('302', 'Emilio', null, 'Shrader', '1990-08-05 00:00:00', 'M', '302');
INSERT INTO "public"."person" VALUES ('303', 'Maria', null, 'Manns', '1986-01-06 00:00:00', 'M', '303');
INSERT INTO "public"."person" VALUES ('304', 'Pat', null, 'Murrell', '1990-05-26 00:00:00', 'M', '304');
INSERT INTO "public"."person" VALUES ('305', 'Bobbie', null, 'Redding', '1986-03-20 00:00:00', 'M', '305');
INSERT INTO "public"."person" VALUES ('306', 'Mariano', null, 'Dugan', '1990-09-19 00:00:00', 'M', '306');
INSERT INTO "public"."person" VALUES ('307', 'Patricia', null, 'Goulet', '1986-02-20 00:00:00', 'M', '307');
INSERT INTO "public"."person" VALUES ('308', 'Courtney', null, 'Dugas', '1991-10-17 00:00:00', 'M', '308');
INSERT INTO "public"."person" VALUES ('309', 'Rickey', null, 'Venable', '1993-12-07 00:00:00', 'M', '309');
INSERT INTO "public"."person" VALUES ('310', 'Bobby', null, 'Shuler', '1998-02-05 00:00:00', 'M', '310');
INSERT INTO "public"."person" VALUES ('311', 'Darnell', null, 'Johns', '1989-11-10 00:00:00', 'M', '311');
INSERT INTO "public"."person" VALUES ('312', 'Terence', null, 'Murry', '1993-08-20 00:00:00', 'M', '312');
INSERT INTO "public"."person" VALUES ('313', 'Rickie', null, 'Grace', '1986-01-08 00:00:00', 'M', '313');
INSERT INTO "public"."person" VALUES ('314', 'Terrance', null, 'Reddy', '1986-01-20 00:00:00', 'M', '314');
INSERT INTO "public"."person" VALUES ('315', 'Hugh', null, 'Duggan', '1986-01-05 00:00:00', 'M', '315');
INSERT INTO "public"."person" VALUES ('316', 'Mario', null, 'Mansfield', '1989-07-11 00:00:00', 'M', '316');
INSERT INTO "public"."person" VALUES ('317', 'Patrick', null, 'Johnson', '1994-12-07 00:00:00', 'M', '317');
INSERT INTO "public"."person" VALUES ('318', 'Coy', null, 'Manson', '1986-03-13 00:00:00', 'M', '318');
INSERT INTO "public"."person" VALUES ('319', 'Ricky', null, 'Johnston', '1986-03-15 00:00:00', 'M', '319');
INSERT INTO "public"."person" VALUES ('320', 'Marion', null, 'Gracia', '1987-07-17 00:00:00', 'M', '320');
INSERT INTO "public"."person" VALUES ('321', 'Emmanuel', null, 'Manuel', '1994-08-31 00:00:00', 'M', '321');
INSERT INTO "public"."person" VALUES ('322', 'Junior', null, 'Dugger', '1957-03-27 00:00:00', 'M', '322');
INSERT INTO "public"."person" VALUES ('323', 'Paul', null, 'Muse', '1997-03-05 00:00:00', 'M', '323');
INSERT INTO "public"."person" VALUES ('324', 'Terrell', null, 'Venegas', '1947-07-25 00:00:00', 'M', '324');
INSERT INTO "public"."person" VALUES ('325', 'Hugo', null, 'Joiner', '1988-02-12 00:00:00', 'M', '325');
INSERT INTO "public"."person" VALUES ('326', 'Rico', null, 'Bayer', '1988-04-30 00:00:00', 'M', '326');
INSERT INTO "public"."person" VALUES ('327', 'Booker', null, 'Casillas', '1996-10-06 00:00:00', 'M', '327');
INSERT INTO "public"."person" VALUES ('328', 'Daron', null, 'Manzo', '1994-07-09 00:00:00', 'M', '328');
INSERT INTO "public"."person" VALUES ('329', 'Terrence', null, 'Grady', '1996-07-29 00:00:00', 'M', '329');
INSERT INTO "public"."person" VALUES ('330', 'Craig', null, 'Duke', '1992-12-03 00:00:00', 'M', '330');
INSERT INTO "public"."person" VALUES ('331', 'Rigoberto', null, 'Graf', '1961-11-22 00:00:00', 'M', '331');
INSERT INTO "public"."person" VALUES ('332', 'Justin', null, 'Redman', '1988-10-08 00:00:00', 'M', '332');
INSERT INTO "public"."person" VALUES ('333', 'Emmett', null, 'Shull', '1997-02-23 00:00:00', 'M', '333');
INSERT INTO "public"."person" VALUES ('334', 'Darrel', null, 'Musgrove', '1993-11-26 00:00:00', 'M', '334');
INSERT INTO "public"."person" VALUES ('335', 'Terry', null, 'Jolley', '1993-08-23 00:00:00', 'M', '335');
INSERT INTO "public"."person" VALUES ('336', 'Emmitt', null, 'Redmon', '1994-01-23 00:00:00', 'M', '336');
INSERT INTO "public"."person" VALUES ('337', 'Mark', null, 'Baylor', '1988-01-09 00:00:00', 'M', '337');
INSERT INTO "public"."person" VALUES ('338', 'Boris', null, 'Dukes', '1989-09-27 00:00:00', 'M', '338');
INSERT INTO "public"."person" VALUES ('339', 'Riley', null, 'Caskey', '1995-09-19 00:00:00', 'M', '339');
INSERT INTO "public"."person" VALUES ('340', 'Humberto', null, 'Musser', '1993-02-08 00:00:00', 'M', '340');
INSERT INTO "public"."person" VALUES ('341', 'Cristobal', null, 'Redmond', '1992-07-24 00:00:00', 'M', '341');
INSERT INTO "public"."person" VALUES ('342', 'Thad', null, 'Myers', '1986-02-27 00:00:00', 'M', '342');
INSERT INTO "public"."person" VALUES ('343', 'Darrell', null, 'Maples', '1951-12-21 00:00:00', 'M', '343');
INSERT INTO "public"."person" VALUES ('344', 'Boyce', null, 'Ventura', '1957-05-18 00:00:00', 'M', '344');
INSERT INTO "public"."person" VALUES ('345', 'Rob', null, 'Reece', '1998-08-04 00:00:00', 'M', '345');
INSERT INTO "public"."person" VALUES ('346', 'Kareem', null, 'Graff', '1989-02-19 00:00:00', 'M', '346');
INSERT INTO "public"."person" VALUES ('347', 'Pedro', null, 'Shultz', '1988-03-08 00:00:00', 'M', '347');
INSERT INTO "public"."person" VALUES ('348', 'Thaddeus', null, 'Bayne', '1989-04-02 00:00:00', 'M', '348');
INSERT INTO "public"."person" VALUES ('349', 'Markus', null, 'Myles', '1992-08-14 00:00:00', 'M', '349');
INSERT INTO "public"."person" VALUES ('350', 'Percy', null, 'Jolly', '1988-06-25 00:00:00', 'M', '350');
INSERT INTO "public"."person" VALUES ('351', 'Cristopher', null, 'Vera', '1994-01-11 00:00:00', 'M', '351');
INSERT INTO "public"."person" VALUES ('352', 'Robbie', null, 'Marble', '1996-10-27 00:00:00', 'M', '352');
INSERT INTO "public"."person" VALUES ('353', 'Emory', null, 'Cason', '1956-01-22 00:00:00', 'M', '353');
INSERT INTO "public"."person" VALUES ('354', 'Boyd', null, 'Jones', '1998-03-15 00:00:00', 'M', '354');
INSERT INTO "public"."person" VALUES ('355', 'Darren', null, 'Reed', '1986-01-21 00:00:00', 'M', '355');
INSERT INTO "public"."person" VALUES ('356', 'Enoch', null, 'Dumas', '1991-01-12 00:00:00', 'M', '356');
INSERT INTO "public"."person" VALUES ('357', 'Marlin', null, 'Shumaker', '1996-05-04 00:00:00', 'M', '357');
INSERT INTO "public"."person" VALUES ('358', 'Perry', null, 'Beach', '1998-07-18 00:00:00', 'M', '358');
INSERT INTO "public"."person" VALUES ('359', 'Darrick', null, 'Casper', '1988-05-17 00:00:00', 'M', '359');
INSERT INTO "public"."person" VALUES ('360', 'Enrique', null, 'Verdin', '1986-04-04 00:00:00', 'M', '360');
INSERT INTO "public"."person" VALUES ('361', 'Hung', null, 'Myrick', '1991-05-21 00:00:00', 'M', '361');
INSERT INTO "public"."person" VALUES ('362', 'Darrin', null, 'Graham', '1996-01-31 00:00:00', 'M', '362');
INSERT INTO "public"."person" VALUES ('363', 'Abdul', null, 'Reeder', '1986-02-01 00:00:00', 'M', '363');
INSERT INTO "public"."person" VALUES ('364', 'Marlon', null, 'Beal', '1986-01-10 00:00:00', 'M', '364');
INSERT INTO "public"."person" VALUES ('365', 'Erasmo', null, 'Nabors', '1993-10-03 00:00:00', 'M', '365');
INSERT INTO "public"."person" VALUES ('366', 'Peter', null, 'March', '1987-11-02 00:00:00', 'M', '366');
INSERT INTO "public"."person" VALUES ('367', 'Karl', null, 'Cass', '1993-12-03 00:00:00', 'M', '367');
INSERT INTO "public"."person" VALUES ('368', 'Hunter', null, 'Beale', '1973-02-22 00:00:00', 'M', '368');
INSERT INTO "public"."person" VALUES ('369', 'Thanh', null, 'Reedy', '1998-10-17 00:00:00', 'M', '369');
INSERT INTO "public"."person" VALUES ('370', 'Darron', null, 'Dunaway', '1994-04-11 00:00:00', 'M', '370');
INSERT INTO "public"."person" VALUES ('371', 'Brad', null, 'Granados', '1952-01-12 00:00:00', 'M', '371');
INSERT INTO "public"."person" VALUES ('372', 'Marquis', null, 'Cassidy', '1993-12-14 00:00:00', 'M', '372');
INSERT INTO "public"."person" VALUES ('373', 'Eric', null, 'Dunbar', '1997-05-02 00:00:00', 'M', '373');
INSERT INTO "public"."person" VALUES ('374', 'Kasey', null, 'Shuman', '1997-10-07 00:00:00', 'M', '374');
INSERT INTO "public"."person" VALUES ('375', 'Phil', null, 'Beall', '1988-01-23 00:00:00', 'M', '375');
INSERT INTO "public"."person" VALUES ('376', 'Darryl', null, 'Vernon', '1990-12-12 00:00:00', 'M', '376');
INSERT INTO "public"."person" VALUES ('377', 'Erich', null, 'Granger', '1993-06-26 00:00:00', 'M', '377');
INSERT INTO "public"."person" VALUES ('378', 'Hyman', null, 'Duncan', '1986-03-06 00:00:00', 'M', '378');
INSERT INTO "public"."person" VALUES ('379', 'Abe', null, 'Shumate', '1987-08-17 00:00:00', 'M', '379');
INSERT INTO "public"."person" VALUES ('380', 'Robby', null, 'Castaneda', '1993-06-11 00:00:00', 'M', '380');
INSERT INTO "public"."person" VALUES ('381', 'Bradford', null, 'Vest', '1987-08-20 00:00:00', 'M', '381');
INSERT INTO "public"."person" VALUES ('382', 'Darwin', null, 'Jordan', '1989-02-10 00:00:00', 'M', '382');
INSERT INTO "public"."person" VALUES ('383', 'Marshall', null, 'Marchand', '1988-02-28 00:00:00', 'M', '383');
INSERT INTO "public"."person" VALUES ('384', 'Abel', null, 'Grant', '1986-01-09 00:00:00', 'M', '384');
INSERT INTO "public"."person" VALUES ('385', 'Theo', null, 'Sibley', '1995-06-04 00:00:00', 'M', '385');
INSERT INTO "public"."person" VALUES ('386', 'Robert', null, 'Dunham', '1991-07-09 00:00:00', 'M', '386');
INSERT INTO "public"."person" VALUES ('387', 'Bradley', null, 'Vetter', '1994-04-26 00:00:00', 'M', '387');
INSERT INTO "public"."person" VALUES ('388', 'Erick', null, 'Jordon', '1980-06-30 00:00:00', 'M', '388');
INSERT INTO "public"."person" VALUES ('389', 'Theodore', null, 'Nadeau', '1986-01-01 00:00:00', 'M', '389');
INSERT INTO "public"."person" VALUES ('390', 'Keenan', null, 'Grantham', '1991-11-05 00:00:00', 'M', '390');
INSERT INTO "public"."person" VALUES ('391', 'Ian', null, 'Beals', '1991-07-26 00:00:00', 'M', '391');
INSERT INTO "public"."person" VALUES ('392', 'Roberto', null, 'Rees', '1989-04-02 00:00:00', 'M', '392');
INSERT INTO "public"."person" VALUES ('393', 'Theron', null, 'Casteel', '1998-02-15 00:00:00', 'M', '393');
INSERT INTO "public"."person" VALUES ('394', 'Philip', null, 'Sides', '1992-01-19 00:00:00', 'M', '394');
INSERT INTO "public"."person" VALUES ('395', 'Robin', null, 'Nagel', '1991-12-06 00:00:00', 'M', '395');
INSERT INTO "public"."person" VALUES ('396', 'Martin', null, 'Dunlap', '1992-02-07 00:00:00', 'M', '396');
INSERT INTO "public"."person" VALUES ('397', 'Phillip', null, 'Reese', '1992-09-14 00:00:00', 'M', '397');
INSERT INTO "public"."person" VALUES ('398', 'Keith', null, 'Vick', '1992-02-02 00:00:00', 'M', '398');
INSERT INTO "public"."person" VALUES ('399', 'Thomas', null, 'Graves', '1994-06-17 00:00:00', 'M', '399');
INSERT INTO "public"."person" VALUES ('400', 'Abraham', null, 'Nagle', '1988-03-06 00:00:00', 'M', '400');
INSERT INTO "public"."person" VALUES ('401', 'Robt', null, 'Reeves', '1994-05-01 00:00:00', 'M', '401');
INSERT INTO "public"."person" VALUES ('402', 'Bradly', null, 'Beam', '1997-07-18 00:00:00', 'M', '402');
INSERT INTO "public"."person" VALUES ('403', 'Thurman', null, 'Castellano', '1961-03-26 00:00:00', 'M', '403');
INSERT INTO "public"."person" VALUES ('404', 'Daryl', null, 'Siegel', '1995-02-07 00:00:00', 'M', '404');
INSERT INTO "public"."person" VALUES ('405', 'Marty', null, 'Dunn', '1995-12-03 00:00:00', 'M', '405');
INSERT INTO "public"."person" VALUES ('406', 'Ignacio', null, 'Grayson', '1992-11-21 00:00:00', 'M', '406');
INSERT INTO "public"."person" VALUES ('407', 'Pierre', null, 'Dunne', '1996-04-02 00:00:00', 'M', '407');
INSERT INTO "public"."person" VALUES ('408', 'Rocky', null, 'Vickers', '1989-04-07 00:00:00', 'M', '408');
INSERT INTO "public"."person" VALUES ('409', 'Erik', null, 'Greathouse', '1946-01-09 00:00:00', 'M', '409');
INSERT INTO "public"."person" VALUES ('410', 'Abram', null, 'Bean', '1995-10-05 00:00:00', 'M', '410');
INSERT INTO "public"."person" VALUES ('411', 'Brady', null, 'Nagy', '1994-01-03 00:00:00', 'M', '411');
INSERT INTO "public"."person" VALUES ('412', 'Dave', null, 'Castellanos', '1988-01-30 00:00:00', 'M', '412');
INSERT INTO "public"."person" VALUES ('413', 'Marvin', null, 'Dunning', '1987-06-25 00:00:00', 'M', '413');
INSERT INTO "public"."person" VALUES ('414', 'Erin', null, 'Marcotte', '1987-05-16 00:00:00', 'M', '414');
INSERT INTO "public"."person" VALUES ('415', 'Adalberto', null, 'Regalado', '1986-01-06 00:00:00', 'M', '415');
INSERT INTO "public"."person" VALUES ('416', 'David', null, 'Najera', '1995-11-10 00:00:00', 'M', '416');
INSERT INTO "public"."person" VALUES ('417', 'Porfirio', null, 'Sierra', '1994-12-07 00:00:00', 'M', '417');
INSERT INTO "public"."person" VALUES ('418', 'Tim', null, 'Greco', '1986-09-08 00:00:00', 'M', '418');
INSERT INTO "public"."person" VALUES ('419', 'Rod', null, 'Duong', '1997-01-04 00:00:00', 'M', '419');
INSERT INTO "public"."person" VALUES ('420', 'Ernest', null, 'Vickery', '1971-11-13 00:00:00', 'M', '420');
INSERT INTO "public"."person" VALUES ('421', 'Mary', null, 'Beane', '1980-08-01 00:00:00', 'M', '421');
INSERT INTO "public"."person" VALUES ('422', 'Davis', null, 'Green', '1946-02-09 00:00:00', 'M', '422');
INSERT INTO "public"."person" VALUES ('423', 'Porter', null, 'Regan', '1963-08-04 00:00:00', 'M', '423');
INSERT INTO "public"."person" VALUES ('424', 'Ernesto', null, 'Sigler', '1990-11-19 00:00:00', 'M', '424');
INSERT INTO "public"."person" VALUES ('425', 'Mason', null, 'Nance', '1948-08-24 00:00:00', 'M', '425');
INSERT INTO "public"."person" VALUES ('426', 'Brain', null, 'Dupont', '1991-03-04 00:00:00', 'M', '426');
INSERT INTO "public"."person" VALUES ('427', 'Timmy', null, 'Register', '1990-09-09 00:00:00', 'M', '427');
INSERT INTO "public"."person" VALUES ('428', 'Preston', null, 'Jorgensen', '1987-09-20 00:00:00', 'M', '428');
INSERT INTO "public"."person" VALUES ('429', 'Mathew', null, 'Victor', '1969-12-25 00:00:00', 'M', '429');
INSERT INTO "public"."person" VALUES ('430', 'Adam', null, 'Sikes', '1995-05-25 00:00:00', 'M', '430');
INSERT INTO "public"."person" VALUES ('431', 'Kelley', null, 'Greenberg', '1992-12-22 00:00:00', 'M', '431');
INSERT INTO "public"."person" VALUES ('432', 'Roderick', null, 'Vidal', '1991-04-26 00:00:00', 'M', '432');
INSERT INTO "public"."person" VALUES ('433', 'Ike', null, 'Marcum', '1989-08-31 00:00:00', 'M', '433');
INSERT INTO "public"."person" VALUES ('434', 'Timothy', null, 'Dupre', '1984-09-19 00:00:00', 'M', '434');
INSERT INTO "public"."person" VALUES ('435', 'Rodger', null, 'Castillo', '1986-01-07 00:00:00', 'M', '435');
INSERT INTO "public"."person" VALUES ('436', 'Titus', null, 'Beard', '1992-06-01 00:00:00', 'M', '436');
INSERT INTO "public"."person" VALUES ('437', 'Kelly', null, 'Siler', '1998-05-13 00:00:00', 'M', '437');
INSERT INTO "public"."person" VALUES ('438', 'Dean', null, 'Napier', '1991-04-29 00:00:00', 'M', '438');
INSERT INTO "public"."person" VALUES ('439', 'Ira', null, 'Reich', '1997-01-31 00:00:00', 'M', '439');
INSERT INTO "public"."person" VALUES ('440', 'Ernie', null, 'Castle', '1998-12-28 00:00:00', 'M', '440');
INSERT INTO "public"."person" VALUES ('441', 'Deandre', null, 'Naquin', '1954-08-12 00:00:00', 'M', '441');
INSERT INTO "public"."person" VALUES ('442', 'Errol', null, 'Reichert', '1968-06-25 00:00:00', 'M', '442');
INSERT INTO "public"."person" VALUES ('443', 'Rodney', null, 'Bearden', '1952-05-09 00:00:00', 'M', '443');
INSERT INTO "public"."person" VALUES ('444', 'Prince', null, 'Jorgenson', '1969-07-24 00:00:00', 'M', '444');
INSERT INTO "public"."person" VALUES ('445', 'Kelvin', null, 'Castleberry', '1988-09-21 00:00:00', 'M', '445');
INSERT INTO "public"."person" VALUES ('446', 'Deangelo', null, 'Naranjo', '1946-02-09 00:00:00', 'M', '446');
INSERT INTO "public"."person" VALUES ('447', 'Ervin', null, 'Greene', '1955-12-30 00:00:00', 'M', '447');
INSERT INTO "public"."person" VALUES ('448', 'Irvin', null, 'Dupree', '1992-04-12 00:00:00', 'M', '448');
INSERT INTO "public"."person" VALUES ('449', 'Ken', null, 'Greenfield', '1963-12-18 00:00:00', 'M', '449');
INSERT INTO "public"."person" VALUES ('450', 'Irving', null, 'Marcus', '1986-07-16 00:00:00', 'M', '450');
INSERT INTO "public"."person" VALUES ('451', 'Branden', null, 'Jose', '1982-06-23 00:00:00', 'M', '451');
INSERT INTO "public"."person" VALUES ('452', 'Tobias', null, 'Viera', '1974-05-27 00:00:00', 'M', '452');
INSERT INTO "public"."person" VALUES ('453', 'Kendall', null, 'Reid', '1991-04-20 00:00:00', 'M', '453');
INSERT INTO "public"."person" VALUES ('454', 'Irwin', null, 'Mares', '1992-10-13 00:00:00', 'M', '454');
INSERT INTO "public"."person" VALUES ('455', 'Kendrick', null, 'Joyce', '1996-04-30 00:00:00', 'M', '455');
INSERT INTO "public"."person" VALUES ('456', 'Matt', null, 'Silver', '1998-09-27 00:00:00', 'M', '456');
INSERT INTO "public"."person" VALUES ('457', 'Isaac', null, 'Nash', '1994-11-04 00:00:00', 'M', '457');
INSERT INTO "public"."person" VALUES ('458', 'Keneth', null, 'Dupuis', '1992-11-11 00:00:00', 'M', '458');
INSERT INTO "public"."person" VALUES ('459', 'Isaias', null, 'Greenlee', '1990-05-26 00:00:00', 'M', '459');
INSERT INTO "public"."person" VALUES ('460', 'Kenneth', null, 'Marin', '1986-01-04 00:00:00', 'M', '460');
INSERT INTO "public"."person" VALUES ('461', 'Quentin', null, 'Beasley', '1990-03-31 00:00:00', 'M', '461');
INSERT INTO "public"."person" VALUES ('462', 'Rodolfo', null, 'Vigil', '1988-06-19 00:00:00', 'M', '462');
INSERT INTO "public"."person" VALUES ('463', 'Delbert', null, 'Joyner', '1993-02-09 00:00:00', 'M', '463');
INSERT INTO "public"."person" VALUES ('464', 'Erwin', null, 'Marino', '1990-02-21 00:00:00', 'M', '464');
INSERT INTO "public"."person" VALUES ('465', 'Matthew', null, 'Silverman', '1992-10-20 00:00:00', 'M', '465');
INSERT INTO "public"."person" VALUES ('466', 'Delmar', null, 'Castro', '1986-02-25 00:00:00', 'M', '466');
INSERT INTO "public"."person" VALUES ('467', 'Quincy', null, 'Beattie', '1994-12-21 00:00:00', 'M', '467');
INSERT INTO "public"."person" VALUES ('468', 'Maurice', null, 'Reilly', '1997-08-11 00:00:00', 'M', '468');
INSERT INTO "public"."person" VALUES ('469', 'Esteban', null, 'Villa', '1987-07-08 00:00:00', 'M', '469');
INSERT INTO "public"."person" VALUES ('470', 'Delmer', null, 'Silvers', '1994-02-14 00:00:00', 'M', '470');
INSERT INTO "public"."person" VALUES ('471', 'Toby', null, 'Caswell', '1998-04-02 00:00:00', 'M', '471');
INSERT INTO "public"."person" VALUES ('472', 'Ethan', null, 'Duran', '1974-01-10 00:00:00', 'M', '472');
INSERT INTO "public"."person" VALUES ('473', 'Isiah', null, 'Beatty', '1992-07-16 00:00:00', 'M', '473');
INSERT INTO "public"."person" VALUES ('474', 'Kennith', null, 'Catalano', '1946-01-10 00:00:00', 'M', '474');
INSERT INTO "public"."person" VALUES ('475', 'Adan', null, 'Greenwood', '1998-07-17 00:00:00', 'M', '475');
INSERT INTO "public"."person" VALUES ('476', 'Demarcus', null, 'Nation', '1946-01-02 00:00:00', 'M', '476');
INSERT INTO "public"."person" VALUES ('477', 'Eugene', null, 'Beaty', '1971-09-18 00:00:00', 'M', '477');
INSERT INTO "public"."person" VALUES ('478', 'Rodrick', null, 'Cates', '1987-09-16 00:00:00', 'M', '478');
INSERT INTO "public"."person" VALUES ('479', 'Tod', null, 'Beauchamp', '1987-03-21 00:00:00', 'M', '479');
INSERT INTO "public"."person" VALUES ('480', 'Isidro', null, 'Juarez', '1955-10-19 00:00:00', 'M', '480');
INSERT INTO "public"."person" VALUES ('481', 'Rodrigo', null, 'Marion', '1964-03-13 00:00:00', 'M', '481');
INSERT INTO "public"."person" VALUES ('482', 'Demetrius', null, 'Villalobos', '1989-03-27 00:00:00', 'M', '482');
INSERT INTO "public"."person" VALUES ('483', 'Brandon', null, 'Cathey', '1987-05-24 00:00:00', 'M', '483');
INSERT INTO "public"."person" VALUES ('484', 'Adolfo', null, 'Judd', '1990-11-25 00:00:00', 'M', '484');
INSERT INTO "public"."person" VALUES ('485', 'Todd', null, 'Mark', '1994-10-19 00:00:00', 'M', '485');
INSERT INTO "public"."person" VALUES ('486', 'Quinn', null, 'Jude', '1946-09-15 00:00:00', 'M', '486');
INSERT INTO "public"."person" VALUES ('487', 'Eugenio', null, 'Silvia', '1995-12-10 00:00:00', 'M', '487');
INSERT INTO "public"."person" VALUES ('488', 'Brant', null, 'Reinhardt', '1997-04-09 00:00:00', 'M', '488');
INSERT INTO "public"."person" VALUES ('489', 'Kenny', null, 'Durand', '1990-02-06 00:00:00', 'M', '489');
INSERT INTO "public"."person" VALUES ('490', 'Denis', null, 'Villanueva', '1987-10-13 00:00:00', 'M', '490');
INSERT INTO "public"."person" VALUES ('491', 'Ismael', null, 'Beaudoin', '1955-03-31 00:00:00', 'M', '491');
INSERT INTO "public"."person" VALUES ('492', 'Rogelio', null, 'Nava', '1992-12-11 00:00:00', 'M', '492');
INSERT INTO "public"."person" VALUES ('493', 'Tom', null, 'Greer', '1986-03-28 00:00:00', 'M', '493');
INSERT INTO "public"."person" VALUES ('494', 'Roger', null, 'Cato', '1990-10-19 00:00:00', 'M', '494');
INSERT INTO "public"."person" VALUES ('495', 'Mauricio', null, 'Markham', '1998-04-10 00:00:00', 'M', '495');
INSERT INTO "public"."person" VALUES ('496', 'Eusebio', null, 'Durant', '1991-05-21 00:00:00', 'M', '496');
INSERT INTO "public"."person" VALUES ('497', 'Adolph', null, 'Beaulieu', '1994-08-25 00:00:00', 'M', '497');
INSERT INTO "public"."person" VALUES ('498', 'Kent', null, 'Gregg', '1998-10-09 00:00:00', 'M', '498');
INSERT INTO "public"."person" VALUES ('499', 'Brendan', null, 'Reinhart', '1991-05-06 00:00:00', 'M', '499');
INSERT INTO "public"."person" VALUES ('500', 'Dennis', null, 'Navarrete', '1990-03-15 00:00:00', 'M', '500');
INSERT INTO "public"."person" VALUES ('501', 'Quintin', null, 'Judge', '1990-02-17 00:00:00', 'M', '501');
INSERT INTO "public"."person" VALUES ('502', 'Israel', null, 'Durbin', '1987-05-09 00:00:00', 'M', '502');
INSERT INTO "public"."person" VALUES ('503', 'Evan', null, 'Markley', '1989-10-20 00:00:00', 'M', '503');
INSERT INTO "public"."person" VALUES ('504', 'Denny', null, 'Julian', '1992-01-10 00:00:00', 'M', '504');
INSERT INTO "public"."person" VALUES ('505', 'Mauro', null, 'Gregory', '1948-01-29 00:00:00', 'M', '505');
INSERT INTO "public"."person" VALUES ('506', 'Tomas', null, 'Catron', '1987-02-18 00:00:00', 'M', '506');
INSERT INTO "public"."person" VALUES ('507', 'Everett', null, 'Durden', '1986-12-06 00:00:00', 'M', '507');
INSERT INTO "public"."person" VALUES ('508', 'Adrian', null, 'Marks', '1997-07-15 00:00:00', 'M', '508');
INSERT INTO "public"."person" VALUES ('509', 'Denver', null, 'Beauregard', '1990-05-08 00:00:00', 'M', '509');
INSERT INTO "public"."person" VALUES ('510', 'Brendon', null, 'Simmons', '1987-11-20 00:00:00', 'M', '510');
INSERT INTO "public"."person" VALUES ('511', 'Everette', null, 'Caudill', '1989-12-06 00:00:00', 'M', '511');
INSERT INTO "public"."person" VALUES ('512', 'Kenton', null, 'Jung', '1986-01-31 00:00:00', 'M', '512');
INSERT INTO "public"."person" VALUES ('513', 'Quinton', null, 'Beaver', '1998-11-11 00:00:00', 'M', '513');
INSERT INTO "public"."person" VALUES ('514', 'Agustin', null, 'Villareal', '1994-04-17 00:00:00', 'M', '514');
INSERT INTO "public"."person" VALUES ('515', 'Max', null, 'Reis', '1994-06-09 00:00:00', 'M', '515');
INSERT INTO "public"."person" VALUES ('516', 'Deon', null, 'Simms', '1994-07-25 00:00:00', 'M', '516');
INSERT INTO "public"."person" VALUES ('517', 'Rafael', null, 'Greiner', '1995-09-22 00:00:00', 'M', '517');
INSERT INTO "public"."person" VALUES ('518', 'Brent', null, 'Marlow', '1979-11-15 00:00:00', 'M', '518');
INSERT INTO "public"."person" VALUES ('519', 'Isreal', null, 'Navarro', '1987-12-01 00:00:00', 'M', '519');
INSERT INTO "public"."person" VALUES ('520', 'Roland', null, 'Justice', '1991-12-29 00:00:00', 'M', '520');
INSERT INTO "public"."person" VALUES ('521', 'Tommie', null, 'Villarreal', '1995-11-09 00:00:00', 'M', '521');
INSERT INTO "public"."person" VALUES ('522', 'Kermit', null, 'Caudle', '1998-09-09 00:00:00', 'M', '522');
INSERT INTO "public"."person" VALUES ('523', 'Ezekiel', null, 'Durham', '1989-11-03 00:00:00', 'M', '523');
INSERT INTO "public"."person" VALUES ('524', 'Rolando', null, 'Marlowe', '1989-09-21 00:00:00', 'M', '524');
INSERT INTO "public"."person" VALUES ('525', 'Maximo', null, 'Grenier', '1946-03-18 00:00:00', 'M', '525');
INSERT INTO "public"."person" VALUES ('526', 'Tommy', null, 'Beavers', '1991-08-27 00:00:00', 'M', '526');
INSERT INTO "public"."person" VALUES ('527', 'Issac', null, 'Justus', '1969-08-24 00:00:00', 'M', '527');
INSERT INTO "public"."person" VALUES ('528', 'Raleigh', null, 'Marquez', '1990-01-30 00:00:00', 'M', '528');
INSERT INTO "public"."person" VALUES ('529', 'Maxwell', null, 'Causey', '1995-03-04 00:00:00', 'M', '529');
INSERT INTO "public"."person" VALUES ('530', 'Ralph', null, 'Kahn', '1987-04-01 00:00:00', 'M', '530');
INSERT INTO "public"."person" VALUES ('531', 'Derek', null, 'Marquis', '1995-12-09 00:00:00', 'M', '531');
INSERT INTO "public"."person" VALUES ('532', 'Rolf', null, 'Kaiser', '1987-10-29 00:00:00', 'M', '532');
INSERT INTO "public"."person" VALUES ('533', 'Maynard', null, 'Becerra', '1989-02-01 00:00:00', 'M', '533');
INSERT INTO "public"."person" VALUES ('534', 'Kerry', null, 'Reiter', '1998-09-10 00:00:00', 'M', '534');
INSERT INTO "public"."person" VALUES ('535', 'Toney', null, 'Naylor', '1992-02-27 00:00:00', 'M', '535');
INSERT INTO "public"."person" VALUES ('536', 'Ivan', null, 'Durr', '1994-06-04 00:00:00', 'M', '536');
INSERT INTO "public"."person" VALUES ('537', 'Rolland', null, 'Marr', '1995-07-05 00:00:00', 'M', '537');
INSERT INTO "public"."person" VALUES ('538', 'Tony', null, 'Cavanaugh', '1990-12-20 00:00:00', 'M', '538');
INSERT INTO "public"."person" VALUES ('539', 'Ezequiel', null, 'Gresham', '1995-07-21 00:00:00', 'M', '539');
INSERT INTO "public"."person" VALUES ('540', 'Ahmad', null, 'Dutton', '1995-10-11 00:00:00', 'M', '540');
INSERT INTO "public"."person" VALUES ('541', 'Derick', null, 'Beck', '1988-11-18 00:00:00', 'M', '541');
INSERT INTO "public"."person" VALUES ('542', 'Ezra', null, 'Simon', '1986-02-10 00:00:00', 'M', '542');
INSERT INTO "public"."person" VALUES ('543', 'Ramiro', null, 'Villasenor', '1988-03-09 00:00:00', 'M', '543');
INSERT INTO "public"."person" VALUES ('544', 'Keven', null, 'Simone', '1997-05-16 00:00:00', 'M', '544');
INSERT INTO "public"."person" VALUES ('545', 'Roman', null, 'Cavazos', '1970-03-06 00:00:00', 'M', '545');
INSERT INTO "public"."person" VALUES ('546', 'Tory', null, 'Grice', '1993-05-28 00:00:00', 'M', '546');
INSERT INTO "public"."person" VALUES ('547', 'Derrick', null, 'Kaminski', '1989-11-01 00:00:00', 'M', '547');
INSERT INTO "public"."person" VALUES ('548', 'Mckinley', null, 'Marrero', '1997-08-03 00:00:00', 'M', '548');
INSERT INTO "public"."person" VALUES ('549', 'Fabian', null, 'Becker', '1995-04-17 00:00:00', 'M', '549');
INSERT INTO "public"."person" VALUES ('550', 'Deshawn', null, 'Rendon', '1989-06-06 00:00:00', 'M', '550');
INSERT INTO "public"."person" VALUES ('551', 'Ivory', null, 'Neal', '1946-01-10 00:00:00', 'M', '551');
INSERT INTO "public"."person" VALUES ('552', 'Romeo', null, 'Cecil', '1995-04-16 00:00:00', 'M', '552');
INSERT INTO "public"."person" VALUES ('553', 'Brenton', null, 'Beckett', '1990-05-22 00:00:00', 'M', '553');
INSERT INTO "public"."person" VALUES ('554', 'Ahmed', null, 'Renfro', '1994-12-25 00:00:00', 'M', '554');
INSERT INTO "public"."person" VALUES ('555', 'Faustino', null, 'Duval', '1965-12-03 00:00:00', 'M', '555');
INSERT INTO "public"."person" VALUES ('556', 'Bret', null, 'Grier', '1988-07-02 00:00:00', 'M', '556');
INSERT INTO "public"."person" VALUES ('557', 'Alan', null, 'Nealy', '1987-02-16 00:00:00', 'M', '557');
INSERT INTO "public"."person" VALUES ('558', 'Desmond', null, 'Kane', '1994-12-02 00:00:00', 'M', '558');
INSERT INTO "public"."person" VALUES ('559', 'Kevin', null, 'Duvall', '1993-11-25 00:00:00', 'M', '559');
INSERT INTO "public"."person" VALUES ('560', 'Tracey', null, 'Centeno', '1986-05-23 00:00:00', 'M', '560');
INSERT INTO "public"."person" VALUES ('561', 'Fausto', null, 'Beckham', '1986-04-21 00:00:00', 'M', '561');
INSERT INTO "public"."person" VALUES ('562', 'Ramon', null, 'Griffin', '1989-05-13 00:00:00', 'M', '562');
INSERT INTO "public"."person" VALUES ('563', 'Devin', null, 'Dwyer', '1998-03-20 00:00:00', 'M', '563');
INSERT INTO "public"."person" VALUES ('564', 'Jacinto', null, 'Cerda', '1995-11-29 00:00:00', 'M', '564');
INSERT INTO "public"."person" VALUES ('565', 'Mel', null, 'Marroquin', '1988-05-02 00:00:00', 'M', '565');
INSERT INTO "public"."person" VALUES ('566', 'Kieth', null, 'Griffis', '1994-03-15 00:00:00', 'M', '566');
INSERT INTO "public"."person" VALUES ('567', 'Randal', null, 'Dye', '1995-04-02 00:00:00', 'M', '567');
INSERT INTO "public"."person" VALUES ('568', 'Brett', null, 'Renner', '1986-12-14 00:00:00', 'M', '568');
INSERT INTO "public"."person" VALUES ('569', 'Albert', null, 'Griffith', '1997-07-04 00:00:00', 'M', '569');
INSERT INTO "public"."person" VALUES ('570', 'Brian', null, 'Villegas', '1946-02-16 00:00:00', 'M', '570');
INSERT INTO "public"."person" VALUES ('571', 'Jack', null, 'Kang', '1988-12-27 00:00:00', 'M', '571');
INSERT INTO "public"."person" VALUES ('572', 'Ron', null, 'Needham', '1998-02-12 00:00:00', 'M', '572');
INSERT INTO "public"."person" VALUES ('573', 'Tracy', null, 'Dyer', '1986-06-01 00:00:00', 'M', '573');
INSERT INTO "public"."person" VALUES ('574', 'Federico', null, 'Griffiths', '1975-06-21 00:00:00', 'M', '574');
INSERT INTO "public"."person" VALUES ('575', 'Melvin', null, 'Simons', '1998-01-18 00:00:00', 'M', '575');
INSERT INTO "public"."person" VALUES ('576', 'Randall', null, 'Marsh', '1991-09-23 00:00:00', 'M', '576');
INSERT INTO "public"."person" VALUES ('577', 'Ronald', null, 'Dykes', '1989-02-16 00:00:00', 'M', '577');
INSERT INTO "public"."person" VALUES ('578', 'Travis', null, 'Vincent', '1988-01-03 00:00:00', 'M', '578');
INSERT INTO "public"."person" VALUES ('579', 'Alberto', null, 'Simonson', '1994-12-04 00:00:00', 'M', '579');
INSERT INTO "public"."person" VALUES ('580', 'Ronnie', null, 'Reno', '1991-12-22 00:00:00', 'M', '580');
INSERT INTO "public"."person" VALUES ('581', 'Kim', null, 'Beckman', '1991-05-23 00:00:00', 'M', '581');
INSERT INTO "public"."person" VALUES ('582', 'Merle', null, 'Neel', '1995-07-21 00:00:00', 'M', '582');
INSERT INTO "public"."person" VALUES ('583', 'Devon', null, 'Vines', '1986-02-10 00:00:00', 'M', '583');
INSERT INTO "public"."person" VALUES ('584', 'Jackie', null, 'Cervantes', '1987-12-13 00:00:00', 'M', '584');
INSERT INTO "public"."person" VALUES ('585', 'Felipe', null, 'Kaplan', '1989-07-12 00:00:00', 'M', '585');
INSERT INTO "public"."person" VALUES ('586', 'King', null, 'Simpkins', '1995-07-18 00:00:00', 'M', '586');
INSERT INTO "public"."person" VALUES ('587', 'Randell', null, 'Griggs', '1994-12-09 00:00:00', 'M', '587');
INSERT INTO "public"."person" VALUES ('588', 'Merlin', null, 'Renteria', '1997-10-02 00:00:00', 'M', '588');
INSERT INTO "public"."person" VALUES ('589', 'Dewayne', null, 'Vinson', '1990-05-08 00:00:00', 'M', '589');
INSERT INTO "public"."person" VALUES ('590', 'Trent', null, 'Dyson', '1993-10-06 00:00:00', 'M', '590');
INSERT INTO "public"."person" VALUES ('591', 'Felix', null, 'Beckwith', '1952-02-05 00:00:00', 'M', '591');
INSERT INTO "public"."person" VALUES ('592', 'Randolph', null, 'Marshall', '1993-11-10 00:00:00', 'M', '592');
INSERT INTO "public"."person" VALUES ('593', 'Dewey', null, 'Karr', '1995-09-23 00:00:00', 'M', '593');
INSERT INTO "public"."person" VALUES ('594', 'Felton', null, 'Neeley', '1992-12-10 00:00:00', 'M', '594');
INSERT INTO "public"."person" VALUES ('595', 'Merrill', null, 'Chacon', '1995-10-28 00:00:00', 'M', '595');
INSERT INTO "public"."person" VALUES ('596', 'Randy', null, 'Simpson', '1986-10-31 00:00:00', 'M', '596');
INSERT INTO "public"."person" VALUES ('597', 'Brice', null, 'Becnel', '1996-05-10 00:00:00', 'M', '597');
INSERT INTO "public"."person" VALUES ('598', 'Alden', null, 'Chadwick', '1996-03-18 00:00:00', 'M', '598');
INSERT INTO "public"."person" VALUES ('599', 'Mervin', null, 'Martel', '1960-09-06 00:00:00', 'M', '599');
INSERT INTO "public"."person" VALUES ('600', 'Jackson', null, 'Vitale', '1986-01-01 00:00:00', 'M', '600');
INSERT INTO "public"."person" VALUES ('601', 'Britt', null, 'Kasper', '1982-03-13 00:00:00', 'M', '601');
INSERT INTO "public"."person" VALUES ('602', 'Dewitt', null, 'Sims', '1998-07-24 00:00:00', 'M', '602');
INSERT INTO "public"."person" VALUES ('603', 'Kip', null, 'Grigsby', '1990-02-26 00:00:00', 'M', '603');
INSERT INTO "public"."person" VALUES ('604', 'Aldo', null, 'Vogel', '1988-03-21 00:00:00', 'M', '604');
INSERT INTO "public"."person" VALUES ('605', 'Roosevelt', null, 'Bedard', '1984-01-18 00:00:00', 'M', '605');
INSERT INTO "public"."person" VALUES ('606', 'Raphael', null, 'Reyes', '1987-11-12 00:00:00', 'M', '606');
INSERT INTO "public"."person" VALUES ('607', 'Brock', null, 'Sinclair', '1997-06-23 00:00:00', 'M', '607');
INSERT INTO "public"."person" VALUES ('608', 'Trenton', null, 'Martell', '1992-12-09 00:00:00', 'M', '608');
INSERT INTO "public"."person" VALUES ('609', 'Jacob', null, 'Eagle', '1996-05-28 00:00:00', 'M', '609');
INSERT INTO "public"."person" VALUES ('610', 'Kirby', null, 'Grimes', '1991-12-23 00:00:00', 'M', '610');
INSERT INTO "public"."person" VALUES ('611', 'Alec', null, 'Katz', '1995-02-01 00:00:00', 'M', '611');
INSERT INTO "public"."person" VALUES ('612', 'Ferdinand', null, 'Earl', '1997-11-21 00:00:00', 'M', '612');
INSERT INTO "public"."person" VALUES ('613', 'Dexter', null, 'Neely', '1967-10-27 00:00:00', 'M', '613');
INSERT INTO "public"."person" VALUES ('614', 'Jacques', null, 'Grimm', '1997-12-12 00:00:00', 'M', '614');
INSERT INTO "public"."person" VALUES ('615', 'Kirk', null, 'Martens', '1990-09-29 00:00:00', 'M', '615');
INSERT INTO "public"."person" VALUES ('616', 'Micah', null, 'Chaffin', '1987-02-10 00:00:00', 'M', '616');
INSERT INTO "public"."person" VALUES ('617', 'Fermin', null, 'Kauffman', '1988-04-04 00:00:00', 'M', '617');
INSERT INTO "public"."person" VALUES ('618', 'Rory', null, 'Bedford', '1993-09-06 00:00:00', 'M', '618');
INSERT INTO "public"."person" VALUES ('619', 'Dick', null, 'Earle', '1995-10-23 00:00:00', 'M', '619');
INSERT INTO "public"."person" VALUES ('620', 'Fernando', null, 'Chalmers', '1994-03-21 00:00:00', 'M', '620');
INSERT INTO "public"."person" VALUES ('621', 'Trevor', null, 'Reyna', '1986-12-25 00:00:00', 'M', '621');
INSERT INTO "public"."person" VALUES ('622', 'Broderick', null, 'Grisham', '1989-09-26 00:00:00', 'M', '622');
INSERT INTO "public"."person" VALUES ('623', 'Rashad', null, 'Beeler', '1988-04-24 00:00:00', 'M', '623');
INSERT INTO "public"."person" VALUES ('624', 'Diego', null, 'Martin', '1998-09-28 00:00:00', 'M', '624');
INSERT INTO "public"."person" VALUES ('625', 'Rosario', null, 'Chamberlain', '1989-12-19 00:00:00', 'M', '625');
INSERT INTO "public"."person" VALUES ('626', 'Trey', null, 'Kaufman', '1991-07-10 00:00:00', 'M', '626');
INSERT INTO "public"."person" VALUES ('627', 'Jaime', null, 'Beers', '1957-01-13 00:00:00', 'M', '627');
INSERT INTO "public"."person" VALUES ('628', 'Korey', null, 'Chamberlin', '1986-10-21 00:00:00', 'M', '628');
INSERT INTO "public"."person" VALUES ('629', 'Jake', null, 'Begay', '1992-01-05 00:00:00', 'M', '629');
INSERT INTO "public"."person" VALUES ('630', 'Alejandro', null, 'Martindale', '1991-08-17 00:00:00', 'M', '630');
INSERT INTO "public"."person" VALUES ('631', 'Michael', null, 'Vogt', '1991-04-02 00:00:00', 'M', '631');
INSERT INTO "public"."person" VALUES ('632', 'Raul', null, 'Chambers', '1985-01-29 00:00:00', 'M', '632');
INSERT INTO "public"."person" VALUES ('633', 'Fidel', null, 'Singer', '1997-07-22 00:00:00', 'M', '633');
INSERT INTO "public"."person" VALUES ('634', 'Michal', null, 'Kay', '1963-10-20 00:00:00', 'M', '634');
INSERT INTO "public"."person" VALUES ('635', 'Roscoe', null, 'Neff', '1994-02-27 00:00:00', 'M', '635');
INSERT INTO "public"."person" VALUES ('636', 'Dillon', null, 'Voss', '1988-04-16 00:00:00', 'M', '636');
INSERT INTO "public"."person" VALUES ('637', 'Brooks', null, 'Earley', '1998-11-18 00:00:00', 'M', '637');
INSERT INTO "public"."person" VALUES ('638', 'Filiberto', null, 'Reynolds', '1986-07-17 00:00:00', 'M', '638');
INSERT INTO "public"."person" VALUES ('639', 'Kory', null, 'Martinez', '1996-08-09 00:00:00', 'M', '639');
INSERT INTO "public"."person" VALUES ('640', 'Ray', null, 'Kaye', '1992-09-06 00:00:00', 'M', '640');
INSERT INTO "public"."person" VALUES ('641', 'Dino', null, 'Martino', '1998-07-19 00:00:00', 'M', '641');
INSERT INTO "public"."person" VALUES ('642', 'Michale', null, 'Grissom', '1994-03-02 00:00:00', 'M', '642');
INSERT INTO "public"."person" VALUES ('643', 'Alex', null, 'Earls', '1982-11-09 00:00:00', 'M', '643');
INSERT INTO "public"."person" VALUES ('644', 'Rayford', null, 'Begley', '1998-05-25 00:00:00', 'M', '644');
INSERT INTO "public"."person" VALUES ('645', 'Micheal', null, 'Singh', '1993-02-23 00:00:00', 'M', '645');
INSERT INTO "public"."person" VALUES ('646', 'Bruce', null, 'Keane', '1987-10-22 00:00:00', 'M', '646');
INSERT INTO "public"."person" VALUES ('647', 'Fletcher', null, 'Martins', '1998-05-22 00:00:00', 'M', '647');
INSERT INTO "public"."person" VALUES ('648', 'Raymon', null, 'Griswold', '1946-01-10 00:00:00', 'M', '648');
INSERT INTO "public"."person" VALUES ('649', 'Trinidad', null, 'Champagne', '1994-10-02 00:00:00', 'M', '649');
INSERT INTO "public"."person" VALUES ('650', 'Alexander', null, 'Kearney', '1994-07-06 00:00:00', 'M', '650');
INSERT INTO "public"."person" VALUES ('651', 'Dion', null, 'Martz', '1986-06-10 00:00:00', 'M', '651');
INSERT INTO "public"."person" VALUES ('652', 'Bruno', null, 'Negrete', '1992-08-13 00:00:00', 'M', '652');
INSERT INTO "public"."person" VALUES ('653', 'Rosendo', null, 'Kearns', '1994-01-21 00:00:00', 'M', '653');
INSERT INTO "public"."person" VALUES ('654', 'Florencio', null, 'Waddell', '1993-08-17 00:00:00', 'M', '654');
INSERT INTO "public"."person" VALUES ('655', 'Jamaal', null, 'Early', '1969-08-04 00:00:00', 'M', '655');
INSERT INTO "public"."person" VALUES ('656', 'Tristan', null, 'Behrens', '1988-04-12 00:00:00', 'M', '656');
INSERT INTO "public"."person" VALUES ('657', 'Kraig', null, 'Groce', '1989-01-18 00:00:00', 'M', '657');
INSERT INTO "public"."person" VALUES ('658', 'Dirk', null, 'Easley', '1948-11-14 00:00:00', 'M', '658');
INSERT INTO "public"."person" VALUES ('659', 'Florentino', null, 'Champion', '1986-04-19 00:00:00', 'M', '659');
INSERT INTO "public"."person" VALUES ('660', 'Alexis', null, 'Belanger', '1992-02-23 00:00:00', 'M', '660');
INSERT INTO "public"."person" VALUES ('661', 'Bryan', null, 'Marvin', '1987-03-20 00:00:00', 'M', '661');
INSERT INTO "public"."person" VALUES ('662', 'Jamal', null, 'Chan', '1993-06-05 00:00:00', 'M', '662');
INSERT INTO "public"."person" VALUES ('663', 'Domenic', null, 'Singletary', '1994-08-21 00:00:00', 'M', '663');
INSERT INTO "public"."person" VALUES ('664', 'Kris', null, 'Wade', '1986-03-21 00:00:00', 'M', '664');
INSERT INTO "public"."person" VALUES ('665', 'Ross', null, 'Keating', '1998-05-21 00:00:00', 'M', '665');
INSERT INTO "public"."person" VALUES ('666', 'Jamar', null, 'Singleton', '1986-01-01 00:00:00', 'M', '666');
INSERT INTO "public"."person" VALUES ('667', 'Alfonso', null, 'Wadsworth', '1991-09-01 00:00:00', 'M', '667');
INSERT INTO "public"."person" VALUES ('668', 'Kristofer', null, 'Reynoso', '1990-05-30 00:00:00', 'M', '668');
INSERT INTO "public"."person" VALUES ('669', 'Michel', null, 'Belcher', '1989-04-16 00:00:00', 'M', '669');
INSERT INTO "public"."person" VALUES ('670', 'Floyd', null, 'Chance', '1983-05-14 00:00:00', 'M', '670');
INSERT INTO "public"."person" VALUES ('671', 'Raymond', null, 'Sipes', '1959-12-17 00:00:00', 'M', '671');
INSERT INTO "public"."person" VALUES ('672', 'Bryant', null, 'Marx', '1995-02-22 00:00:00', 'M', '672');
INSERT INTO "public"."person" VALUES ('673', 'Domingo', null, 'Bell', '1998-01-01 00:00:00', 'M', '673');
INSERT INTO "public"."person" VALUES ('674', 'Mickey', null, 'Waggoner', '1986-03-02 00:00:00', 'M', '674');
INSERT INTO "public"."person" VALUES ('675', 'Troy', null, 'Chandler', '1998-12-10 00:00:00', 'M', '675');
INSERT INTO "public"."person" VALUES ('676', 'Alfonzo', null, 'Grogan', '1987-10-24 00:00:00', 'M', '676');
INSERT INTO "public"."person" VALUES ('677', 'Bryce', null, 'Keaton', '1992-09-22 00:00:00', 'M', '677');
INSERT INTO "public"."person" VALUES ('678', 'Alfred', null, 'Negron', '1995-01-29 00:00:00', 'M', '678');
INSERT INTO "public"."person" VALUES ('679', 'Raymundo', null, 'Bellamy', '1986-03-18 00:00:00', 'M', '679');
INSERT INTO "public"."person" VALUES ('680', 'Miguel', null, 'Chaney', '1992-11-21 00:00:00', 'M', '680');
INSERT INTO "public"."person" VALUES ('681', 'Jame', null, 'Rhea', '1974-10-27 00:00:00', 'M', '681');
INSERT INTO "public"."person" VALUES ('682', 'Reed', null, 'Sisco', '1946-12-29 00:00:00', 'M', '682');
INSERT INTO "public"."person" VALUES ('683', 'Mike', null, 'Neil', '1986-01-07 00:00:00', 'M', '683');
INSERT INTO "public"."person" VALUES ('684', 'Kristopher', null, 'Bello', '1992-06-19 00:00:00', 'M', '684');
INSERT INTO "public"."person" VALUES ('685', 'Refugio', null, 'Mason', '1976-12-15 00:00:00', 'M', '685');
INSERT INTO "public"."person" VALUES ('686', 'Jamel', null, 'Eason', '1980-12-14 00:00:00', 'M', '686');
INSERT INTO "public"."person" VALUES ('687', 'Roy', null, 'Grooms', '1992-09-24 00:00:00', 'M', '687');
INSERT INTO "public"."person" VALUES ('688', 'Truman', null, 'Rhoades', '1986-03-28 00:00:00', 'M', '688');
INSERT INTO "public"."person" VALUES ('689', 'Bryon', null, 'East', '1986-02-19 00:00:00', 'M', '689');
INSERT INTO "public"."person" VALUES ('690', 'Royal', null, 'Keck', '1993-04-29 00:00:00', 'M', '690');
INSERT INTO "public"."person" VALUES ('691', 'Mikel', null, 'Neill', '1987-03-16 00:00:00', 'M', '691');
INSERT INTO "public"."person" VALUES ('692', 'Tuan', null, 'Rhoads', '1946-04-25 00:00:00', 'M', '692');
INSERT INTO "public"."person" VALUES ('693', 'Royce', null, 'Wagner', '1988-06-15 00:00:00', 'M', '693');
INSERT INTO "public"."person" VALUES ('694', 'Forest', null, 'Gross', '1986-05-25 00:00:00', 'M', '694');
INSERT INTO "public"."person" VALUES ('695', 'Kurt', null, 'Nelms', '1995-10-01 00:00:00', 'M', '695');
INSERT INTO "public"."person" VALUES ('696', 'Tyler', null, 'Easter', '1992-10-16 00:00:00', 'M', '696');
INSERT INTO "public"."person" VALUES ('697', 'James', null, 'Massey', '1990-12-08 00:00:00', 'M', '697');
INSERT INTO "public"."person" VALUES ('698', 'Kurtis', null, 'Kee', '1986-01-02 00:00:00', 'M', '698');
INSERT INTO "public"."person" VALUES ('699', 'Ruben', null, 'Chang', '1992-10-06 00:00:00', 'M', '699');
INSERT INTO "public"."person" VALUES ('700', 'Dominic', null, 'Massie', '1986-01-03 00:00:00', 'M', '700');
INSERT INTO "public"."person" VALUES ('701', 'Alfredo', null, 'Belt', '1986-03-30 00:00:00', 'M', '701');
INSERT INTO "public"."person" VALUES ('702', 'Reggie', null, 'Sisk', '1988-05-24 00:00:00', 'M', '702');
INSERT INTO "public"."person" VALUES ('703', 'Buck', null, 'Chapa', '1990-09-10 00:00:00', 'M', '703');
INSERT INTO "public"."person" VALUES ('704', 'Milan', null, 'Rhodes', '1986-05-20 00:00:00', 'M', '704');
INSERT INTO "public"."person" VALUES ('705', 'Forrest', null, 'Belton', '1988-09-12 00:00:00', 'M', '705');
INSERT INTO "public"."person" VALUES ('706', 'Ali', null, 'Nelson', '1996-11-23 00:00:00', 'M', '706');
INSERT INTO "public"."person" VALUES ('707', 'Tyree', null, 'Wagoner', '1989-06-27 00:00:00', 'M', '707');
INSERT INTO "public"."person" VALUES ('708', 'Bud', null, 'Chapin', '1992-01-26 00:00:00', 'M', '708');
INSERT INTO "public"."person" VALUES ('709', 'Dominick', null, 'Grossman', '1994-09-03 00:00:00', 'M', '709');
INSERT INTO "public"."person" VALUES ('710', 'Jamey', null, 'Ricci', '1989-07-02 00:00:00', 'M', '710');
INSERT INTO "public"."person" VALUES ('711', 'Rubin', null, 'Beltran', '1990-11-29 00:00:00', 'M', '711');
INSERT INTO "public"."person" VALUES ('712', 'Kyle', null, 'Chapman', '1998-05-22 00:00:00', 'M', '712');
INSERT INTO "public"."person" VALUES ('713', 'Reginald', null, 'Nesbitt', '1986-11-11 00:00:00', 'M', '713');
INSERT INTO "public"."person" VALUES ('714', 'Jamie', null, 'Keefe', '1991-08-08 00:00:00', 'M', '714');
INSERT INTO "public"."person" VALUES ('715', 'Miles', null, 'Benavides', '1996-04-17 00:00:00', 'M', '715');
INSERT INTO "public"."person" VALUES ('716', 'Foster', null, 'Rice', '1989-09-06 00:00:00', 'M', '716');
INSERT INTO "public"."person" VALUES ('717', 'Tyrell', null, 'Chappell', '1996-09-04 00:00:00', 'M', '717');
INSERT INTO "public"."person" VALUES ('718', 'Reid', null, 'Benavidez', '1996-02-07 00:00:00', 'M', '718');
INSERT INTO "public"."person" VALUES ('719', 'Rudolf', null, 'Sisson', '1990-02-28 00:00:00', 'M', '719');
INSERT INTO "public"."person" VALUES ('720', 'Dominique', null, 'Charles', '1992-06-10 00:00:00', 'M', '720');
INSERT INTO "public"."person" VALUES ('721', 'Lamar', null, 'Bender', '1997-10-22 00:00:00', 'M', '721');
INSERT INTO "public"."person" VALUES ('722', 'Allan', null, 'Wahl', '1986-04-06 00:00:00', 'M', '722');
INSERT INTO "public"."person" VALUES ('723', 'Jamison', null, 'Sizemore', '1990-10-17 00:00:00', 'M', '723');
INSERT INTO "public"."person" VALUES ('724', 'Tyron', null, 'Easterling', '1991-04-22 00:00:00', 'M', '724');
INSERT INTO "public"."person" VALUES ('725', 'Lamont', null, 'Nesmith', '1994-02-01 00:00:00', 'M', '725');
INSERT INTO "public"."person" VALUES ('726', 'Rudolph', null, 'Waite', '1991-10-02 00:00:00', 'M', '726');
INSERT INTO "public"."person" VALUES ('727', 'Buddy', null, 'Rich', '1989-07-28 00:00:00', 'M', '727');
INSERT INTO "public"."person" VALUES ('728', 'Tyrone', null, 'Skaggs', '1993-04-06 00:00:00', 'M', '728');
INSERT INTO "public"."person" VALUES ('729', 'Allen', null, 'Grove', '1979-08-26 00:00:00', 'M', '729');
INSERT INTO "public"."person" VALUES ('730', 'Buford', null, 'Wakefield', '1988-05-30 00:00:00', 'M', '730');
INSERT INTO "public"."person" VALUES ('731', 'Milford', null, 'Eastman', '1987-03-16 00:00:00', 'M', '731');
INSERT INTO "public"."person" VALUES ('732', 'Jan', null, 'Ness', '1986-08-05 00:00:00', 'M', '732');
INSERT INTO "public"."person" VALUES ('733', 'Frances', null, 'Skelton', '1988-08-07 00:00:00', 'M', '733');
INSERT INTO "public"."person" VALUES ('734', 'Lance', null, 'Grover', '1968-01-12 00:00:00', 'M', '734');
INSERT INTO "public"."person" VALUES ('735', 'Reinaldo', null, 'Richard', '1986-08-21 00:00:00', 'M', '735');
INSERT INTO "public"."person" VALUES ('736', 'Millard', null, 'Easton', '1994-04-18 00:00:00', 'M', '736');
INSERT INTO "public"."person" VALUES ('737', 'Renaldo', null, 'Groves', '1986-01-08 00:00:00', 'M', '737');
INSERT INTO "public"."person" VALUES ('738', 'Alonso', null, 'Mast', '1989-10-03 00:00:00', 'M', '738');
INSERT INTO "public"."person" VALUES ('739', 'Burl', null, 'Nettles', '1986-01-08 00:00:00', 'M', '739');
INSERT INTO "public"."person" VALUES ('740', 'Jared', null, 'Keefer', '1994-05-31 00:00:00', 'M', '740');
INSERT INTO "public"."person" VALUES ('741', 'Milton', null, 'Masters', '1996-06-13 00:00:00', 'M', '741');
INSERT INTO "public"."person" VALUES ('742', 'Renato', null, 'Richards', '1990-11-16 00:00:00', 'M', '742');
INSERT INTO "public"."person" VALUES ('743', 'Minh', null, 'Walden', '1984-04-29 00:00:00', 'M', '743');
INSERT INTO "public"."person" VALUES ('744', 'Rene', null, 'Charlton', '1986-01-04 00:00:00', 'M', '744');
INSERT INTO "public"."person" VALUES ('745', 'Alonzo', null, 'Eaton', '1986-08-17 00:00:00', 'M', '745');
INSERT INTO "public"."person" VALUES ('746', 'Don', null, 'Keegan', '1957-05-27 00:00:00', 'M', '746');
INSERT INTO "public"."person" VALUES ('747', 'Burt', null, 'Masterson', '1988-05-31 00:00:00', 'M', '747');
INSERT INTO "public"."person" VALUES ('748', 'Landon', null, 'Skidmore', '1993-03-29 00:00:00', 'M', '748');
INSERT INTO "public"."person" VALUES ('749', 'Miquel', null, 'Benedict', '1988-07-07 00:00:00', 'M', '749');
INSERT INTO "public"."person" VALUES ('750', 'Alphonse', null, 'Keel', '1970-05-27 00:00:00', 'M', '750');
INSERT INTO "public"."person" VALUES ('751', 'Rudy', null, 'Neuman', '1996-07-27 00:00:00', 'M', '751');
INSERT INTO "public"."person" VALUES ('752', 'Reuben', null, 'Waldron', '1986-04-03 00:00:00', 'M', '752');
INSERT INTO "public"."person" VALUES ('753', 'Mitch', null, 'Richardson', '1946-01-21 00:00:00', 'M', '753');
INSERT INTO "public"."person" VALUES ('754', 'Jarod', null, 'Neumann', '1998-04-28 00:00:00', 'M', '754');
INSERT INTO "public"."person" VALUES ('755', 'Rex', null, 'Grubb', '1994-08-20 00:00:00', 'M', '755');
INSERT INTO "public"."person" VALUES ('756', 'Tyson', null, 'Skinner', '1994-07-17 00:00:00', 'M', '756');
INSERT INTO "public"."person" VALUES ('757', 'Francesco', null, 'Mata', '1992-10-14 00:00:00', 'M', '757');
INSERT INTO "public"."person" VALUES ('758', 'Donald', null, 'Waldrop', '1987-03-21 00:00:00', 'M', '758');
INSERT INTO "public"."person" VALUES ('759', 'Burton', null, 'Richey', '1993-07-29 00:00:00', 'M', '759');
INSERT INTO "public"."person" VALUES ('760', 'Lane', null, 'Eaves', '1993-01-05 00:00:00', 'M', '760');
INSERT INTO "public"."person" VALUES ('761', 'Alphonso', null, 'Keeler', '1989-07-29 00:00:00', 'M', '761');
INSERT INTO "public"."person" VALUES ('762', 'Rueben', null, 'Nevarez', '1996-12-31 00:00:00', 'M', '762');
INSERT INTO "public"."person" VALUES ('763', 'Ulysses', null, 'Skipper', '1998-08-26 00:00:00', 'M', '763');
INSERT INTO "public"."person" VALUES ('764', 'Buster', null, 'Walker', '1992-02-16 00:00:00', 'M', '764');
INSERT INTO "public"."person" VALUES ('765', 'Mitchel', null, 'Grubbs', '1986-08-21 00:00:00', 'M', '765');
INSERT INTO "public"."person" VALUES ('766', 'Francis', null, 'Richie', '1961-10-11 00:00:00', 'M', '766');
INSERT INTO "public"."person" VALUES ('767', 'Alton', null, 'Slack', '1990-02-01 00:00:00', 'M', '767');
INSERT INTO "public"."person" VALUES ('768', 'Dong', null, 'Wallace', '1994-12-20 00:00:00', 'M', '768');
INSERT INTO "public"."person" VALUES ('769', 'Leland', null, 'Matheny', '1993-06-21 00:00:00', 'M', '769');
INSERT INTO "public"."person" VALUES ('770', 'Byron', null, 'Slade', '1995-07-21 00:00:00', 'M', '770');
INSERT INTO "public"."person" VALUES ('771', 'Mitchell', null, 'Ebert', '1986-01-28 00:00:00', 'M', '771');
INSERT INTO "public"."person" VALUES ('772', 'Rufus', null, 'Chase', '1986-03-29 00:00:00', 'M', '772');
INSERT INTO "public"."person" VALUES ('773', 'Lemuel', null, 'Neville', '1986-01-29 00:00:00', 'M', '773');
INSERT INTO "public"."person" VALUES ('774', 'Francisco', null, 'Keeling', '1987-03-27 00:00:00', 'M', '774');
INSERT INTO "public"."person" VALUES ('775', 'Modesto', null, 'Gruber', '1992-04-30 00:00:00', 'M', '775');
INSERT INTO "public"."person" VALUES ('776', 'Valentin', null, 'Richmond', '1998-11-24 00:00:00', 'M', '776');
INSERT INTO "public"."person" VALUES ('777', 'Donn', null, 'Newberry', '1946-03-27 00:00:00', 'M', '777');
INSERT INTO "public"."person" VALUES ('778', 'Len', null, 'Echevarria', '1990-08-16 00:00:00', 'M', '778');
INSERT INTO "public"."person" VALUES ('779', 'Mohamed', null, 'Matheson', '1996-11-01 00:00:00', 'M', '779');
INSERT INTO "public"."person" VALUES ('780', 'Frank', null, 'Benefield', '1988-12-24 00:00:00', 'M', '780');
INSERT INTO "public"."person" VALUES ('781', 'Lenard', null, 'Keen', '1987-08-16 00:00:00', 'M', '781');
INSERT INTO "public"."person" VALUES ('782', 'Moises', null, 'Guajardo', '1996-01-12 00:00:00', 'M', '782');
INSERT INTO "public"."person" VALUES ('783', 'Donnell', null, 'Chastain', '1990-02-01 00:00:00', 'M', '783');
INSERT INTO "public"."person" VALUES ('784', 'Alva', null, 'Wallen', '1993-05-08 00:00:00', 'M', '784');
INSERT INTO "public"."person" VALUES ('785', 'Caleb', null, 'Slagle', '1988-08-03 00:00:00', 'M', '785');
INSERT INTO "public"."person" VALUES ('786', 'Rupert', null, 'Mathews', '1986-01-06 00:00:00', 'M', '786');
INSERT INTO "public"."person" VALUES ('787', 'Valentine', null, 'Richter', '1996-09-09 00:00:00', 'M', '787');
INSERT INTO "public"."person" VALUES ('788', 'Lenny', null, 'Waller', '1988-07-13 00:00:00', 'M', '788');
INSERT INTO "public"."person" VALUES ('789', 'Monroe', null, 'Keenan', '1990-12-13 00:00:00', 'M', '789');
INSERT INTO "public"."person" VALUES ('790', 'Leo', null, 'Echols', '1989-07-16 00:00:00', 'M', '790');
INSERT INTO "public"."person" VALUES ('791', 'Frankie', null, 'Slater', '1989-11-28 00:00:00', 'M', '791');
INSERT INTO "public"."person" VALUES ('792', 'Jarred', null, 'Walling', '1997-04-17 00:00:00', 'M', '792');
INSERT INTO "public"."person" VALUES ('793', 'Russ', null, 'Mathis', '1991-08-01 00:00:00', 'M', '793');
INSERT INTO "public"."person" VALUES ('794', 'Lanny', null, 'Guenther', '1993-12-17 00:00:00', 'M', '794');
INSERT INTO "public"."person" VALUES ('795', 'Jarrett', null, 'Keene', '1998-05-21 00:00:00', 'M', '795');
INSERT INTO "public"."person" VALUES ('796', 'Vance', null, 'Slaton', '1997-06-05 00:00:00', 'M', '796');
INSERT INTO "public"."person" VALUES ('797', 'Monte', null, 'Eckert', '1990-07-24 00:00:00', 'M', '797');
INSERT INTO "public"."person" VALUES ('798', 'Larry', null, 'Matlock', '1959-10-26 00:00:00', 'M', '798');
INSERT INTO "public"."person" VALUES ('799', 'Russel', null, 'Keener', '1986-01-08 00:00:00', 'M', '799');
INSERT INTO "public"."person" VALUES ('800', 'Leon', null, 'Benitez', '1988-03-07 00:00:00', 'M', '800');
INSERT INTO "public"."person" VALUES ('801', 'Marni', null, 'Belanger', '1966-11-19 00:00:00', 'F', '801');
INSERT INTO "public"."person" VALUES ('802', 'Jocelyn', null, 'Chan', '1990-03-20 00:00:00', 'F', '802');
INSERT INTO "public"."person" VALUES ('803', 'Latoya', null, 'Belcher', '1992-07-20 00:00:00', 'F', '803');
INSERT INTO "public"."person" VALUES ('804', 'Chanel', null, 'Noel', '1990-03-08 00:00:00', 'F', '804');
INSERT INTO "public"."person" VALUES ('805', 'Jodee', null, 'Seibert', '1988-11-12 00:00:00', 'F', '805');
INSERT INTO "public"."person" VALUES ('806', 'Zulma', null, 'Triplett', '1956-09-20 00:00:00', 'F', '806');
INSERT INTO "public"."person" VALUES ('807', 'Vera', null, 'Mccarthy', '1989-04-19 00:00:00', 'F', '807');
INSERT INTO "public"."person" VALUES ('808', 'Gwen', null, 'Chance', '1993-02-13 00:00:00', 'F', '808');
INSERT INTO "public"."person" VALUES ('809', 'Patrice', null, 'Rios', '1986-02-18 00:00:00', 'F', '809');
INSERT INTO "public"."person" VALUES ('810', 'Sherron', null, 'Kinder', '1991-05-15 00:00:00', 'F', '810');
INSERT INTO "public"."person" VALUES ('811', 'Annamae', null, 'Seidel', '1989-05-30 00:00:00', 'F', '811');
INSERT INTO "public"."person" VALUES ('812', 'Marnie', null, 'Nolan', '1993-04-25 00:00:00', 'F', '812');
INSERT INTO "public"."person" VALUES ('813', 'Latoyia', null, 'Crenshaw', '1998-09-27 00:00:00', 'F', '813');
INSERT INTO "public"."person" VALUES ('814', 'Drucilla', null, 'Ripley', '1991-07-23 00:00:00', 'F', '814');
INSERT INTO "public"."person" VALUES ('815', 'Patricia', null, 'Mccartney', '1986-05-26 00:00:00', 'F', '815');
INSERT INTO "public"."person" VALUES ('816', 'Verda', null, 'Tripp', '1993-09-12 00:00:00', 'F', '816');
INSERT INTO "public"."person" VALUES ('817', 'Chanell', null, 'King', '1993-10-09 00:00:00', 'F', '817');
INSERT INTO "public"."person" VALUES ('818', 'Sherry', null, 'Fonseca', '1995-04-24 00:00:00', 'F', '818');
INSERT INTO "public"."person" VALUES ('819', 'Annamaria', null, 'Seifert', '1993-10-22 00:00:00', 'F', '819');
INSERT INTO "public"."person" VALUES ('820', 'Chanelle', null, 'Crespo', '1986-02-26 00:00:00', 'F', '820');
INSERT INTO "public"."person" VALUES ('821', 'Jodi', null, 'Fontaine', '1987-04-17 00:00:00', 'F', '821');
INSERT INTO "public"."person" VALUES ('822', 'Verdell', null, 'Noland', '1990-07-31 00:00:00', 'F', '822');
INSERT INTO "public"."person" VALUES ('823', 'Latrice', null, 'Bell', '1991-11-15 00:00:00', 'F', '823');
INSERT INTO "public"."person" VALUES ('824', 'Annamarie', null, 'Ritchey', '1987-10-21 00:00:00', 'F', '824');
INSERT INTO "public"."person" VALUES ('825', 'Chang', null, 'Trotter', '1993-04-08 00:00:00', 'F', '825');
INSERT INTO "public"."person" VALUES ('826', 'Sherryl', null, 'Seiler', '1994-04-17 00:00:00', 'F', '826');
INSERT INTO "public"."person" VALUES ('827', 'Marquerite', null, 'Chandler', '1992-07-19 00:00:00', 'F', '827');
INSERT INTO "public"."person" VALUES ('828', 'Jodie', null, 'Nolen', '1986-02-05 00:00:00', 'F', '828');
INSERT INTO "public"."person" VALUES ('829', 'Anne', null, 'Ritchie', '1966-11-08 00:00:00', 'F', '829');
INSERT INTO "public"."person" VALUES ('830', 'Chantal', null, 'Mccarty', '1986-01-06 00:00:00', 'F', '830');
INSERT INTO "public"."person" VALUES ('831', 'Gwenda', null, 'Kingsley', '1987-05-11 00:00:00', 'F', '831');
INSERT INTO "public"."person" VALUES ('832', 'Drusilla', null, 'Noonan', '1995-06-03 00:00:00', 'F', '832');
INSERT INTO "public"."person" VALUES ('833', 'Patrick', null, 'Ritter', '1987-05-03 00:00:00', 'F', '833');
INSERT INTO "public"."person" VALUES ('834', 'Marquetta', null, 'Bellamy', '1992-07-12 00:00:00', 'F', '834');
INSERT INTO "public"."person" VALUES ('835', 'Anneliese', null, 'Trout', '1991-12-21 00:00:00', 'F', '835');
INSERT INTO "public"."person" VALUES ('836', 'Patrina', null, 'Crews', '1947-01-24 00:00:00', 'F', '836');
INSERT INTO "public"."person" VALUES ('837', 'Chantay', null, 'Chaney', '1987-08-27 00:00:00', 'F', '837');
INSERT INTO "public"."person" VALUES ('838', 'Annelle', null, 'Seitz', '1998-07-16 00:00:00', 'F', '838');
INSERT INTO "public"."person" VALUES ('839', 'Marquita', null, 'Mccaskill', '1990-10-07 00:00:00', 'F', '839');
INSERT INTO "public"."person" VALUES ('840', 'Latricia', null, 'Fontenot', '1967-05-15 00:00:00', 'F', '840');
INSERT INTO "public"."person" VALUES ('841', 'Verdie', null, 'Crider', '1996-06-02 00:00:00', 'F', '841');
INSERT INTO "public"."person" VALUES ('842', 'Patsy', null, 'Norfleet', '1991-03-15 00:00:00', 'F', '842');
INSERT INTO "public"."person" VALUES ('843', 'Shery', null, 'Troutman', '1964-01-16 00:00:00', 'F', '843');
INSERT INTO "public"."person" VALUES ('844', 'Jody', null, 'Kinney', '1994-07-22 00:00:00', 'F', '844');
INSERT INTO "public"."person" VALUES ('845', 'Gwendolyn', null, 'Foote', '1991-07-10 00:00:00', 'F', '845');
INSERT INTO "public"."person" VALUES ('846', 'Chante', null, 'Rivas', '1993-07-24 00:00:00', 'F', '846');
INSERT INTO "public"."person" VALUES ('847', 'Latrina', null, 'Crisp', '1988-05-22 00:00:00', 'F', '847');
INSERT INTO "public"."person" VALUES ('848', 'Joe', null, 'Noriega', '1990-04-02 00:00:00', 'F', '848');
INSERT INTO "public"."person" VALUES ('849', 'Annemarie', null, 'Rivera', '1946-07-23 00:00:00', 'F', '849');
INSERT INTO "public"."person" VALUES ('850', 'Latrisha', null, 'Norman', '1995-04-11 00:00:00', 'F', '850');
INSERT INTO "public"."person" VALUES ('851', 'Marquitta', null, 'Bello', '1990-02-21 00:00:00', 'F', '851');
INSERT INTO "public"."person" VALUES ('852', 'Chantel', null, 'Rivers', '1975-08-09 00:00:00', 'F', '852');
INSERT INTO "public"."person" VALUES ('853', 'Patti', null, 'Chang', '1993-06-17 00:00:00', 'F', '853');
INSERT INTO "public"."person" VALUES ('854', 'Dulce', null, 'Mccauley', '1976-07-12 00:00:00', 'F', '854');
INSERT INTO "public"."person" VALUES ('855', 'Gwenn', null, 'Forbes', '1973-07-21 00:00:00', 'F', '855');
INSERT INTO "public"."person" VALUES ('856', 'Annett', null, 'Belt', '1988-07-20 00:00:00', 'F', '856');
INSERT INTO "public"."person" VALUES ('857', 'Chantell', null, 'Kinsey', '1993-02-26 00:00:00', 'F', '857');
INSERT INTO "public"."person" VALUES ('858', 'Annetta', null, 'Selby', '1989-10-03 00:00:00', 'F', '858');
INSERT INTO "public"."person" VALUES ('859', 'Joeann', null, 'Chapa', '1990-12-21 00:00:00', 'F', '859');
INSERT INTO "public"."person" VALUES ('860', 'Marry', null, 'Mcclain', '1997-09-12 00:00:00', 'F', '860');
INSERT INTO "public"."person" VALUES ('861', 'Pattie', null, 'Kirby', '1998-12-11 00:00:00', 'F', '861');
INSERT INTO "public"."person" VALUES ('862', 'Launa', null, 'Belton', '1990-09-14 00:00:00', 'F', '862');
INSERT INTO "public"."person" VALUES ('863', 'Dulcie', null, 'Trudeau', '1992-01-12 00:00:00', 'F', '863');
INSERT INTO "public"."person" VALUES ('864', 'Marsha', null, 'Norris', '1997-04-26 00:00:00', 'F', '864');
INSERT INTO "public"."person" VALUES ('865', 'Gwyn', null, 'Rizzo', '1958-08-08 00:00:00', 'F', '865');
INSERT INTO "public"."person" VALUES ('866', 'Patty', null, 'Crist', '1988-08-29 00:00:00', 'F', '866');
INSERT INTO "public"."person" VALUES ('867', 'Marshall', null, 'Mcclanahan', '1990-09-21 00:00:00', 'F', '867');
INSERT INTO "public"."person" VALUES ('868', 'Joel', null, 'Chapin', '1946-10-19 00:00:00', 'F', '868');
INSERT INTO "public"."person" VALUES ('869', 'Dung', null, 'Beltran', '1958-12-25 00:00:00', 'F', '869');
INSERT INTO "public"."person" VALUES ('870', 'Paul', null, 'Chapman', '1989-05-21 00:00:00', 'F', '870');
INSERT INTO "public"."person" VALUES ('871', 'Verena', null, 'Kirchner', '1986-04-08 00:00:00', 'F', '871');
INSERT INTO "public"."person" VALUES ('872', 'Marta', null, 'Foreman', '1990-01-01 00:00:00', 'F', '872');
INSERT INTO "public"."person" VALUES ('873', 'Laura', null, 'Self', '1992-05-11 00:00:00', 'F', '873');
INSERT INTO "public"."person" VALUES ('874', 'Gwyneth', null, 'Criswell', '1986-10-28 00:00:00', 'F', '874');
INSERT INTO "public"."person" VALUES ('875', 'Sheryl', null, 'North', '1987-07-22 00:00:00', 'F', '875');
INSERT INTO "public"."person" VALUES ('876', 'Joella', null, 'Foret', '1986-10-08 00:00:00', 'F', '876');
INSERT INTO "public"."person" VALUES ('877', 'Paula', null, 'Benavides', '1993-09-04 00:00:00', 'F', '877');
INSERT INTO "public"."person" VALUES ('878', 'Marth', null, 'Chappell', '1995-08-29 00:00:00', 'F', '878');
INSERT INTO "public"."person" VALUES ('879', 'Paulene', null, 'Mcclellan', '1993-12-25 00:00:00', 'F', '879');
INSERT INTO "public"."person" VALUES ('880', 'Martha', null, 'Crittenden', '1988-07-20 00:00:00', 'F', '880');
INSERT INTO "public"."person" VALUES ('881', 'Pauletta', null, 'Forman', '1998-09-18 00:00:00', 'F', '881');
INSERT INTO "public"."person" VALUES ('882', 'Chantelle', null, 'Truitt', '1986-08-19 00:00:00', 'F', '882');
INSERT INTO "public"."person" VALUES ('883', 'Lauralee', null, 'Kirk', '1988-02-16 00:00:00', 'F', '883');
INSERT INTO "public"."person" VALUES ('884', 'Dusti', null, 'Roach', '1995-05-20 00:00:00', 'F', '884');
INSERT INTO "public"."person" VALUES ('885', 'Hailey', null, 'Crocker', '1990-02-01 00:00:00', 'F', '885');
INSERT INTO "public"."person" VALUES ('886', 'Dusty', null, 'Benavidez', '1995-01-21 00:00:00', 'F', '886');
INSERT INTO "public"."person" VALUES ('887', 'Haley', null, 'Forney', '1994-01-07 00:00:00', 'F', '887');
INSERT INTO "public"."person" VALUES ('888', 'Joelle', null, 'Crockett', '1986-01-29 00:00:00', 'F', '888');
INSERT INTO "public"."person" VALUES ('889', 'Laure', null, 'Forrest', '1990-01-22 00:00:00', 'F', '889');
INSERT INTO "public"."person" VALUES ('890', 'Marti', null, 'Mcclelland', '1995-03-29 00:00:00', 'F', '890');
INSERT INTO "public"."person" VALUES ('891', 'Paulette', null, 'Sell', '1990-07-11 00:00:00', 'F', '891');
INSERT INTO "public"."person" VALUES ('892', 'Martin', null, 'Norton', '1957-03-02 00:00:00', 'F', '892');
INSERT INTO "public"."person" VALUES ('893', 'Vergie', null, 'Charles', '1986-12-01 00:00:00', 'F', '893');
INSERT INTO "public"."person" VALUES ('894', 'Annette', null, 'Kirkland', '1963-07-11 00:00:00', 'F', '894');
INSERT INTO "public"."person" VALUES ('895', 'Paulina', null, 'Trujillo', '1991-09-30 00:00:00', 'F', '895');
INSERT INTO "public"."person" VALUES ('896', 'Joellen', null, 'Sellers', '1992-08-08 00:00:00', 'F', '896');
INSERT INTO "public"."person" VALUES ('897', 'Laureen', null, 'Truong', '1986-06-16 00:00:00', 'F', '897');
INSERT INTO "public"."person" VALUES ('898', 'Joetta', null, 'Croft', '1991-03-09 00:00:00', 'F', '898');
INSERT INTO "public"."person" VALUES ('899', 'Dwana', null, 'Mcclendon', '1993-07-11 00:00:00', 'F', '899');
INSERT INTO "public"."person" VALUES ('900', 'Sheryll', null, 'Kirkpatrick', '1990-08-25 00:00:00', 'F', '900');
INSERT INTO "public"."person" VALUES ('901', 'Halina', null, 'Forrester', '1965-02-07 00:00:00', 'F', '901');
INSERT INTO "public"."person" VALUES ('902', 'Martina', null, 'Sells', '1988-04-09 00:00:00', 'F', '902');
INSERT INTO "public"."person" VALUES ('903', 'Dyan', null, 'Tubbs', '1996-06-13 00:00:00', 'F', '903');
INSERT INTO "public"."person" VALUES ('904', 'Charis', null, 'Sena', '1986-03-15 00:00:00', 'F', '904');
INSERT INTO "public"."person" VALUES ('905', 'Halley', null, 'Cromer', '1990-04-18 00:00:00', 'F', '905');
INSERT INTO "public"."person" VALUES ('906', 'Pauline', null, 'Forsyth', '1974-07-12 00:00:00', 'F', '906');
INSERT INTO "public"."person" VALUES ('907', 'Earlean', null, 'Bender', '1998-04-17 00:00:00', 'F', '907');
INSERT INTO "public"."person" VALUES ('908', 'Verla', null, 'Tuck', '1995-01-13 00:00:00', 'F', '908');
INSERT INTO "public"."person" VALUES ('909', 'Laurel', null, 'Charlton', '1956-05-10 00:00:00', 'F', '909');
INSERT INTO "public"."person" VALUES ('910', 'Shiela', null, 'Mcclintock', '1983-03-12 00:00:00', 'F', '910');
INSERT INTO "public"."person" VALUES ('911', 'Hallie', null, 'Roark', '1997-11-08 00:00:00', 'F', '911');
INSERT INTO "public"."person" VALUES ('912', 'Annice', null, 'Norwood', '1996-01-07 00:00:00', 'F', '912');
INSERT INTO "public"."person" VALUES ('913', 'Charise', null, 'Benedict', '1990-07-23 00:00:00', 'F', '913');
INSERT INTO "public"."person" VALUES ('914', 'Martine', null, 'Cromwell', '1991-07-29 00:00:00', 'F', '914');
INSERT INTO "public"."person" VALUES ('915', 'Paulita', null, 'Chase', '1988-06-21 00:00:00', 'F', '915');
INSERT INTO "public"."person" VALUES ('916', 'Joette', null, 'Forsythe', '1968-05-13 00:00:00', 'F', '916');
INSERT INTO "public"."person" VALUES ('917', 'Annie', null, 'Kirkwood', '1982-10-25 00:00:00', 'F', '917');
INSERT INTO "public"."person" VALUES ('918', 'Marty', null, 'Sepulveda', '1988-04-30 00:00:00', 'F', '918');
INSERT INTO "public"."person" VALUES ('919', 'Lauren', null, 'Mccloskey', '1992-09-30 00:00:00', 'F', '919');
INSERT INTO "public"."person" VALUES ('920', 'Charissa', null, 'Cronin', '1987-01-22 00:00:00', 'F', '920');
INSERT INTO "public"."person" VALUES ('921', 'Verlene', null, 'Robb', '1998-12-31 00:00:00', 'F', '921');
INSERT INTO "public"."person" VALUES ('922', 'Earleen', null, 'Benefield', '1987-01-03 00:00:00', 'F', '922');
INSERT INTO "public"."person" VALUES ('923', 'Annika', null, 'Tucker', '1986-03-23 00:00:00', 'F', '923');
INSERT INTO "public"."person" VALUES ('924', 'Hana', null, 'Kiser', '1992-04-21 00:00:00', 'F', '924');
INSERT INTO "public"."person" VALUES ('925', 'Charisse', null, 'Novak', '1994-04-23 00:00:00', 'F', '925');
INSERT INTO "public"."person" VALUES ('926', 'Shila', null, 'Chastain', '1998-10-19 00:00:00', 'F', '926');
INSERT INTO "public"."person" VALUES ('927', 'Verlie', null, 'Serna', '1998-09-21 00:00:00', 'F', '927');
INSERT INTO "public"."person" VALUES ('928', 'Joey', null, 'Benitez', '1991-06-16 00:00:00', 'F', '928');
INSERT INTO "public"."person" VALUES ('929', 'Shiloh', null, 'Chatman', '1967-04-10 00:00:00', 'F', '929');
INSERT INTO "public"."person" VALUES ('930', 'Laurena', null, 'Benjamin', '1996-10-23 00:00:00', 'F', '930');
INSERT INTO "public"."person" VALUES ('931', 'Annis', null, 'Mccloud', '1983-04-14 00:00:00', 'F', '931');
INSERT INTO "public"."person" VALUES ('932', 'Earlene', null, 'Fort', '1986-01-20 00:00:00', 'F', '932');
INSERT INTO "public"."person" VALUES ('933', 'Johana', null, 'Chau', '1994-12-15 00:00:00', 'F', '933');
INSERT INTO "public"."person" VALUES ('934', 'Hang', null, 'Kitchen', '1960-05-08 00:00:00', 'F', '934');
INSERT INTO "public"."person" VALUES ('935', 'Laurence', null, 'Robbins', '1948-01-06 00:00:00', 'F', '935');
INSERT INTO "public"."person" VALUES ('936', 'Charita', null, 'Benner', '1988-04-07 00:00:00', 'F', '936');
INSERT INTO "public"."person" VALUES ('937', 'Johanna', null, 'Nowak', '1997-08-07 00:00:00', 'F', '937');
INSERT INTO "public"."person" VALUES ('938', 'Verline', null, 'Crook', '1997-03-27 00:00:00', 'F', '938');
INSERT INTO "public"."person" VALUES ('939', 'Annita', null, 'Chavarria', '1990-09-01 00:00:00', 'F', '939');
INSERT INTO "public"."person" VALUES ('940', 'Earlie', null, 'Roberge', '1997-12-18 00:00:00', 'F', '940');
INSERT INTO "public"."person" VALUES ('941', 'Pearl', null, 'Nowlin', '1987-03-01 00:00:00', 'F', '941');
INSERT INTO "public"."person" VALUES ('942', 'Marva', null, 'Bennett', '1949-02-13 00:00:00', 'F', '942');
INSERT INTO "public"."person" VALUES ('943', 'Pearle', null, 'Tuggle', '1993-01-10 00:00:00', 'F', '943');
INSERT INTO "public"."person" VALUES ('944', 'Charity', null, 'Forte', '1986-01-08 00:00:00', 'F', '944');
INSERT INTO "public"."person" VALUES ('945', 'Laurene', null, 'Chavez', '1993-12-22 00:00:00', 'F', '945');
INSERT INTO "public"."person" VALUES ('946', 'Marvel', null, 'Crooks', '1994-08-31 00:00:00', 'F', '946');
INSERT INTO "public"."person" VALUES ('947', 'Pearlene', null, 'Fortenberry', '1991-10-03 00:00:00', 'F', '947');
INSERT INTO "public"."person" VALUES ('948', 'Shin', null, 'Serrano', '1965-07-12 00:00:00', 'F', '948');
INSERT INTO "public"."person" VALUES ('949', 'Annmarie', null, 'Roberson', '1987-11-15 00:00:00', 'F', '949');
INSERT INTO "public"."person" VALUES ('950', 'Charla', null, 'Crosby', '1990-10-17 00:00:00', 'F', '950');
INSERT INTO "public"."person" VALUES ('951', 'Johanne', null, 'Benoit', '1995-02-03 00:00:00', 'F', '951');
INSERT INTO "public"."person" VALUES ('952', 'Lauretta', null, 'Mcclung', '1993-05-03 00:00:00', 'F', '952');
INSERT INTO "public"."person" VALUES ('953', 'Anthony', null, 'Turley', '1946-10-09 00:00:00', 'F', '953');
INSERT INTO "public"."person" VALUES ('954', 'Hanh', null, 'Chavis', '1996-04-11 00:00:00', 'F', '954');
INSERT INTO "public"."person" VALUES ('955', 'Marvella', null, 'Kitchens', '1998-04-03 00:00:00', 'F', '955');
INSERT INTO "public"."person" VALUES ('956', 'Pearlie', null, 'Sessions', '1991-07-28 00:00:00', 'F', '956');
INSERT INTO "public"."person" VALUES ('957', 'John', null, 'Noyes', '1991-06-05 00:00:00', 'F', '957');
INSERT INTO "public"."person" VALUES ('958', 'Marvis', null, 'Benson', '1995-10-14 00:00:00', 'F', '958');
INSERT INTO "public"."person" VALUES ('959', 'Charleen', null, 'Fortier', '1955-03-28 00:00:00', 'F', '959');
INSERT INTO "public"."person" VALUES ('960', 'Pearline', null, 'Turnbull', '1959-06-11 00:00:00', 'F', '960');
INSERT INTO "public"."person" VALUES ('961', 'Earline', null, 'Cheatham', '1988-12-31 00:00:00', 'F', '961');
INSERT INTO "public"."person" VALUES ('962', 'Laurette', null, 'Robert', '1991-08-03 00:00:00', 'F', '962');
INSERT INTO "public"."person" VALUES ('963', 'Marx', null, 'Hargis', '1988-06-01 00:00:00', 'F', '963');
INSERT INTO "public"."person" VALUES ('964', 'Antionette', null, 'Nugent', '1989-12-14 00:00:00', 'F', '964');
INSERT INTO "public"."person" VALUES ('965', 'Hanna', null, 'Roberts', '1982-12-03 00:00:00', 'F', '965');
INSERT INTO "public"."person" VALUES ('966', 'Pearly', null, 'Bentley', '1989-10-24 00:00:00', 'F', '966');
INSERT INTO "public"."person" VALUES ('967', 'Verna', null, 'Cross', '1985-09-01 00:00:00', 'F', '967');
INSERT INTO "public"."person" VALUES ('968', 'Mary', null, 'Cheek', '1992-01-06 00:00:00', 'F', '968');
INSERT INTO "public"."person" VALUES ('969', 'Earnestine', null, 'Fortin', '1956-09-10 00:00:00', 'F', '969');
INSERT INTO "public"."person" VALUES ('970', 'Peggie', null, 'Numbers', '1996-04-10 00:00:00', 'F', '970');
INSERT INTO "public"."person" VALUES ('971', 'Marya', null, 'Robertson', '1990-08-20 00:00:00', 'F', '971');
INSERT INTO "public"."person" VALUES ('972', 'Shira', null, 'Settle', '1986-03-17 00:00:00', 'F', '972');
INSERT INTO "public"."person" VALUES ('973', 'Peggy', null, 'Benton', '1991-06-01 00:00:00', 'F', '973');
INSERT INTO "public"."person" VALUES ('974', 'Hannah', null, 'Klein', '1972-08-24 00:00:00', 'F', '974');
INSERT INTO "public"."person" VALUES ('975', 'Eartha', null, 'Croteau', '1979-01-15 00:00:00', 'F', '975');
INSERT INTO "public"."person" VALUES ('976', 'Johna', null, 'Fortner', '1988-06-23 00:00:00', 'F', '976');
INSERT INTO "public"."person" VALUES ('977', 'Vernell', null, 'Nunes', '1969-10-12 00:00:00', 'F', '977');
INSERT INTO "public"."person" VALUES ('978', 'Charlena', null, 'Robinette', '1990-02-20 00:00:00', 'F', '978');
INSERT INTO "public"."person" VALUES ('979', 'Lauri', null, 'Nunez', '1996-10-28 00:00:00', 'F', '979');
INSERT INTO "public"."person" VALUES ('980', 'Antoinette', null, 'Hargrove', '1991-07-10 00:00:00', 'F', '980');
INSERT INTO "public"."person" VALUES ('981', 'Johnetta', null, 'Turner', '1948-06-19 00:00:00', 'F', '981');
INSERT INTO "public"."person" VALUES ('982', 'Maryalice', null, 'Robins', '1991-07-15 00:00:00', 'F', '982');
INSERT INTO "public"."person" VALUES ('983', 'Shirely', null, 'Severson', '1946-01-08 00:00:00', 'F', '983');
INSERT INTO "public"."person" VALUES ('984', 'Hannelore', null, 'Crouch', '1992-11-08 00:00:00', 'F', '984');
INSERT INTO "public"."person" VALUES ('985', 'Charlene', null, 'Nunley', '1956-10-12 00:00:00', 'F', '985');
INSERT INTO "public"."person" VALUES ('986', 'Vernetta', null, 'Kline', '1986-08-05 00:00:00', 'F', '986');
INSERT INTO "public"."person" VALUES ('987', 'Antonetta', null, 'Chen', '1986-08-05 00:00:00', 'F', '987');
INSERT INTO "public"."person" VALUES ('988', 'Easter', null, 'Robinson', '1986-01-10 00:00:00', 'F', '988');
INSERT INTO "public"."person" VALUES ('989', 'Harmony', null, 'Nunn', '1998-04-15 00:00:00', 'F', '989');
INSERT INTO "public"."person" VALUES ('990', 'Laurice', null, 'Turney', '1989-07-16 00:00:00', 'F', '990');
INSERT INTO "public"."person" VALUES ('991', 'Eboni', null, 'Berg', '1996-01-15 00:00:00', 'F', '991');
INSERT INTO "public"."person" VALUES ('992', 'Penelope', null, 'Seward', '1989-03-18 00:00:00', 'F', '992');
INSERT INTO "public"."person" VALUES ('993', 'Shirl', null, 'Harkins', '1992-10-27 00:00:00', 'F', '993');
INSERT INTO "public"."person" VALUES ('994', 'Harold', null, 'Fortune', '1997-11-12 00:00:00', 'F', '994');
INSERT INTO "public"."person" VALUES ('995', 'Maryam', null, 'Crouse', '1996-03-07 00:00:00', 'F', '995');
INSERT INTO "public"."person" VALUES ('996', 'Charles', null, 'Robison', '1991-11-13 00:00:00', 'F', '996');
INSERT INTO "public"."person" VALUES ('997', 'Penney', null, 'Klinger', '1989-08-17 00:00:00', 'F', '997');
INSERT INTO "public"."person" VALUES ('998', 'Maryann', null, 'Turpin', '1989-06-29 00:00:00', 'F', '998');
INSERT INTO "public"."person" VALUES ('999', 'Johnette', null, 'Nutt', '1986-01-03 00:00:00', 'F', '999');
INSERT INTO "public"."person" VALUES ('1000', 'Laurie', null, 'Harlan', '1986-01-28 00:00:00', 'F', '1000');

-- ----------------------------
-- Table structure for person_has_ep_set
-- ----------------------------
DROP TABLE IF EXISTS "public"."person_has_ep_set";
CREATE TABLE "public"."person_has_ep_set" (
"person_id" int4 NOT NULL,
"ep_set_id" int4 NOT NULL
)
WITH (OIDS=FALSE)

;

-- ----------------------------
-- Records of person_has_ep_set
-- ----------------------------

-- ----------------------------
-- Table structure for student
-- ----------------------------
DROP TABLE IF EXISTS "public"."student";
CREATE TABLE "public"."student" (
"student_id" int4 DEFAULT nextval('student_student_id_seq'::regclass) NOT NULL,
"person_id" int4 NOT NULL,
"scholarship" numeric(8,2) NOT NULL
)
WITH (OIDS=FALSE)

;

-- ----------------------------
-- Records of student
-- ----------------------------
INSERT INTO "public"."student" VALUES ('1', '1', '15000.00');
INSERT INTO "public"."student" VALUES ('2', '2', '10000.00');
INSERT INTO "public"."student" VALUES ('3', '3', '24000.00');
INSERT INTO "public"."student" VALUES ('4', '4', '10000.00');
INSERT INTO "public"."student" VALUES ('5', '5', '12000.00');
INSERT INTO "public"."student" VALUES ('6', '6', '15000.00');
INSERT INTO "public"."student" VALUES ('7', '7', '40000.00');
INSERT INTO "public"."student" VALUES ('8', '8', '12000.00');
INSERT INTO "public"."student" VALUES ('9', '9', '24000.00');
INSERT INTO "public"."student" VALUES ('10', '10', '40000.00');

-- ----------------------------
-- Table structure for transaction
-- ----------------------------
DROP TABLE IF EXISTS "public"."transaction";
CREATE TABLE "public"."transaction" (
"transaction_id" int4 DEFAULT nextval('transaction_transaction_id_seq'::regclass) NOT NULL,
"transaction_type_id" int4 NOT NULL,
"amount" numeric(8,2) NOT NULL,
"account_id" int4 NOT NULL,
"date_time" timestamp(6) NOT NULL,
"description" varchar(255) COLLATE "default"
)
WITH (OIDS=FALSE)

;

-- ----------------------------
-- Records of transaction
-- ----------------------------
INSERT INTO "public"."transaction" VALUES ('1', '1', '2000.00', '5', '2016-03-16 02:00:01', 'Payed');
INSERT INTO "public"."transaction" VALUES ('2', '1', '10000.00', '6', '2016-03-20 12:00:01', 'Payed');
INSERT INTO "public"."transaction" VALUES ('3', '2', '60000.00', '1', '2016-03-21 06:45:00', 'Payed');
INSERT INTO "public"."transaction" VALUES ('4', '1', '2000.00', '3', '2016-04-04 04:00:00', 'Payed');
INSERT INTO "public"."transaction" VALUES ('5', '2', '120000.00', '2', '2016-03-16 02:00:01', 'Payed');

-- ----------------------------
-- Table structure for transaction_type
-- ----------------------------
DROP TABLE IF EXISTS "public"."transaction_type";
CREATE TABLE "public"."transaction_type" (
"transaction_type_id" int4 DEFAULT nextval('transaction_type_transaction_type_id_seq'::regclass) NOT NULL,
"type_name" varchar(50) COLLATE "default" NOT NULL
)
WITH (OIDS=FALSE)

;

-- ----------------------------
-- Records of transaction_type
-- ----------------------------
INSERT INTO "public"."transaction_type" VALUES ('1', 'Rental Fee');
INSERT INTO "public"."transaction_type" VALUES ('2', 'Tuition Fee');
INSERT INTO "public"."transaction_type" VALUES ('3', 'Salary');

-- ----------------------------
-- Table structure for users
-- ----------------------------
DROP TABLE IF EXISTS "public"."users";
CREATE TABLE "public"."users" (
"users_id" int4 DEFAULT nextval('users_users_id_seq'::regclass) NOT NULL,
"login" varchar(50) COLLATE "default" NOT NULL,
"password" varchar(25) COLLATE "default" NOT NULL,
"session_key" varchar(255) COLLATE "default"
)
WITH (OIDS=FALSE)

;

-- ----------------------------
-- Records of users
-- ----------------------------

-- ----------------------------
-- Table structure for users_has_permission_set
-- ----------------------------
DROP TABLE IF EXISTS "public"."users_has_permission_set";
CREATE TABLE "public"."users_has_permission_set" (
"users_id" int4 NOT NULL,
"permission_set_id" int4 NOT NULL
)
WITH (OIDS=FALSE)

;

-- ----------------------------
-- Records of users_has_permission_set
-- ----------------------------

-- ----------------------------
-- View structure for apartment_occupation
-- ----------------------------
CREATE OR REPLACE VIEW "public"."apartment_occupation" AS 
 SELECT count(li.person_id) AS beds_occupied,
    a.apartment_number,
    a.building_id,
    at.beds,
    (at.beds - count(li.person_id)) AS free_beds
   FROM ((apartment a
     LEFT JOIN lives_in li ON (((li.building_id = a.building_id) AND (li.apartment_number = a.apartment_number))))
     JOIN apartment_type at ON ((a.apartment_type_id = at.apartment_type_id)))
  GROUP BY a.apartment_number, a.building_id, at.beds;

-- ----------------------------
-- View structure for apartments_for_female_employee
-- ----------------------------
CREATE OR REPLACE VIEW "public"."apartments_for_female_employee" AS 
 SELECT awfb.beds_occupied,
    awfb.apartment_number,
    awfb.building_id,
    awfb.beds,
    awfb.free_beds
   FROM apartments_with_free_beds awfb
  WHERE ((NOT (EXISTS ( SELECT 1
           FROM apartments_with_male_persons awmp
          WHERE ((awfb.apartment_number = awmp.apartment_number) AND (awfb.building_id = awmp.building_id))))) AND (NOT (EXISTS ( SELECT 1
           FROM apartments_with_students aws
          WHERE ((awfb.apartment_number = aws.apartment_number) AND (awfb.building_id = aws.building_id))))));

-- ----------------------------
-- View structure for apartments_for_female_students
-- ----------------------------
CREATE OR REPLACE VIEW "public"."apartments_for_female_students" AS 
 SELECT awfb.beds_occupied,
    awfb.apartment_number,
    awfb.building_id,
    awfb.beds,
    awfb.free_beds
   FROM apartments_with_free_beds awfb
  WHERE ((NOT (EXISTS ( SELECT 1
           FROM apartments_with_male_persons awmp
          WHERE ((awfb.apartment_number = awmp.apartment_number) AND (awfb.building_id = awmp.building_id))))) AND (NOT (EXISTS ( SELECT 1
           FROM apartments_with_employee awe
          WHERE ((awfb.apartment_number = awe.apartment_number) AND (awfb.building_id = awe.building_id))))));

-- ----------------------------
-- View structure for apartments_for_male_employee
-- ----------------------------
CREATE OR REPLACE VIEW "public"."apartments_for_male_employee" AS 
 SELECT awfb.beds_occupied,
    awfb.apartment_number,
    awfb.building_id,
    awfb.beds,
    awfb.free_beds
   FROM apartments_with_free_beds awfb
  WHERE ((NOT (EXISTS ( SELECT 1
           FROM apartments_with_female_persons awfp
          WHERE ((awfb.apartment_number = awfp.apartment_number) AND (awfb.building_id = awfp.building_id))))) AND (NOT (EXISTS ( SELECT 1
           FROM apartments_with_students aws
          WHERE ((awfb.apartment_number = aws.apartment_number) AND (awfb.building_id = aws.building_id))))));

-- ----------------------------
-- View structure for apartments_for_male_students
-- ----------------------------
CREATE OR REPLACE VIEW "public"."apartments_for_male_students" AS 
 SELECT awfb.beds_occupied,
    awfb.apartment_number,
    awfb.building_id,
    awfb.beds,
    awfb.free_beds
   FROM apartments_with_free_beds awfb
  WHERE ((NOT (EXISTS ( SELECT 1
           FROM apartments_with_female_persons awfp
          WHERE ((awfb.apartment_number = awfp.apartment_number) AND (awfb.building_id = awfp.building_id))))) AND (NOT (EXISTS ( SELECT 1
           FROM apartments_with_employee awe
          WHERE ((awfb.apartment_number = awe.apartment_number) AND (awfb.building_id = awe.building_id))))));

-- ----------------------------
-- View structure for apartments_with_employee
-- ----------------------------
CREATE OR REPLACE VIEW "public"."apartments_with_employee" AS 
 SELECT a.apartment_number,
    a.building_id
   FROM (((apartment a
     JOIN lives_in li ON (((a.building_id = li.building_id) AND (a.apartment_number = li.apartment_number))))
     JOIN person p ON ((li.person_id = p.person_id)))
     JOIN employee e ON ((li.person_id = e.person_id)));

-- ----------------------------
-- View structure for apartments_with_female_persons
-- ----------------------------
CREATE OR REPLACE VIEW "public"."apartments_with_female_persons" AS 
 SELECT a.apartment_number,
    a.building_id
   FROM ((apartment a
     JOIN lives_in li ON (((a.building_id = li.building_id) AND (a.apartment_number = li.apartment_number))))
     JOIN person p ON ((li.person_id = p.person_id)))
  WHERE (p.gender = 'F'::bpchar);

-- ----------------------------
-- View structure for apartments_with_free_beds
-- ----------------------------
CREATE OR REPLACE VIEW "public"."apartments_with_free_beds" AS 
 SELECT apartment_occupation.beds_occupied,
    apartment_occupation.apartment_number,
    apartment_occupation.building_id,
    apartment_occupation.beds,
    apartment_occupation.free_beds
   FROM apartment_occupation
  WHERE (apartment_occupation.free_beds > 0);

-- ----------------------------
-- View structure for apartments_with_male_persons
-- ----------------------------
CREATE OR REPLACE VIEW "public"."apartments_with_male_persons" AS 
 SELECT a.apartment_number,
    a.building_id
   FROM ((apartment a
     JOIN lives_in li ON (((a.building_id = li.building_id) AND (a.apartment_number = li.apartment_number))))
     JOIN person p ON ((li.person_id = p.person_id)))
  WHERE (p.gender = 'M'::bpchar);

-- ----------------------------
-- View structure for apartments_with_students
-- ----------------------------
CREATE OR REPLACE VIEW "public"."apartments_with_students" AS 
 SELECT a.apartment_number,
    a.building_id
   FROM (((apartment a
     JOIN lives_in li ON (((a.building_id = li.building_id) AND (a.apartment_number = li.apartment_number))))
     JOIN person p ON ((li.person_id = p.person_id)))
     JOIN student s ON ((li.person_id = s.person_id)));

-- ----------------------------
-- View structure for employees_without_apartments
-- ----------------------------
CREATE OR REPLACE VIEW "public"."employees_without_apartments" AS 
 SELECT p.person_id,
    p.first_name,
    p.middle_name,
    p.family_name,
    p.date_of_birth,
    p.gender
   FROM ((person p
     JOIN employee e ON ((p.person_id = e.person_id)))
     LEFT JOIN lives_in li ON ((p.person_id = li.person_id)))
  WHERE (li.apartment_number IS NULL);

-- ----------------------------
-- View structure for female_employee_apartment_distribution
-- ----------------------------
CREATE OR REPLACE VIEW "public"."female_employee_apartment_distribution" AS 
 SELECT ewa.person_id,
    ewa.first_name,
    ewa.middle_name,
    ewa.family_name,
    ewa.date_of_birth,
    ewa.gender,
    affe.beds_occupied,
    affe.apartment_number,
    affe.building_id,
    affe.beds,
    affe.free_beds
   FROM employees_without_apartments ewa,
    apartments_for_female_employee affe
  WHERE (ewa.gender = 'F'::bpchar);

-- ----------------------------
-- View structure for female_students_apartment_distribution
-- ----------------------------
CREATE OR REPLACE VIEW "public"."female_students_apartment_distribution" AS 
 SELECT swa.person_id,
    swa.first_name,
    swa.middle_name,
    swa.family_name,
    swa.date_of_birth,
    swa.gender,
    affs.beds_occupied,
    affs.apartment_number,
    affs.building_id,
    affs.beds,
    affs.free_beds
   FROM students_without_apartment swa,
    apartments_for_female_students affs
  WHERE (swa.gender = 'F'::bpchar);

-- ----------------------------
-- View structure for male_employee_apartment_distribution
-- ----------------------------
CREATE OR REPLACE VIEW "public"."male_employee_apartment_distribution" AS 
 SELECT ewa.person_id,
    ewa.first_name,
    ewa.middle_name,
    ewa.family_name,
    ewa.date_of_birth,
    ewa.gender,
    afme.beds_occupied,
    afme.apartment_number,
    afme.building_id,
    afme.beds,
    afme.free_beds
   FROM employees_without_apartments ewa,
    apartments_for_male_employee afme
  WHERE (ewa.gender = 'M'::bpchar);

-- ----------------------------
-- View structure for male_students_apartment_distribution
-- ----------------------------
CREATE OR REPLACE VIEW "public"."male_students_apartment_distribution" AS 
 SELECT swa.person_id,
    swa.first_name,
    swa.middle_name,
    swa.family_name,
    swa.date_of_birth,
    swa.gender,
    afms.beds_occupied,
    afms.apartment_number,
    afms.building_id,
    afms.beds,
    afms.free_beds
   FROM students_without_apartment swa,
    apartments_for_male_students afms
  WHERE (swa.gender = 'M'::bpchar);

-- ----------------------------
-- View structure for students_without_apartment
-- ----------------------------
CREATE OR REPLACE VIEW "public"."students_without_apartment" AS 
 SELECT p.person_id,
    p.first_name,
    p.middle_name,
    p.family_name,
    p.date_of_birth,
    p.gender
   FROM ((person p
     JOIN student s ON ((p.person_id = s.person_id)))
     LEFT JOIN lives_in li ON ((p.person_id = li.person_id)))
  WHERE (li.apartment_number IS NULL);

-- ----------------------------
-- Alter Sequences Owned By 
-- ----------------------------
ALTER SEQUENCE "public"."account_account_id_seq" OWNED BY "account"."account_id";
ALTER SEQUENCE "public"."action_action_id_seq" OWNED BY "action"."action_id";
ALTER SEQUENCE "public"."apartment_type_apartment_type_id_seq" OWNED BY "apartment_type"."apartment_type_id";
ALTER SEQUENCE "public"."building_building_id_seq" OWNED BY "building"."building_id";
ALTER SEQUENCE "public"."document_document_id_seq" OWNED BY "document"."document_id";
ALTER SEQUENCE "public"."document_type_document_type_id_seq" OWNED BY "document_type"."document_type_id";
ALTER SEQUENCE "public"."employee_employee_id_seq" OWNED BY "employee"."employee_id";
ALTER SEQUENCE "public"."employee_role_employee_role_id_seq" OWNED BY "employee_role"."employee_role_id";
ALTER SEQUENCE "public"."entry_check_machine_ecm_id_seq" OWNED BY "entry_check_machine"."ecm_id";
ALTER SEQUENCE "public"."entry_permission_entry_permission_id_seq" OWNED BY "entry_permission"."entry_permission_id";
ALTER SEQUENCE "public"."entry_permission_set_ep_set_id_seq" OWNED BY "entry_permission_set"."ep_set_id";
ALTER SEQUENCE "public"."guest_guest_id_seq" OWNED BY "guest"."guest_id";
ALTER SEQUENCE "public"."operations_log_id_seq" OWNED BY "operations_log"."id";
ALTER SEQUENCE "public"."permission_set_permission_set_id_seq" OWNED BY "permission_set"."permission_set_id";
ALTER SEQUENCE "public"."person_person_id_seq" OWNED BY "person"."person_id";
ALTER SEQUENCE "public"."student_student_id_seq" OWNED BY "student"."student_id";
ALTER SEQUENCE "public"."transaction_transaction_id_seq" OWNED BY "transaction"."transaction_id";
ALTER SEQUENCE "public"."transaction_type_transaction_type_id_seq" OWNED BY "transaction_type"."transaction_type_id";
ALTER SEQUENCE "public"."users_users_id_seq" OWNED BY "users"."users_id";

-- ----------------------------
-- Uniques structure for table account
-- ----------------------------
ALTER TABLE "public"."account" ADD UNIQUE ("person_id") DEFERRABLE;

-- ----------------------------
-- Primary Key structure for table account
-- ----------------------------
ALTER TABLE "public"."account" ADD PRIMARY KEY ("account_id");

-- ----------------------------
-- Uniques structure for table action
-- ----------------------------
ALTER TABLE "public"."action" ADD UNIQUE ("action_name") DEFERRABLE;

-- ----------------------------
-- Primary Key structure for table action
-- ----------------------------
ALTER TABLE "public"."action" ADD PRIMARY KEY ("action_id");

-- ----------------------------
-- Primary Key structure for table apartment
-- ----------------------------
ALTER TABLE "public"."apartment" ADD PRIMARY KEY ("building_id", "apartment_number");

-- ----------------------------
-- Uniques structure for table apartment_type
-- ----------------------------
ALTER TABLE "public"."apartment_type" ADD UNIQUE ("type_name") DEFERRABLE;

-- ----------------------------
-- Primary Key structure for table apartment_type
-- ----------------------------
ALTER TABLE "public"."apartment_type" ADD PRIMARY KEY ("apartment_type_id");

-- ----------------------------
-- Primary Key structure for table building
-- ----------------------------
ALTER TABLE "public"."building" ADD PRIMARY KEY ("building_id");

-- ----------------------------
-- Primary Key structure for table document
-- ----------------------------
ALTER TABLE "public"."document" ADD PRIMARY KEY ("document_id");

-- ----------------------------
-- Uniques structure for table document_type
-- ----------------------------
ALTER TABLE "public"."document_type" ADD UNIQUE ("type_name") DEFERRABLE;

-- ----------------------------
-- Primary Key structure for table document_type
-- ----------------------------
ALTER TABLE "public"."document_type" ADD PRIMARY KEY ("document_type_id");

-- ----------------------------
-- Uniques structure for table employee
-- ----------------------------
ALTER TABLE "public"."employee" ADD UNIQUE ("person_id") DEFERRABLE;

-- ----------------------------
-- Primary Key structure for table employee
-- ----------------------------
ALTER TABLE "public"."employee" ADD PRIMARY KEY ("employee_id");

-- ----------------------------
-- Uniques structure for table employee_role
-- ----------------------------
ALTER TABLE "public"."employee_role" ADD UNIQUE ("role_name") DEFERRABLE;

-- ----------------------------
-- Primary Key structure for table employee_role
-- ----------------------------
ALTER TABLE "public"."employee_role" ADD PRIMARY KEY ("employee_role_id");

-- ----------------------------
-- Primary Key structure for table entry_check_machine
-- ----------------------------
ALTER TABLE "public"."entry_check_machine" ADD PRIMARY KEY ("ecm_id");

-- ----------------------------
-- Uniques structure for table entry_permission
-- ----------------------------
ALTER TABLE "public"."entry_permission" ADD UNIQUE ("permission_name") DEFERRABLE;

-- ----------------------------
-- Primary Key structure for table entry_permission
-- ----------------------------
ALTER TABLE "public"."entry_permission" ADD PRIMARY KEY ("entry_permission_id");

-- ----------------------------
-- Uniques structure for table entry_permission_set
-- ----------------------------
ALTER TABLE "public"."entry_permission_set" ADD UNIQUE ("set_name") DEFERRABLE;

-- ----------------------------
-- Primary Key structure for table entry_permission_set
-- ----------------------------
ALTER TABLE "public"."entry_permission_set" ADD PRIMARY KEY ("ep_set_id");

-- ----------------------------
-- Primary Key structure for table ep_set_has_ep
-- ----------------------------
ALTER TABLE "public"."ep_set_has_ep" ADD PRIMARY KEY ("entry_permission_id", "ep_set_id");

-- ----------------------------
-- Uniques structure for table guest
-- ----------------------------
ALTER TABLE "public"."guest" ADD UNIQUE ("person_id") DEFERRABLE;

-- ----------------------------
-- Primary Key structure for table guest
-- ----------------------------
ALTER TABLE "public"."guest" ADD PRIMARY KEY ("guest_id");

-- ----------------------------
-- Primary Key structure for table guest_to_person
-- ----------------------------
ALTER TABLE "public"."guest_to_person" ADD PRIMARY KEY ("guest_id", "person_id", "date_time_start");

-- ----------------------------
-- Primary Key structure for table in_out
-- ----------------------------
ALTER TABLE "public"."in_out" ADD PRIMARY KEY ("person_id", "ecm_id", "date_time");

-- ----------------------------
-- Primary Key structure for table lives_in
-- ----------------------------
ALTER TABLE "public"."lives_in" ADD PRIMARY KEY ("person_id");

-- ----------------------------
-- Primary Key structure for table operations_log
-- ----------------------------
ALTER TABLE "public"."operations_log" ADD PRIMARY KEY ("id");

-- ----------------------------
-- Primary Key structure for table p_set_has_p
-- ----------------------------
ALTER TABLE "public"."p_set_has_p" ADD PRIMARY KEY ("permission_set_id", "table_name", "action_id");

-- ----------------------------
-- Primary Key structure for table permission
-- ----------------------------
ALTER TABLE "public"."permission" ADD PRIMARY KEY ("table_name", "action_id");

-- ----------------------------
-- Uniques structure for table permission_set
-- ----------------------------
ALTER TABLE "public"."permission_set" ADD UNIQUE ("set_name") DEFERRABLE;

-- ----------------------------
-- Primary Key structure for table permission_set
-- ----------------------------
ALTER TABLE "public"."permission_set" ADD PRIMARY KEY ("permission_set_id");

-- ----------------------------
-- Uniques structure for table person
-- ----------------------------
ALTER TABLE "public"."person" ADD UNIQUE ("main_document_id") DEFERRABLE;

-- ----------------------------
-- Primary Key structure for table person
-- ----------------------------
ALTER TABLE "public"."person" ADD PRIMARY KEY ("person_id");

-- ----------------------------
-- Primary Key structure for table person_has_ep_set
-- ----------------------------
ALTER TABLE "public"."person_has_ep_set" ADD PRIMARY KEY ("person_id", "ep_set_id");

-- ----------------------------
-- Uniques structure for table student
-- ----------------------------
ALTER TABLE "public"."student" ADD UNIQUE ("person_id") DEFERRABLE;

-- ----------------------------
-- Primary Key structure for table student
-- ----------------------------
ALTER TABLE "public"."student" ADD PRIMARY KEY ("student_id");

-- ----------------------------
-- Primary Key structure for table transaction
-- ----------------------------
ALTER TABLE "public"."transaction" ADD PRIMARY KEY ("transaction_id");

-- ----------------------------
-- Uniques structure for table transaction_type
-- ----------------------------
ALTER TABLE "public"."transaction_type" ADD UNIQUE ("type_name") DEFERRABLE;

-- ----------------------------
-- Primary Key structure for table transaction_type
-- ----------------------------
ALTER TABLE "public"."transaction_type" ADD PRIMARY KEY ("transaction_type_id");

-- ----------------------------
-- Primary Key structure for table users
-- ----------------------------
ALTER TABLE "public"."users" ADD PRIMARY KEY ("users_id");

-- ----------------------------
-- Primary Key structure for table users_has_permission_set
-- ----------------------------
ALTER TABLE "public"."users_has_permission_set" ADD PRIMARY KEY ("users_id", "permission_set_id");

-- ----------------------------
-- Foreign Key structure for table "public"."account"
-- ----------------------------
ALTER TABLE "public"."account" ADD FOREIGN KEY ("person_id") REFERENCES "public"."person" ("person_id") ON DELETE RESTRICT ON UPDATE CASCADE DEFERRABLE;

-- ----------------------------
-- Foreign Key structure for table "public"."apartment"
-- ----------------------------
ALTER TABLE "public"."apartment" ADD FOREIGN KEY ("building_id") REFERENCES "public"."building" ("building_id") ON DELETE RESTRICT ON UPDATE CASCADE DEFERRABLE;
ALTER TABLE "public"."apartment" ADD FOREIGN KEY ("apartment_type_id") REFERENCES "public"."apartment_type" ("apartment_type_id") ON DELETE RESTRICT ON UPDATE CASCADE DEFERRABLE;

-- ----------------------------
-- Foreign Key structure for table "public"."document"
-- ----------------------------
ALTER TABLE "public"."document" ADD FOREIGN KEY ("document_type_id") REFERENCES "public"."document_type" ("document_type_id") ON DELETE RESTRICT ON UPDATE CASCADE DEFERRABLE;
ALTER TABLE "public"."document" ADD FOREIGN KEY ("person_id") REFERENCES "public"."person" ("person_id") ON DELETE RESTRICT ON UPDATE CASCADE DEFERRABLE;

-- ----------------------------
-- Foreign Key structure for table "public"."employee"
-- ----------------------------
ALTER TABLE "public"."employee" ADD FOREIGN KEY ("employee_role_id") REFERENCES "public"."employee_role" ("employee_role_id") ON DELETE RESTRICT ON UPDATE CASCADE DEFERRABLE;
ALTER TABLE "public"."employee" ADD FOREIGN KEY ("person_id") REFERENCES "public"."person" ("person_id") ON DELETE RESTRICT ON UPDATE CASCADE DEFERRABLE;

-- ----------------------------
-- Foreign Key structure for table "public"."entry_check_machine"
-- ----------------------------
ALTER TABLE "public"."entry_check_machine" ADD FOREIGN KEY ("building_id") REFERENCES "public"."building" ("building_id") ON DELETE RESTRICT ON UPDATE CASCADE DEFERRABLE;
ALTER TABLE "public"."entry_check_machine" ADD FOREIGN KEY ("entry_permission_id") REFERENCES "public"."entry_permission" ("entry_permission_id") ON DELETE RESTRICT ON UPDATE CASCADE DEFERRABLE;

-- ----------------------------
-- Foreign Key structure for table "public"."ep_set_has_ep"
-- ----------------------------
ALTER TABLE "public"."ep_set_has_ep" ADD FOREIGN KEY ("ep_set_id") REFERENCES "public"."entry_permission_set" ("ep_set_id") ON DELETE RESTRICT ON UPDATE CASCADE DEFERRABLE;
ALTER TABLE "public"."ep_set_has_ep" ADD FOREIGN KEY ("entry_permission_id") REFERENCES "public"."entry_permission" ("entry_permission_id") ON DELETE RESTRICT ON UPDATE CASCADE DEFERRABLE;

-- ----------------------------
-- Foreign Key structure for table "public"."guest"
-- ----------------------------
ALTER TABLE "public"."guest" ADD FOREIGN KEY ("person_id") REFERENCES "public"."person" ("person_id") ON DELETE RESTRICT ON UPDATE CASCADE DEFERRABLE;
ALTER TABLE "public"."guest" ADD FOREIGN KEY ("guest_to_person_id") REFERENCES "public"."person" ("person_id") ON DELETE RESTRICT ON UPDATE CASCADE DEFERRABLE;

-- ----------------------------
-- Foreign Key structure for table "public"."guest_to_person"
-- ----------------------------
ALTER TABLE "public"."guest_to_person" ADD FOREIGN KEY ("person_id") REFERENCES "public"."person" ("person_id") ON DELETE RESTRICT ON UPDATE CASCADE DEFERRABLE;
ALTER TABLE "public"."guest_to_person" ADD FOREIGN KEY ("guest_id") REFERENCES "public"."guest" ("guest_id") ON DELETE RESTRICT ON UPDATE CASCADE DEFERRABLE;

-- ----------------------------
-- Foreign Key structure for table "public"."in_out"
-- ----------------------------
ALTER TABLE "public"."in_out" ADD FOREIGN KEY ("person_id") REFERENCES "public"."person" ("person_id") ON DELETE RESTRICT ON UPDATE CASCADE DEFERRABLE;
ALTER TABLE "public"."in_out" ADD FOREIGN KEY ("ecm_id") REFERENCES "public"."entry_check_machine" ("ecm_id") ON DELETE RESTRICT ON UPDATE CASCADE DEFERRABLE;

-- ----------------------------
-- Foreign Key structure for table "public"."lives_in"
-- ----------------------------
ALTER TABLE "public"."lives_in" ADD FOREIGN KEY ("building_id", "apartment_number") REFERENCES "public"."apartment" ("building_id", "apartment_number") ON DELETE RESTRICT ON UPDATE CASCADE DEFERRABLE;
ALTER TABLE "public"."lives_in" ADD FOREIGN KEY ("person_id") REFERENCES "public"."person" ("person_id") ON DELETE RESTRICT ON UPDATE CASCADE DEFERRABLE;

-- ----------------------------
-- Foreign Key structure for table "public"."p_set_has_p"
-- ----------------------------
ALTER TABLE "public"."p_set_has_p" ADD FOREIGN KEY ("table_name", "action_id") REFERENCES "public"."permission" ("table_name", "action_id") ON DELETE RESTRICT ON UPDATE CASCADE DEFERRABLE;
ALTER TABLE "public"."p_set_has_p" ADD FOREIGN KEY ("permission_set_id") REFERENCES "public"."permission_set" ("permission_set_id") ON DELETE RESTRICT ON UPDATE CASCADE DEFERRABLE;

-- ----------------------------
-- Foreign Key structure for table "public"."permission"
-- ----------------------------
ALTER TABLE "public"."permission" ADD FOREIGN KEY ("action_id") REFERENCES "public"."action" ("action_id") ON DELETE RESTRICT ON UPDATE CASCADE DEFERRABLE;

-- ----------------------------
-- Foreign Key structure for table "public"."person"
-- ----------------------------
ALTER TABLE "public"."person" ADD FOREIGN KEY ("main_document_id") REFERENCES "public"."document" ("document_id") ON DELETE RESTRICT ON UPDATE CASCADE DEFERRABLE;

-- ----------------------------
-- Foreign Key structure for table "public"."person_has_ep_set"
-- ----------------------------
ALTER TABLE "public"."person_has_ep_set" ADD FOREIGN KEY ("ep_set_id") REFERENCES "public"."entry_permission_set" ("ep_set_id") ON DELETE RESTRICT ON UPDATE CASCADE DEFERRABLE;
ALTER TABLE "public"."person_has_ep_set" ADD FOREIGN KEY ("person_id") REFERENCES "public"."person" ("person_id") ON DELETE RESTRICT ON UPDATE CASCADE DEFERRABLE;

-- ----------------------------
-- Foreign Key structure for table "public"."student"
-- ----------------------------
ALTER TABLE "public"."student" ADD FOREIGN KEY ("person_id") REFERENCES "public"."person" ("person_id") ON DELETE RESTRICT ON UPDATE CASCADE DEFERRABLE;

-- ----------------------------
-- Foreign Key structure for table "public"."transaction"
-- ----------------------------
ALTER TABLE "public"."transaction" ADD FOREIGN KEY ("transaction_type_id") REFERENCES "public"."transaction_type" ("transaction_type_id") ON DELETE RESTRICT ON UPDATE CASCADE DEFERRABLE;
ALTER TABLE "public"."transaction" ADD FOREIGN KEY ("account_id") REFERENCES "public"."account" ("account_id") ON DELETE RESTRICT ON UPDATE CASCADE DEFERRABLE;

-- ----------------------------
-- Foreign Key structure for table "public"."users_has_permission_set"
-- ----------------------------
ALTER TABLE "public"."users_has_permission_set" ADD FOREIGN KEY ("permission_set_id") REFERENCES "public"."permission_set" ("permission_set_id") ON DELETE RESTRICT ON UPDATE CASCADE DEFERRABLE;
ALTER TABLE "public"."users_has_permission_set" ADD FOREIGN KEY ("users_id") REFERENCES "public"."users" ("users_id") ON DELETE RESTRICT ON UPDATE CASCADE DEFERRABLE;
